NAME: ftv170
TYPE : ACVRP
COMMENT : COMMENT: Asymmetric TSP (Fischetti) with demands added, capacity=80, HP (asym_scale=1.0)
DIMENSION: 171
EDGE_WEIGHT_TYPE : EXPLICIT
EDGE_WEIGHT_FORMAT : FULL_MATRIX
CAPACITY : 80
EDGE_WEIGHT_SECTION
0.000000 7.164561 17.562084 16.847337 33.906121 50.323966 66.674196 43.635568 64.391358 58.727578 56.905804 73.654314 82.364205 81.358636 75.918069 91.539577 97.095717 90.007863 90.793738 76.580800 61.887320 73.657192 83.322834 90.568497 109.182488 106.349797 98.458137 102.453141 84.749360 87.372129 101.635714 93.209472 77.991969 101.153333 72.243736 77.004961 84.110482 61.312453 66.453514 76.521697 76.194077 100.879901 110.285166 95.016052 95.722022 89.047256 102.089978 103.372699 115.070348 31.269516 48.250327 61.345282 64.940607 85.181020 93.052902 104.159080 125.054365 129.912630 114.871299 83.471683 77.807833 82.536870 134.956836 102.439081 108.112382 99.301734 96.417383 88.516551 89.584970 78.336216 93.975901 62.305426 53.207166 27.270304 41.415114 56.016168 71.159426 15.446371 34.343522 28.383689 30.109746 19.703611 29.612483 60.693419 71.407521 88.656051 88.360633 77.830509 98.698544 76.724837 71.380826 89.989917 85.637753 68.191983 106.028317 100.723909 99.284342 85.435896 83.951647 96.314732 102.205239 116.169771 101.533320 104.315443 82.706879 70.278106 64.238820 57.280411 63.460434 50.566391 25.146734 27.557302 40.085549 71.050281 77.233781 65.765901 72.857049 72.581544 81.440735 102.028532 98.945819 104.847251 96.086429 117.645874 68.085410 58.413712 75.646886 66.878281 82.672115 89.131692 68.215857 72.406468 45.270224 52.770798 65.678617 83.787640 88.795123 100.482465 98.462342 100.774741 108.110250 79.839906 63.347045 84.926349 100.004647 127.092317 107.821124 74.683530 112.750927 84.455957 109.504310 84.776951 67.074069 107.960460 96.448997 99.685758 85.418380 92.098794 74.328578 92.457779 106.912173 103.514538 111.870332 104.396504 83.882597 100.503557 62.195323 99.081901 55.470547 58.990793 37.065046
13.902568 0.000000 10.397523 30.749905 43.807595 59.919222 76.575670 50.279817 71.035607 72.630146 66.807278 66.489752 75.199644 83.186515 78.780564 94.402072 94.852854 82.843301 83.629176 69.416239 54.722758 66.492631 76.158273 83.403935 102.017927 99.867141 91.293576 95.288580 77.584799 80.207567 94.471153 86.044910 70.827408 93.988772 65.079175 69.840400 76.945921 54.147891 59.288953 69.357136 69.029516 93.715340 120.682685 87.851491 88.557461 81.882695 94.925417 96.208138 107.905787 24.104954 41.085765 54.180720 57.776045 78.016459 85.888340 96.994519 120.157907 122.748069 107.706738 76.307121 70.643271 75.372309 127.792274 95.274520 100.947820 92.137172 89.252822 85.183764 82.420409 87.196155 92.231327 55.140864 46.042605 20.105743 34.250553 48.851606 64.641632 8.281810 27.178961 42.286258 37.678014 27.271878 29.052611 69.553358 80.267460 90.940415 86.616059 76.085935 111.318930 90.627406 85.283395 85.138964 78.473191 77.051921 98.863755 93.559348 106.852610 91.603908 76.787086 105.174671 111.065177 122.337783 108.442412 118.218012 93.716373 76.446118 73.098758 50.115849 72.320373 59.426329 34.006673 38.566797 47.790836 77.140190 74.991062 76.775396 83.866544 81.641482 90.500672 94.863971 107.543503 115.649527 109.988997 121.767659 81.987978 72.316280 68.482324 80.780850 96.574683 103.034260 71.061018 65.241907 52.975510 45.606237 63.265545 86.632801 102.697691 109.982917 101.335308 103.619903 108.280304 72.774872 77.249614 98.828918 113.907215 139.945942 120.674748 88.586098 105.586365 77.291396 108.892420 94.870174 80.976637 116.820398 91.598044 92.521197 78.253818 84.934232 67.164016 98.173637 117.005395 103.345789 125.772901 118.299072 89.972506 106.671569 73.204817 96.950949 48.305985 56.572761 29.900485
15.694675 3.935202 0.000000 25.088522 47.742797 49.521700 77.793915 54.215019 67.405641 66.968764 65.459180 70.424954 64.802121 78.882670 78.932352 87.634703 98.788056 86.778503 79.079930 73.351441 58.657960 70.427833 80.093475 87.339137 105.953129 89.469619 95.228778 99.223782 81.520001 84.087492 98.351077 89.980112 74.762610 97.923973 69.014377 73.775602 80.881122 58.083093 63.224155 73.292337 72.964718 97.650542 124.617887 91.786693 92.492663 85.817897 98.860619 100.143340 111.840989 28.040156 45.020967 58.115922 61.711247 81.951661 89.823542 100.929721 117.913160 126.683271 111.641940 80.242323 71.321508 67.470320 131.727476 99.209722 104.883022 96.072374 91.732569 88.709522 74.518420 91.131357 95.963716 59.076066 37.695706 24.040945 37.460774 52.786808 56.299527 12.217012 31.114162 44.078364 41.613216 31.207080 32.987813 73.488560 79.782876 93.703542 90.348448 79.818324 100.921407 90.200045 87.075501 74.741441 68.075669 74.506810 88.466233 97.135425 102.989988 88.040002 80.363163 98.963907 115.000379 118.773877 98.044889 113.264512 83.318851 80.381320 77.033960 54.051051 71.707359 53.493458 37.941874 28.169274 45.344194 78.643933 76.083184 66.377873 73.469021 85.576683 94.435874 98.799173 111.478704 105.459223 111.781104 125.343736 83.780085 74.108387 72.417526 82.572956 98.366790 104.826367 74.996220 69.177108 50.528868 49.541439 67.200747 90.568003 104.489798 109.417659 105.270509 107.555105 112.215505 70.630887 71.588231 93.167535 108.245832 142.786992 123.515799 82.924715 109.521567 81.226597 112.518593 95.021962 75.315254 114.275287 81.200521 96.456399 82.189020 88.869434 71.099218 91.406268 117.157183 107.280991 127.565007 120.091179 89.829979 103.107663 62.807295 92.515220 52.241187 46.175239 33.835687
73.790896 60.892536 58.096221 0.000000 26.441135 33.476629 53.109898 29.506910 50.262700 41.880241 49.440817 102.153286 95.438469 67.229978 61.789411 77.410919 82.967059 76.001346 89.707709 105.932641 88.845191 97.472626 97.887206 105.132869 129.282911 92.221139 113.022509 126.268576 123.662011 114.330000 113.236091 110.629220 95.689578 122.797653 113.489152 104.222869 109.104018 101.854391 117.448216 126.565995 126.425702 142.125317 167.611400 143.819916 123.970999 117.296233 133.419112 142.408437 150.186599 84.997490 101.978301 115.073256 118.668581 132.220926 146.780876 152.962944 160.756573 182.114940 168.599274 130.317104 121.266784 125.566542 187.159145 152.936195 161.840356 151.202639 142.248528 128.981067 127.089732 121.553760 145.618714 116.033400 87.640981 80.998279 76.940136 94.191219 54.784341 69.174346 88.071496 88.345303 82.495517 88.164414 89.945147 103.249236 107.109729 131.873595 135.025210 136.978471 141.024572 119.050866 113.706855 125.724727 123.828890 103.926793 143.570203 135.094486 115.801466 121.822541 134.509526 134.050453 137.469089 131.488785 113.380014 128.599637 105.893781 106.664751 107.456363 84.699729 100.310569 82.096668 68.364278 69.341285 86.516205 74.225390 108.764058 104.023207 84.703743 100.776918 109.636109 119.025427 122.761560 116.693945 137.510675 153.056097 112.422148 102.750450 92.643781 82.779181 109.787402 94.817925 102.170424 62.327106 81.603919 42.691436 48.831281 98.507966 99.705209 84.329137 81.615006 89.858082 91.262913 63.167968 46.499709 68.079013 83.157310 127.174564 107.903371 57.836193 96.490629 83.032244 94.743489 75.738109 50.226732 143.695270 123.808780 133.147466 126.663795 128.262673 99.322114 81.182484 97.873330 92.991167 143.115190 121.697722 84.583148 136.890202 103.979306 134.784109 109.198521 54.744358 90.793021
47.349762 35.590289 31.655087 47.861643 0.000000 17.885134 32.768074 9.729447 30.485236 29.151239 22.999683 84.622250 82.709467 47.452514 42.011948 57.633456 63.189595 56.223883 69.930245 86.155178 69.067728 77.695163 78.109743 85.355405 109.505448 72.443676 93.245046 106.491112 108.002015 94.552537 93.458627 90.851757 75.912115 103.020190 100.669464 105.430688 91.290890 82.076928 94.879242 104.947424 104.619805 123.690307 147.833936 123.441779 104.193536 97.518770 113.641649 122.630973 130.409135 59.695243 76.676054 89.771009 93.366334 112.443463 121.478629 132.584807 145.165078 158.338358 143.297027 103.875970 102.976595 99.125407 162.563656 130.864809 136.538109 127.727461 123.387656 113.389572 100.648598 105.962265 127.618803 90.731153 69.350792 55.696032 51.524962 75.424499 37.253305 43.872099 62.769249 67.521826 56.054382 62.862167 64.642900 88.319468 91.518234 116.282100 119.433715 111.473410 132.576494 116.565427 117.725531 106.396528 99.730755 88.335298 120.121320 118.851609 115.008650 105.579665 112.018250 119.510050 117.906691 123.644049 86.938880 102.158503 89.650904 90.421875 91.321709 69.108234 84.067693 65.853792 52.772782 48.715417 65.890337 57.982513 92.521182 86.924016 58.262608 74.335784 83.194974 101.148639 96.320426 90.252810 111.069540 126.614962 95.667058 89.737991 86.140145 87.300389 105.783762 104.958589 88.402104 46.084229 65.361042 26.448560 41.075073 103.973887 108.997438 96.827458 105.699104 110.240546 94.137554 45.933785 48.020314 69.599618 82.927203 128.695169 109.423976 81.920291 112.192058 84.552850 75.598189 58.101558 46.683613 128.103775 107.565903 128.111485 113.844107 119.210228 81.508986 61.405021 80.236779 90.099219 116.674055 116.306527 70.814829 120.647326 83.353438 118.645397 83.896274 39.152863 65.490774
48.463664 55.628225 66.025748 41.208554 67.649689 0.000000 52.926537 67.169283 73.341467 81.382427 90.649371 118.449814 96.438878 78.258168 84.868178 100.489686 106.045825 94.988749 110.716687 97.480541 107.682767 102.256772 108.915396 116.161059 137.782068 115.299906 124.050700 131.052721 132.621299 119.171821 132.873230 135.838167 114.919884 127.474769 108.321625 99.055342 116.833755 109.776116 107.547202 123.750230 124.657741 117.543955 144.511300 143.479716 136.815709 130.140943 146.263823 151.836363 148.645089 79.733180 96.713990 109.808946 113.404271 133.644684 141.516566 152.622744 127.279944 148.638311 155.090379 105.343954 106.351265 128.928536 153.682516 119.459566 128.517248 121.282109 108.771899 95.504438 119.977385 88.077131 114.091738 90.623584 84.221083 75.733968 80.204881 93.702324 84.038769 63.910035 75.566174 64.599120 73.072612 66.739718 78.076147 70.434334 73.633100 98.396966 101.548581 117.676341 118.428064 107.706702 104.874770 92.248098 90.352261 70.450164 110.247409 111.348303 97.123516 92.711158 107.982421 106.055647 103.992460 123.445034 104.564648 118.870711 82.147598 77.553368 73.979734 51.223100 73.201349 58.350485 34.887649 35.864657 53.039576 50.479207 80.055490 74.073256 75.888377 85.484247 79.587414 102.130795 105.022724 104.080646 119.771839 141.331284 92.595508 82.923810 75.964744 70.814389 108.898438 108.544813 71.916105 38.580923 57.857736 18.945253 26.785160 87.487887 112.181375 110.838003 102.190394 93.754546 108.922036 41.797012 80.358055 101.937359 119.376652 140.801028 121.529835 93.758690 112.504371 116.890590 102.217411 75.554193 75.975278 110.218641 98.707179 127.979939 121.496268 123.095146 119.715311 100.765134 97.689414 91.096745 132.239328 105.156490 54.328829 107.778819 70.502677 101.307480 103.934211 21.267729 85.528710
65.903649 55.827905 52.024591 77.113113 49.009440 66.894574 0.000000 15.570039 20.414930 32.090846 46.992879 92.363891 85.649074 37.382208 31.941641 47.563149 53.119289 48.572080 59.859939 76.084871 58.997421 67.624856 68.039436 75.285099 99.435141 62.373369 83.174740 96.420806 91.758859 78.309381 83.388321 82.911630 70.653388 95.080063 112.565297 105.088482 81.220584 72.006621 87.600446 100.125956 112.042524 113.620000 139.893810 113.972146 110.034128 103.359362 118.430967 127.861373 136.249728 79.932860 96.913671 110.008626 97.700004 118.284056 135.568415 123.115174 166.622952 172.428144 157.188685 132.135027 111.477388 119.494911 168.724943 151.102425 156.775726 141.413243 140.933433 138.893107 126.543011 135.195564 135.829318 106.821475 77.851586 75.933648 67.150741 84.401824 44.994946 64.109715 81.999802 94.287338 89.310162 78.904026 84.880517 106.307667 117.021769 145.515400 142.373039 131.842915 152.945998 142.224636 137.284475 126.766032 120.100260 111.465418 138.191853 149.160016 154.888168 130.188523 132.387754 145.419367 156.867023 138.398625 130.950988 142.238251 114.259763 115.030733 114.090421 105.943755 94.932220 105.518049 89.834578 80.193865 97.368784 82.591372 128.107775 112.389189 107.272048 117.596412 124.685876 131.506654 141.369496 136.310985 134.009236 155.568682 106.008218 96.336519 105.796439 111.909248 73.015687 84.726857 91.751932 93.022201 102.553459 75.458000 65.301395 89.823990 76.229364 75.645161 72.931030 81.174107 86.032975 55.797216 44.152189 58.463486 76.580067 122.687483 103.416290 49.152217 87.806653 80.684725 65.527882 40.394453 23.048741 151.233895 133.225112 128.319607 119.926304 109.139921 71.438679 51.334714 51.366428 66.464347 146.925487 136.359237 95.423688 145.256185 105.035052 139.078843 104.133891 77.226170 85.728390
66.244509 56.168766 52.365451 77.453973 49.350300 57.999202 82.118374 0.000000 20.755790 32.431706 47.333739 92.704751 85.989934 37.723068 32.282501 47.904009 53.460149 46.494436 60.200799 76.425731 59.338281 67.965716 68.380296 75.625959 99.776001 62.714229 83.515600 96.761666 98.272569 84.823090 83.729181 81.122310 66.182669 93.290743 112.906158 105.429342 81.561444 72.347481 87.941306 100.466816 112.852872 113.960860 138.104490 114.313006 94.464089 87.789323 103.912203 112.901527 120.679689 80.273720 97.254531 110.349486 98.040864 102.714017 134.870111 123.456034 155.098574 157.888150 157.529545 132.475887 111.818248 119.835771 162.932355 147.278196 156.335878 141.754103 136.590529 123.323068 126.883871 119.625525 128.661766 107.162335 78.192446 75.193043 67.491601 84.742684 45.335806 64.450576 82.340662 94.628198 89.651022 79.244886 85.221377 90.737628 101.451730 129.945360 133.096976 132.183775 143.873280 130.874126 125.530115 117.693314 115.797476 95.895379 122.621814 149.500876 139.402088 130.529383 132.728614 145.760227 156.892775 161.263259 136.274761 151.494384 114.600623 115.371593 114.431281 104.123415 79.362180 103.386847 90.175438 78.062663 95.237583 82.932232 117.759206 112.730049 107.612908 117.937272 126.796462 142.445918 136.973097 139.603110 151.722212 173.281657 129.908071 120.236373 116.064271 112.250108 144.179667 129.210189 113.351823 95.434529 100.422257 75.798860 84.784362 128.923606 136.455131 121.079058 135.338099 128.789155 104.642858 75.906723 72.271914 93.851218 93.432507 150.524275 133.675576 114.483359 108.649928 86.129725 65.868742 48.372111 59.079030 135.663856 124.152394 127.425678 117.091013 109.480781 71.779539 51.675574 70.507332 102.494637 166.009936 136.700097 95.764548 145.597045 89.465013 129.126110 104.474751 74.168044 86.069250
45.488719 35.412976 31.609661 56.698183 28.594510 46.479644 61.362585 38.323957 0.000000 11.675916 26.577950 71.948961 65.234144 16.967278 11.526711 27.148219 32.704359 28.157151 39.445009 55.669942 38.582491 47.209927 47.624506 54.870169 79.020211 41.958439 62.759810 76.005876 77.516779 64.067300 62.973391 62.496700 50.238459 74.665133 92.150368 84.673552 60.805654 51.591691 67.185517 79.711027 92.709567 93.205071 119.478880 93.557216 96.454024 89.779258 98.016037 107.446444 119.224649 59.517930 76.498741 89.593696 77.285074 100.722115 115.153485 102.700244 146.208022 152.013214 136.773756 111.720097 91.062459 99.079981 148.310013 130.687496 136.360796 120.998314 120.518503 120.319183 106.128081 122.609131 115.414389 86.406546 57.436656 55.518719 46.735811 63.986894 24.580016 43.694786 61.584872 73.872408 68.895232 58.489097 64.465587 104.966334 111.392537 125.313203 121.958109 111.427985 132.531068 121.809706 116.869545 106.351102 99.685330 105.993675 120.075894 128.745086 134.473239 109.773594 111.972824 125.004437 137.024825 140.507469 115.518971 130.738594 93.844833 94.615804 93.675491 85.528825 97.249736 85.103119 69.419648 59.778935 76.953855 62.176442 107.692845 91.974259 86.857118 97.181482 106.040673 121.690128 120.954567 118.847320 135.703681 155.195054 109.152282 99.480583 95.308481 91.494318 123.423877 108.454400 92.596034 74.678740 82.138529 55.043070 69.669583 108.167816 115.699341 100.323269 114.582309 108.033366 83.887068 55.150933 51.516124 73.095428 72.676717 129.768485 112.919786 93.727569 87.894138 80.576119 45.112952 27.616321 38.323241 145.762152 112.810182 107.904677 99.511374 88.724991 51.023749 30.919784 49.751542 81.738847 145.254146 115.944307 75.008758 124.841255 94.416956 118.663913 83.718961 56.811240 65.313461
33.812803 23.737059 19.933745 45.022267 25.430398 42.959214 49.963332 35.159845 55.915635 0.000000 14.902033 60.273045 53.558228 67.638777 67.442346 83.063854 88.619993 81.654281 67.836037 73.503078 70.929144 83.679999 92.364658 76.924391 107.225308 97.874074 84.814031 104.260850 95.136091 81.686613 95.950198 109.781970 87.033793 106.556170 88.816234 93.577459 83.478620 77.884951 83.026012 84.685753 84.545461 117.452399 144.097969 111.588550 104.208933 97.534167 110.441361 119.871768 130.424533 47.842014 64.822825 77.917780 81.513105 101.753518 109.625400 117.640812 137.846905 146.485128 131.443797 100.044181 79.386542 87.404065 151.529334 119.011579 124.684880 109.322397 108.842587 108.643267 94.452165 110.933214 103.738472 74.730629 45.760740 43.842802 35.059895 52.310978 12.904100 32.018869 49.908956 62.196492 57.219316 46.813180 52.789671 93.290417 99.716621 113.637287 110.282193 99.752069 120.855152 110.133790 105.193629 94.675186 88.009414 94.317758 108.399978 117.069170 122.797322 98.097677 100.296908 113.328521 125.348909 128.831553 103.843055 119.062678 82.168917 82.939887 81.999575 73.852909 91.641104 73.427203 57.743732 48.103019 65.277938 50.500526 96.016929 80.298343 83.693006 85.505566 94.364756 110.014212 109.278650 113.084658 124.027765 143.519138 97.476365 87.804667 83.632565 79.818402 116.484918 118.522647 80.920117 71.514627 70.462613 51.878958 66.505471 96.491900 118.186078 119.842016 111.194407 102.758559 117.926049 71.364183 73.450712 95.030016 108.357602 149.805041 130.533847 99.115549 97.195173 68.900203 100.501228 83.531956 72.114011 134.086235 101.134266 108.230350 97.246535 95.812424 83.370402 86.835419 86.691852 94.954597 133.578230 104.268391 63.332842 113.165339 82.741040 106.987997 72.043045 45.135324 53.637544
141.782222 127.879654 138.277176 152.502619 169.568781 185.979248 193.270928 159.401129 180.156919 182.986695 0.000000 67.390661 84.968866 80.366127 168.823486 113.388755 108.500142 94.749756 60.848178 73.616916 77.779932 80.099307 89.805560 84.042007 115.624603 106.620281 91.931648 101.881418 88.601476 75.151997 89.415582 108.197357 92.762419 113.673787 125.984227 121.098885 96.175404 88.017024 103.610849 118.908467 126.039735 137.910688 152.865937 149.420945 132.879357 126.204591 134.441370 143.871776 155.649982 118.658819 135.639630 148.734585 152.329910 163.891530 171.017214 158.563973 184.971900 200.052356 186.308004 158.338994 136.217143 147.281240 204.173742 180.404681 165.761814 181.401863 165.673188 168.520441 154.329339 175.128922 177.997809 131.561230 102.591341 112.846587 28.525279 52.424816 20.021716 128.406737 115.440591 125.699327 134.172819 143.032533 122.976799 182.487914 193.202016 185.448757 188.600372 179.348267 187.284052 208.141228 213.163048 198.163439 206.352845 189.986477 220.349843 218.645372 222.613265 182.823844 201.873110 198.054687 182.317906 202.250424 202.150877 217.370500 174.866136 192.072600 186.033314 177.995503 185.254929 172.360885 146.941228 163.910758 159.369049 171.132521 188.824490 198.635738 205.726886 201.766409 203.060075 222.743624 228.130683 229.873800 237.868651 220.569428 209.867632 200.195934 196.361978 196.607544 183.582274 168.612796 197.191800 193.121560 164.553724 173.485891 191.145198 188.865369 173.305921 157.929848 172.188889 188.417188 170.938038 184.660536 186.556451 169.435074 159.727687 206.573422 187.302229 190.014993 172.376949 160.255158 129.595762 156.703222 165.453003 209.414846 204.622519 149.724625 135.698955 102.930041 90.221190 110.069834 139.690700 174.106621 210.628521 212.999616 180.121984 197.891505 195.357761 172.326139 137.259628 171.466084 118.146608
127.604003 115.765842 126.163364 135.473945 143.150033 159.483240 129.144006 134.682176 117.654800 129.330717 7.923788 0.000000 19.522545 33.603094 129.181512 78.011929 69.239005 48.167208 17.139424 33.928833 38.089711 40.838170 50.544423 57.790086 73.189625 84.732301 58.795277 47.900094 59.351702 48.196125 62.459710 75.695952 53.501283 70.850124 86.581270 89.620630 60.312874 60.754503 76.348328 79.218247 86.027822 95.087025 115.663870 109.732863 104.292294 98.942070 107.178849 115.367316 127.145522 92.240071 107.709826 120.804781 116.568087 121.067867 131.329131 118.416343 147.198091 165.840473 147.046867 126.173438 133.326743 113.131142 152.265465 150.495708 157.138741 153.122066 137.393391 134.370344 120.179242 140.978824 150.960299 123.275981 99.700941 109.470356 36.449067 60.348604 27.945504 118.844104 112.550191 122.808927 131.282419 126.651406 120.086399 157.221668 167.819349 151.298660 154.450275 145.198169 143.575298 164.432474 176.791425 164.013342 171.049789 164.941883 172.143721 178.955152 188.923996 143.133624 162.182890 158.364467 176.804880 173.867499 188.405027 188.249494 171.975736 155.884746 149.845460 159.675447 159.039117 140.825217 137.065949 124.948866 115.660295 145.738701 167.492606 160.493252 167.584400 179.872150 175.272129 188.932094 197.814045 198.656845 211.892692 195.795093 183.891674 174.219975 162.550447 172.439138 180.964401 176.285654 141.567408 143.688644 110.457565 124.052974 138.609467 157.139191 167.788160 165.853636 159.862413 174.126292 135.872182 147.242408 140.467610 161.521316 156.821798 208.033880 191.181138 153.877388 133.115812 129.243008 90.334626 108.657242 119.364161 165.706091 170.472422 92.827789 98.728896 60.106377 50.530969 81.783494 100.429563 114.656373 190.550596 173.214815 158.571017 151.577905 159.586887 138.176042 110.252443 144.884563 98.035602
108.081458 97.522823 107.920345 123.717659 123.627488 139.960695 153.832302 122.591249 140.776234 136.416325 70.982546 63.058758 0.000000 14.080549 110.846132 68.491781 58.697262 30.811131 14.277809 29.480900 18.567166 31.318022 40.002681 47.248344 53.667080 65.209756 55.137984 60.113971 57.501454 44.051975 58.315561 63.063021 34.671816 66.419755 79.364369 70.098086 40.790329 42.511484 58.105309 59.695702 72.694242 87.070142 108.652761 105.284929 84.769749 80.699051 88.935830 98.366236 110.144442 72.717527 89.698337 102.793293 97.045542 120.482583 119.186805 105.789593 127.675546 147.011006 128.217401 123.311823 115.083724 110.269527 132.742920 143.887092 143.927750 140.171883 134.531776 131.508729 117.317627 138.117209 142.008303 103.753436 81.457922 89.947811 94.563309 63.240793 79.911814 99.321559 94.307171 104.565907 113.039400 116.109663 101.843380 151.874680 162.588783 148.437045 151.588660 142.336554 140.713683 161.570859 173.929809 161.151727 166.392665 151.763857 172.947928 159.432607 172.864023 123.611079 142.660345 138.841922 157.282335 154.344954 174.495350 178.729345 153.065852 154.935897 148.896611 140.152902 141.642595 123.428694 117.543404 105.426321 112.798680 136.218553 150.096084 143.634920 150.726068 166.799243 172.410514 186.070479 178.291500 179.134300 193.040614 180.355305 176.166868 166.495170 159.688832 165.536429 170.422659 156.763109 166.638145 145.088180 117.983354 131.578763 146.135257 167.590710 148.265615 161.024441 149.320670 165.548969 133.010567 133.541618 128.579097 145.092872 141.659799 194.723735 175.452542 155.014148 123.595664 119.722860 80.814477 105.381496 107.475649 162.844476 167.610807 73.305244 79.496049 68.709666 31.008425 72.263345 81.713346 111.506195 171.028051 160.315650 149.050869 138.678740 140.064342 129.224045 96.918558 136.859812 78.513057
116.766718 102.864150 113.261673 124.232628 136.919315 154.804448 169.687389 127.239017 147.994807 154.846595 87.735241 81.207679 100.730224 0.000000 127.987627 67.249638 49.351810 16.730582 32.708078 40.845821 38.806390 39.263448 30.657228 37.902891 69.698509 71.795697 45.792532 62.436909 66.744469 53.294990 60.765686 76.939894 49.171495 59.754917 77.194835 67.928552 61.029552 47.852811 50.440516 68.212556 81.211096 79.842134 104.568663 107.564712 79.709024 73.034258 89.157137 98.146462 105.924624 92.956750 76.273199 89.368154 97.147817 113.203893 105.106256 109.803481 147.239541 141.965985 129.492500 117.101342 120.425051 128.699797 135.853882 130.461954 142.696993 133.821032 146.839962 139.374892 133.482659 151.741928 147.349630 115.769138 86.799249 97.054495 99.904636 65.745761 91.755707 85.241010 99.648499 109.907235 117.170346 106.764211 106.011811 170.006366 177.361681 157.143148 165.040224 154.510100 159.143952 180.001129 187.427135 165.660132 167.933471 168.680134 179.637692 166.122371 179.553787 143.850302 149.350109 159.081145 177.521559 174.584177 190.278161 186.674772 156.381316 157.152286 173.134699 152.979999 159.689673 147.666782 134.459681 122.342598 131.228950 124.712925 170.339670 154.510742 161.601890 158.600682 167.459872 184.226611 171.121367 165.053751 185.870482 194.330682 171.688764 162.017066 157.844964 154.030801 157.652038 142.682560 155.132516 166.045831 136.413624 148.470387 154.725637 158.245257 134.185066 146.943892 139.975218 156.203516 138.789602 144.214133 130.127635 137.286638 127.579251 180.643186 161.371993 157.866556 131.541090 114.116042 88.759904 116.153941 124.617144 174.836206 172.119212 94.541741 86.513866 81.008740 51.247648 63.930717 98.854842 97.425646 191.267274 180.554873 137.545241 158.917963 156.980619 134.565372 108.540079 153.776089 89.427058
97.155503 87.079759 83.276445 78.705274 80.445486 89.094387 62.701572 31.095185 51.850975 63.342700 77.133115 73.419847 92.942392 5.440567 0.000000 15.621508 31.163643 16.630439 35.446472 44.143230 42.634051 35.683215 36.097795 43.343458 67.493500 30.431728 51.233098 64.479165 68.127774 54.678296 51.446680 50.969989 45.798099 63.138422 80.623656 73.146841 62.923659 40.064980 55.658805 73.430845 86.429385 81.678359 107.952168 112.783001 84.927313 78.252547 86.489326 95.919732 107.697938 69.011338 76.173057 89.268012 97.047674 113.103751 105.006114 112.370002 152.457830 141.865843 129.392357 117.001200 106.124004 124.867392 141.294449 130.361812 135.875411 131.858737 116.130062 134.354848 120.163747 136.398313 139.561799 82.018104 79.011418 86.241622 92.116805 61.186599 76.246799 90.681577 91.860667 102.119403 106.584266 110.155880 99.396876 121.832814 132.546916 146.718148 149.869764 150.929867 161.882346 161.969312 156.625301 148.788499 144.440297 126.990565 147.058102 133.542781 146.974197 134.554898 139.391199 135.446940 149.057063 142.146414 106.743795 121.963418 118.626138 119.397108 133.724170 135.218601 110.457366 124.703927 101.233407 109.157849 112.455556 86.957746 129.422824 109.425093 115.817735 121.962786 130.821977 121.448753 134.037610 142.234310 148.786725 146.419878 130.602357 120.930658 100.689778 116.275623 111.897166 96.927688 92.056011 75.059463 94.336276 106.894045 66.164862 107.627794 104.172630 88.796557 103.055598 96.506654 72.360357 43.624222 39.989413 61.568717 61.150006 118.241773 101.393075 82.200858 85.689165 70.944296 42.907979 16.089610 26.796529 166.759042 155.247579 96.377966 91.732155 85.651654 53.141754 19.393073 38.224831 70.212136 136.478971 144.536192 99.790062 149.622559 120.560198 126.777541 93.212369 105.263230 74.806868
96.841551 82.938983 93.336505 113.688888 114.456566 132.341700 124.957717 90.918094 91.560235 103.236151 90.052736 82.128947 92.232686 18.375374 88.221214 0.000000 19.238682 19.909556 32.280933 49.070343 45.913167 47.072440 49.032603 55.060548 51.871992 14.810220 41.020634 60.467452 69.864555 57.178368 56.327930 79.242247 50.851042 78.130291 95.570210 86.303926 68.136330 64.971743 68.815891 81.405427 94.403967 98.217509 122.944038 124.874372 98.084398 91.409632 107.532512 116.521836 124.299998 63.546604 79.452173 92.547129 97.217696 116.382867 108.285230 104.750020 150.284064 145.144959 132.671474 115.748772 110.084922 112.942432 150.189164 128.568299 131.073978 127.057304 111.328628 134.181634 119.990532 140.790114 150.771589 94.582514 98.415586 80.776889 94.921699 68.924735 108.874639 91.220793 103.495592 118.641320 117.378217 110.210861 111.031800 151.545943 154.570458 151.109950 154.261565 145.009459 158.716808 173.037330 168.222378 163.824632 161.412174 155.136079 169.230412 176.498331 186.010687 150.957080 159.726069 166.187923 175.216370 181.690955 155.547346 170.766969 163.948120 159.150275 153.110989 133.054832 152.336628 134.122727 116.945655 108.798544 125.973463 135.761296 157.930045 147.007143 154.098291 164.580464 170.990377 167.710878 166.688614 160.620999 181.437729 193.580231 164.662185 155.255263 149.916030 163.719833 136.776739 121.807261 141.282263 123.863013 131.158137 128.545220 111.576100 122.706328 113.309767 121.899782 136.158823 135.591327 129.222989 92.850474 96.703528 117.757234 124.895353 159.767887 140.496694 114.862493 83.617757 55.322788 48.993491 64.893160 75.600080 180.847601 170.283712 105.092738 101.205775 88.930771 58.354426 3.771565 59.088428 81.377182 184.005891 187.661651 148.593612 166.024741 143.436564 137.987332 87.747635 139.511744 69.342135
128.392441 116.608848 127.006371 145.239778 139.034442 156.919576 164.609995 138.665080 159.420870 147.194019 94.954313 87.030525 72.994003 87.074552 123.607547 72.057126 0.000000 16.535322 25.055502 41.844912 42.538934 34.883368 44.589621 51.835284 70.408664 81.951340 59.724924 63.679317 63.488814 53.878448 65.807576 60.003564 31.612359 63.218649 90.440742 93.851294 50.731490 61.597510 77.191335 79.110152 92.108692 87.455550 105.593304 117.648941 106.459843 99.785077 108.021855 109.661565 121.439770 93.028509 76.077940 89.172895 96.952557 113.008633 104.910997 121.403577 144.146590 141.770725 125.157944 116.906083 124.745267 93.703750 145.631674 130.266695 137.711348 133.625773 117.965999 114.942951 100.751850 121.551432 131.532907 124.064419 100.543947 105.964549 113.649335 65.550501 92.051296 109.986302 111.095880 123.651933 125.470796 120.696603 118.632088 150.956008 148.391957 131.871267 135.022883 125.770777 151.491376 160.044553 166.352952 144.585949 157.701371 145.514490 168.410420 183.404374 185.190694 147.582846 166.632112 162.813689 181.254103 178.316721 198.467117 182.294691 171.452290 160.540695 154.501409 164.222829 153.723023 140.828980 115.409323 138.280448 123.576373 139.783899 167.496370 168.409330 175.500478 174.788939 183.188208 187.949087 200.628619 202.368031 213.980054 204.327073 186.759738 177.088040 161.567440 169.101775 175.009599 174.460864 170.203490 161.992126 128.761048 142.356456 156.912950 172.177650 176.116091 163.972076 153.907610 169.501022 143.788260 146.303033 141.340512 157.854287 157.751446 212.170992 193.150297 137.479133 127.161009 123.288206 84.379823 118.142911 120.237063 173.622170 151.045029 97.763338 90.255041 78.650828 40.949586 75.828691 94.474761 128.890682 194.999818 184.287417 152.616215 162.650507 157.563026 118.748649 104.297641 163.188046 98.824040
112.216442 100.073526 110.471049 129.063779 129.241649 147.126782 158.370526 130.027694 146.900561 140.954549 78.418991 70.495203 87.833269 80.159423 115.887063 64.336643 55.563719 0.000000 18.816033 35.605442 26.003612 27.162884 36.869138 40.444419 62.688181 74.230857 48.334060 55.958834 58.883355 45.433877 59.697462 60.832119 32.440914 63.078780 85.620864 77.315972 48.226774 45.062188 60.656013 67.132147 80.130687 87.315682 106.421859 110.492680 89.924520 83.249754 91.486533 100.916940 112.695145 78.331687 59.542617 72.637573 80.417235 96.473311 88.375674 113.226038 145.176498 125.235403 112.761918 100.370761 108.209944 114.807751 130.279608 113.731372 125.966411 117.090451 130.109381 130.943180 116.752078 135.011347 144.559006 109.367597 84.008625 94.263871 97.114013 49.015179 88.965083 100.750795 96.857875 107.116611 115.590103 112.976120 104.394083 157.798877 161.851872 145.331182 148.482797 142.409536 145.251907 164.388155 170.696554 148.929551 151.202889 162.153250 171.593453 166.869052 180.300468 131.047524 150.096790 146.278367 164.718781 161.781399 181.931795 174.574208 156.283420 164.003938 161.909473 150.189375 163.226982 145.013081 134.080199 123.583626 117.336904 132.063416 170.241774 161.792225 168.883373 167.068456 175.927646 171.413765 184.093296 192.199321 197.444732 187.791751 174.944696 165.272998 145.032118 161.381292 167.289115 176.277098 162.483007 155.752657 122.521578 136.116987 150.673480 164.457166 170.761954 165.594150 146.187127 162.415426 137.548791 138.582550 133.620029 150.133804 146.360581 198.317293 194.966530 150.859011 119.440526 115.567723 76.659340 110.422428 112.516580 167.382700 155.388631 98.591893 86.932494 69.021215 38.444870 66.472245 86.754278 121.170199 178.464496 167.752095 144.895732 146.115185 158.221647 131.774748 96.577158 149.028802 84.127217
114.658757 101.717845 112.115368 128.721926 130.204787 148.089920 139.554493 127.480459 148.236249 122.138517 77.559844 69.636056 69.017236 79.247879 112.422925 60.872505 52.099581 33.901578 0.000000 16.789410 25.144465 23.698746 33.405000 40.650662 59.224042 70.766719 48.540303 52.494696 56.143305 42.693826 52.182098 64.753064 36.361859 60.214118 85.941667 76.675384 47.367627 46.706507 62.300332 66.273000 68.888398 84.451019 105.027865 92.593439 88.551870 81.877104 93.130852 98.227893 110.006098 79.294825 93.444195 106.539150 112.965916 127.029464 114.189707 101.736467 130.993191 148.701049 129.907443 109.034014 119.278746 95.991718 147.346236 133.356285 139.999317 135.982642 120.253967 117.230920 103.039818 123.839401 133.820876 110.330735 85.652944 94.779928 98.758332 61.353457 90.609402 109.999655 98.502194 108.760930 117.234422 109.511982 106.038402 143.968485 150.679926 134.159236 137.310851 128.058745 126.435874 147.293050 159.652001 146.873918 153.910365 147.802459 170.698388 166.009905 179.441321 130.188377 149.237643 145.419220 163.859634 160.922252 179.121248 171.110070 157.927739 149.132726 143.093440 151.833694 152.287098 134.073197 133.168792 121.051710 98.520871 128.599277 160.740587 143.353828 150.444976 163.604318 158.132706 171.792670 183.568015 182.435178 194.753269 186.932604 166.752250 157.080552 145.411023 155.299714 163.824977 176.483341 159.018869 136.936624 103.705546 117.300954 131.857448 155.433679 168.770582 165.800393 142.722989 158.951288 118.732758 135.118412 130.155890 146.669666 146.566824 204.825483 189.475627 147.394873 115.976388 112.103585 73.195202 106.958290 109.052442 148.566668 153.332998 92.573288 81.589472 69.721594 37.585723 64.644070 83.290140 117.706060 177.605349 166.892948 141.431593 145.256038 155.689731 121.036618 93.113020 138.132544 85.090355
98.831004 84.928435 95.325958 115.678340 118.258188 136.143322 151.026262 117.221948 137.977738 145.166718 65.613245 57.689457 64.866421 70.203218 103.378264 51.827843 41.019441 29.919629 36.270903 0.000000 13.197866 14.654085 24.360338 31.606001 50.179381 57.777191 39.495641 43.450034 47.098643 33.649165 35.392689 55.708402 27.317197 59.362221 70.475773 62.998958 35.421028 29.917097 45.510922 54.326401 67.324941 81.700842 101.298142 75.804029 74.779430 68.104664 76.341443 85.771849 97.550054 67.348226 78.752214 91.847170 99.626832 111.333703 97.400298 84.947057 114.203781 134.260026 119.020568 118.445448 102.489337 116.345359 130.556826 132.940969 130.455985 136.300048 131.945381 135.444621 121.253519 134.040197 123.780632 97.833424 68.863534 79.118780 81.968922 51.038716 73.819992 93.210245 81.712784 91.971520 100.445012 100.467320 89.248992 154.481793 153.799935 144.360033 140.430861 129.900736 162.706777 164.174512 166.089147 148.715909 162.255136 149.644450 167.578628 154.063306 167.494723 118.241778 137.291044 133.472621 151.913035 148.975654 169.126049 162.065408 141.138329 148.858847 156.643217 135.044285 156.138250 137.924349 118.935108 112.600165 129.775085 119.554616 155.096683 149.352433 156.443581 154.559656 163.418846 179.068302 172.922199 181.018997 187.671313 174.986005 166.530455 156.858757 152.686655 148.872492 154.780316 164.774232 149.974207 150.170342 134.959759 130.534672 142.260435 151.948367 156.276738 156.755732 133.678327 149.906626 144.867263 126.073750 121.111229 137.625004 137.522163 195.780821 182.514891 138.350211 106.931726 103.058923 64.150540 97.913628 100.007780 184.837571 155.174989 88.394127 74.126749 52.932184 25.639124 55.599408 74.245478 108.661399 165.658751 154.946349 132.386932 133.309439 147.238186 110.996374 84.068358 136.223056 73.143757
89.514292 78.955656 89.353179 106.361629 105.060322 122.945456 137.828396 104.024082 124.779872 134.211561 52.415379 44.491591 64.014136 68.299989 101.475034 49.924614 40.130096 29.101526 47.917558 37.823888 0.000000 12.750855 21.435515 28.681177 48.276152 56.226940 36.570818 41.546805 38.934287 25.484809 39.748394 44.495855 16.104650 47.852588 60.797203 51.530919 22.223162 23.944318 39.538143 41.128535 54.127075 68.502976 90.085595 96.662338 66.202583 62.131884 70.368663 79.799070 91.577275 54.150360 71.131171 84.226126 87.821451 108.061865 110.051736 87.222427 120.155520 128.443840 109.650234 106.352527 96.516557 119.093829 130.123964 125.319926 136.407724 128.679004 119.298227 129.208132 115.017030 135.687929 123.441136 85.186270 62.890755 71.380644 75.996143 45.065936 67.847213 84.977191 75.740005 85.998741 94.472233 97.542497 83.276213 142.149699 151.896706 142.851987 138.527631 127.997507 160.216824 162.271283 160.895118 146.812679 157.428847 140.924926 154.380762 140.865440 154.296857 105.043912 124.093178 120.274755 138.715169 135.777788 155.928183 160.162179 134.498686 142.886068 150.194400 129.071506 142.940384 124.726483 111.519382 99.402299 116.577219 117.651387 146.628374 137.610899 144.702046 152.656427 161.515617 173.819627 159.724333 167.821131 174.473448 161.788139 157.599702 147.928004 147.437980 146.969263 151.855492 160.059058 148.070978 144.197563 121.761893 124.561893 140.357205 149.023543 151.561564 153.830908 130.753504 146.981802 131.669397 124.170521 119.208000 135.721775 134.597339 187.616465 178.748491 136.446982 105.028497 101.155694 62.247311 96.010399 98.104551 180.693403 153.271759 75.196261 60.928883 50.142500 12.441258 53.696179 72.342249 106.758169 152.460885 141.748483 130.483702 120.111573 134.040320 110.656878 78.351391 123.025190 59.945891
96.254402 83.901962 94.299485 113.101739 118.477573 136.362707 143.526908 103.781712 124.537502 130.512634 65.832630 57.908842 68.355107 55.549133 88.724179 37.173759 28.400835 16.350670 35.166703 51.241139 13.417251 0.000000 9.706253 16.951916 35.525296 47.067973 24.841557 28.795949 32.444559 18.995080 33.258666 41.054317 12.663112 44.708136 69.449300 61.972484 27.240443 28.890624 44.484449 54.545786 67.544326 68.945037 86.644057 101.608644 73.752957 67.078191 75.314969 84.745376 96.523581 67.567611 75.893288 88.988243 96.767906 112.823982 104.726345 100.639678 133.572771 125.002303 106.208697 103.791363 101.462864 122.104585 126.682427 130.082043 142.317082 133.441121 130.918908 140.896555 126.705453 135.015263 128.387442 96.806951 67.837061 71.081182 80.942449 37.654710 72.793519 87.014161 80.686311 90.945047 96.219371 85.813236 88.222519 148.226667 139.145850 130.101131 125.776776 115.246652 160.241790 149.520428 155.828827 134.061824 147.601051 134.990365 157.886294 154.282692 165.393968 118.461163 137.510430 133.692007 152.132420 149.195039 169.345434 147.411324 136.568922 137.339893 141.989132 134.017812 156.222335 138.143734 117.908635 112.819551 129.994470 104.900531 150.527277 134.698348 141.789496 139.905571 148.764762 164.414217 166.269846 167.484664 179.877390 175.205390 151.876371 142.204673 138.032570 134.218408 140.126231 152.784595 135.320123 142.229396 135.179144 129.508199 127.606350 137.294282 145.071836 142.101647 119.024243 135.252541 134.078429 111.419666 106.457144 122.970919 122.868078 181.126736 167.860806 123.696126 92.277642 88.404838 49.496456 83.259544 85.353696 174.758842 140.520904 78.814091 66.763994 55.159781 17.458539 40.945324 59.591393 94.007314 165.878136 155.165735 117.732847 133.528824 147.457571 115.603184 69.414273 136.442441 73.363142
86.548149 93.712710 104.110233 103.395485 120.454270 136.872114 151.285965 111.038874 128.152645 132.749802 84.009433 76.085645 78.385604 47.877298 105.778003 36.592410 18.694581 35.229904 43.750083 60.539493 31.594054 20.816237 0.000000 7.245663 40.151859 41.138468 15.135303 34.582122 36.087240 22.637762 36.901347 55.683122 28.025164 60.070188 80.139007 70.971740 47.144295 49.706861 65.014838 72.722589 85.721129 84.307089 100.351701 122.139033 94.283346 87.608580 96.131206 105.341122 117.119327 85.744414 93.447722 106.542678 114.322340 114.985826 123.605578 117.083134 151.749573 140.364354 121.570749 107.434045 122.207522 112.398331 142.044479 147.636477 156.405930 150.995556 136.660580 133.637533 119.446431 140.246013 149.203679 116.780324 88.653298 91.897419 89.217106 58.470947 67.061311 101.994520 89.808166 97.980561 86.513118 76.106982 97.344374 147.241568 157.955670 150.565849 146.593013 136.062888 170.185958 163.272986 157.928975 154.878061 168.417288 154.740131 178.702531 172.459494 155.687714 136.637966 155.687232 151.868809 170.309223 167.371841 176.150898 168.227561 157.385159 156.826254 150.786968 143.828559 150.008583 137.114539 111.694883 114.105451 126.633698 125.716768 154.713557 152.314050 159.405198 159.129693 167.988883 181.739777 185.493967 188.300901 182.634577 193.382193 154.633558 144.961860 158.848807 153.426430 130.419978 143.078341 149.156222 141.307457 131.818372 139.318947 137.904348 127.588029 139.638016 132.395394 109.317989 125.546288 124.372176 119.178723 115.682124 122.869212 113.161825 171.955171 161.629976 140.738582 109.331466 83.458814 66.550280 85.496712 96.203632 192.316751 161.337141 79.207408 86.667846 54.024337 37.362391 33.273489 76.645218 100.110543 184.054938 173.342537 138.549084 151.705627 148.743471 136.419421 90.230510 145.538941 91.539944
106.483931 97.472537 107.870059 119.624531 132.048148 149.933281 148.765708 103.793212 120.906982 125.504139 79.403205 71.479417 71.139942 40.631636 101.005438 29.346747 25.749421 29.921245 48.737277 59.059396 26.987826 13.570574 19.935783 0.000000 32.906196 44.156967 7.889641 27.336460 38.788067 32.565655 43.332418 54.624892 26.233687 58.278710 72.992361 63.726077 40.811018 42.461198 58.055023 68.116361 81.114901 82.515612 100.214632 115.179219 87.323531 80.648765 88.885544 98.315950 110.094156 81.138186 86.202060 99.297015 107.076677 123.132754 118.296919 109.960164 147.143345 138.572877 119.779271 102.594377 115.033438 119.453171 140.253002 140.390815 152.625853 143.749893 140.675376 140.692373 126.501271 137.234963 141.958017 110.377525 81.407636 84.651756 89.727305 51.225285 86.364094 100.584736 82.562503 103.487678 106.448900 96.042765 90.098711 161.797241 152.716425 143.671706 139.347350 128.817226 173.812364 163.091002 169.399401 147.632398 161.171626 148.560939 171.456869 167.853266 175.623497 132.031738 151.081004 147.262581 165.702995 162.765613 168.905235 160.981898 150.139497 150.910467 155.559707 147.588386 169.792909 151.714309 131.479209 126.390125 143.565044 118.471106 147.467894 148.268923 155.360071 153.476146 162.335336 177.984792 179.840420 181.055238 193.447964 188.775965 165.446945 155.775247 151.603145 147.788982 150.355760 135.832679 148.890697 134.061794 148.749719 143.078774 131.210623 143.596691 140.525804 125.149731 129.253772 145.482071 117.126513 121.706444 108.436462 115.623549 105.916162 173.793305 154.522112 133.492919 104.508120 76.213151 61.777715 78.251050 88.957969 188.329416 154.091478 71.961745 80.334568 68.730355 31.029113 26.027826 71.872653 92.864881 179.448710 168.736309 131.303421 147.099399 161.028146 129.173759 82.984848 150.013016 86.933716
115.047776 101.145208 111.542730 131.895113 132.507076 141.155977 121.690173 83.156776 103.912566 108.878706 101.458027 96.097613 95.583152 36.581599 68.099242 24.515417 22.589148 38.115781 47.644650 64.434060 51.606022 57.472516 51.414130 47.929155 0.000000 11.542676 31.727310 39.344366 50.795974 68.293788 70.744702 58.246073 54.201508 70.414506 92.100533 96.182470 73.320639 75.550339 87.022115 92.734557 99.595273 94.651407 115.060435 139.650827 116.290623 109.615857 116.538079 107.904074 119.682279 88.062021 97.658398 110.753354 118.533016 134.589092 126.491455 119.646086 166.735738 163.351184 147.747092 138.486541 134.600339 116.292898 165.255855 151.847153 155.589395 151.572721 135.844045 137.532100 123.340998 144.140580 154.122055 119.097931 114.496777 105.292306 113.564974 87.130960 97.934389 98.138876 117.036027 132.298644 137.927247 127.521112 118.909677 170.698566 151.302914 154.460416 157.612031 148.359925 174.080525 182.633702 186.428602 167.175098 179.618399 168.103639 190.999568 179.078788 192.510204 156.649934 175.699200 171.880777 190.321191 180.078643 152.279802 167.499425 164.162144 164.933115 171.317214 151.261057 162.518956 150.564316 135.151880 125.240133 142.415052 132.493753 171.305564 155.383801 161.353742 167.498793 176.357984 164.443335 157.563761 151.496145 172.312875 181.615178 161.394641 156.830028 146.648487 157.036607 133.509196 118.539718 138.014720 120.595469 139.872283 146.751445 106.981413 135.163442 110.042224 122.801050 126.850002 123.626274 118.135542 89.582931 85.832207 91.619972 109.736553 156.500344 137.229150 103.071190 71.652705 67.779902 28.871519 61.625617 64.728759 196.211318 173.634178 95.799415 105.275176 101.239976 63.538734 21.977790 38.966457 73.382377 180.738348 185.352743 145.326069 171.717595 159.878154 141.337798 112.263052 143.405031 93.857552
118.187345 110.699926 115.589651 125.587817 122.766428 131.368142 110.147497 76.107875 96.863664 97.336030 106.769779 111.729745 111.390270 68.746782 73.410994 69.597075 62.211760 70.171573 87.267262 84.585359 67.238154 53.820902 53.102423 40.250328 70.738615 0.000000 33.415604 46.736054 55.054335 72.552150 75.003064 87.014025 66.484015 83.936281 108.964022 100.440831 81.061346 82.711526 98.305351 108.366689 107.610293 108.173183 119.318796 128.108151 127.273766 120.599000 129.135872 136.672025 148.450230 102.419344 111.728023 124.822978 132.602640 141.716298 146.474129 115.329652 166.419136 174.099287 160.029599 142.844705 148.957661 155.915510 160.939420 165.916778 172.421273 145.289932 167.567211 161.631576 162.963610 163.018476 179.754132 133.455254 121.657964 98.420133 112.564943 91.475613 103.246141 86.596200 105.493350 120.755968 127.567835 122.196451 107.367001 166.845503 139.760238 172.896790 176.489926 169.067554 179.583520 194.912182 189.568171 183.223203 178.433627 170.035323 181.051433 167.536112 180.967528 168.548228 184.312417 169.862972 183.050393 176.139744 140.737126 155.956749 152.619468 153.390438 167.717501 158.424368 155.470055 149.021971 135.226737 123.697788 140.872707 120.951077 163.838856 143.841125 149.811065 155.956117 164.815307 152.900658 165.580190 169.172135 180.329304 179.136579 149.851965 145.287351 135.105810 150.268953 121.966519 106.997041 126.472043 109.052793 128.329606 141.925015 96.765880 140.475194 98.499548 111.258374 125.517414 128.938026 114.412769 78.040254 81.893308 102.947014 118.242053 144.957667 125.686474 108.382942 76.964457 73.091654 34.183271 50.082940 60.789860 201.714314 189.682284 97.487708 102.819420 103.078264 71.279441 66.278154 44.278209 78.694129 169.195671 175.137210 133.783393 183.615889 158.335808 167.434618 117.051777 142.471354 108.214875
106.234968 113.399530 123.797052 123.082305 140.141090 151.646611 140.876067 96.386343 117.142133 117.614499 95.605049 87.681261 87.341786 56.833480 96.867029 45.548592 38.381401 46.123089 63.436903 51.169756 43.189670 29.772419 19.686820 16.201845 43.872876 44.794979 0.000000 19.446819 30.898427 42.324581 42.331284 59.724790 42.435531 71.893222 85.551206 76.284923 57.012862 58.663043 74.256868 84.318205 91.361156 79.319807 95.162888 126.973785 103.525375 96.850609 105.087388 109.382790 121.160995 97.101488 78.312419 91.407374 99.187037 115.243113 134.498764 121.124802 163.342877 154.774722 135.981116 118.796221 126.463990 132.085151 156.454846 132.501174 144.736213 135.860252 148.879182 149.712981 135.521879 153.436807 155.598223 126.579370 97.609480 100.853601 81.837664 67.427129 86.748130 116.786580 98.764348 117.667381 106.199937 95.793802 106.300556 166.632478 168.918269 159.873550 155.549195 145.019070 170.153841 179.292847 177.615795 163.834243 166.382025 146.479928 186.277173 184.055111 175.374534 148.233582 167.282849 163.464426 181.904839 178.967458 161.015594 176.235217 166.341341 167.112312 170.473788 148.278362 168.000916 156.801359 131.381702 133.792270 146.009051 134.672950 139.578254 164.470767 166.930426 169.677990 178.537181 187.901286 188.309409 195.369020 202.321397 200.691677 174.320378 164.648680 163.801920 163.990826 149.190608 134.221131 162.248592 126.172153 145.448967 159.005767 123.320983 147.274848 137.063013 141.351576 129.004809 145.233107 109.236873 113.816803 100.546821 107.733909 98.026521 172.181756 152.910563 125.603279 100.420492 92.414995 57.639306 70.361409 81.068328 186.248405 170.293323 64.072105 96.536413 73.711157 47.230958 42.229671 67.734244 102.150164 190.750770 171.353940 147.505266 163.301243 160.170881 145.375603 99.186692 162.749822 102.897019
117.130151 116.536616 126.934139 133.977487 133.440636 142.042350 131.271806 86.782082 107.537872 108.010237 82.557631 90.543496 89.501830 62.678557 97.523102 51.393669 47.796343 45.213577 64.029609 62.064938 46.051905 32.634654 30.582002 22.046922 54.768058 53.375327 10.895182 0.000000 11.451608 28.949422 31.400336 40.277971 45.297766 52.446403 66.104387 56.838104 43.847527 61.525278 77.119103 87.180440 81.627170 76.683305 75.716069 111.449117 90.593660 83.918894 98.569977 89.935971 101.714176 100.202265 89.207601 102.302557 110.082219 118.737542 115.358921 101.677983 148.210105 144.350333 138.843351 113.745705 107.017172 129.594443 147.287752 143.396356 155.631395 146.755435 142.166657 148.152382 133.961280 148.386291 136.151404 129.441604 100.471715 103.715836 92.732847 70.289364 97.643313 119.648815 104.609425 123.579701 117.095120 106.688984 112.145633 176.296163 169.295509 158.706127 155.926434 147.881305 181.049023 182.155082 188.463481 166.696478 177.277207 157.375110 190.520948 178.210319 177.924091 151.095817 170.145083 166.326660 184.767074 181.829693 151.411333 166.630956 163.293675 155.161811 152.155006 128.831543 166.064078 147.850177 142.276885 144.687453 156.904234 131.625284 150.473436 161.423101 160.485273 166.630324 175.489515 179.921981 178.705148 188.559158 193.454262 191.087416 171.278489 161.606791 161.278098 160.943160 147.545856 132.576379 152.644331 119.727000 139.003814 152.599222 113.716721 146.828232 124.078885 132.649404 129.935272 138.178349 120.132055 104.212542 92.567516 113.621221 108.921704 160.133785 151.265811 106.156460 111.315675 98.260073 68.534488 60.757148 71.464067 197.143587 173.155558 74.967287 79.279030 73.223478 50.093193 48.074748 78.629426 113.045347 181.146509 182.249123 144.457600 166.163478 171.066064 148.237838 98.953065 153.145561 104.129221
105.872851 105.085008 115.482531 122.720187 139.660619 154.561800 150.954801 106.465077 127.220866 127.693232 71.106023 79.091888 83.701928 64.097756 109.907225 52.812868 49.215542 33.761969 52.578001 69.367411 34.600297 21.183046 30.889299 23.466121 56.372317 67.623088 29.067866 19.682995 0.000000 17.497815 19.948728 44.353758 33.846158 56.522190 54.652779 45.386496 48.423489 50.073670 65.667495 75.728832 72.406870 80.759092 64.264461 99.997509 91.288171 84.613405 96.498015 94.011758 105.789963 88.750657 93.304586 106.399542 114.179204 118.799388 103.907313 105.502221 136.758497 132.898725 127.391743 102.294098 117.067575 136.252740 137.942930 147.493341 153.010701 150.852420 149.110143 147.115019 143.300840 136.934684 124.699797 117.989997 89.020107 92.264228 99.631302 58.837756 88.427533 108.197207 101.869357 112.128093 117.402417 106.996282 109.405565 166.154591 157.843901 147.254519 144.474827 136.429697 179.013875 170.703474 177.011873 155.244870 168.784097 156.173411 179.069340 175.465738 166.472483 139.644209 158.693476 154.875053 173.315466 170.378085 171.094328 168.594370 157.751968 143.710204 140.703399 117.379935 169.333285 151.925964 131.019585 133.430153 145.958400 126.083577 168.646119 155.881394 162.972542 161.088617 169.947808 185.499616 187.452892 183.299864 187.827900 193.264308 159.826881 150.155183 159.117969 155.401453 136.094249 121.124771 149.703775 139.409995 151.143075 150.691245 133.399716 156.321623 112.627277 125.386103 139.645144 155.873442 138.304738 121.549509 112.250510 133.304216 127.094387 148.682178 139.814203 125.839454 113.460688 96.323153 70.679502 80.440142 91.147062 195.941888 161.703950 74.311093 67.827422 69.426300 38.641585 49.493947 80.774439 115.190360 183.323400 176.348781 138.915893 154.711870 168.068174 136.786230 87.501457 157.291659 92.677613
88.375036 95.539598 105.937120 105.222373 122.281158 138.699002 155.049232 113.511503 134.267293 121.076478 84.555502 79.625905 69.051123 50.917942 111.857597 52.889811 39.050013 30.271959 49.087992 65.877402 35.134313 23.133418 20.355431 27.601094 58.658715 61.493900 35.490735 26.729421 13.449478 0.000000 14.263585 33.045360 35.796531 45.163896 57.501246 58.835974 50.086144 52.024042 66.099656 76.262849 74.344663 69.400798 77.713940 105.644984 94.008136 87.333370 91.337366 82.703360 94.481565 77.781950 76.846092 89.941048 97.720710 111.504932 106.755779 94.445372 145.534857 143.615508 129.342115 84.796283 99.569760 122.147032 140.055141 131.034847 141.237700 134.393926 134.719245 129.617204 126.513869 119.436869 138.149275 108.817860 90.970480 94.214600 93.085514 60.788129 70.929719 103.437492 103.819729 114.078465 106.868549 96.462414 111.355938 149.068455 146.277394 129.756704 132.908320 138.380070 168.687514 165.099873 159.755863 157.195242 155.586808 149.511248 174.281877 175.999754 176.043145 140.178226 159.227492 155.409069 173.849482 170.912101 178.140754 170.544742 159.702341 144.112108 138.072822 130.829414 151.835470 138.941427 113.521770 115.932338 128.460586 128.033950 165.608817 154.140937 161.232085 160.956580 161.006725 169.504124 182.183656 179.362187 170.330086 191.889531 142.329067 132.657369 143.122478 155.253318 149.543727 134.574249 156.590893 146.456422 133.645260 141.145835 140.446143 147.943460 126.076755 138.835581 129.673421 145.901719 144.727607 130.941963 119.296937 140.350643 133.517256 162.131656 153.263682 123.091136 115.411060 103.814245 72.629874 87.486569 98.193488 186.437126 163.654322 84.100404 70.675889 74.379769 40.304239 53.628920 82.724812 117.140732 186.113989 176.882797 140.866265 155.245887 150.570359 138.736603 92.547692 139.793844 83.577481
127.113869 114.761429 125.158951 143.961205 149.337040 167.222173 152.645217 112.900021 133.655811 139.630942 94.328251 87.879573 99.214574 86.408600 97.842488 68.033225 59.260301 47.210137 66.026170 82.100606 44.276718 30.859467 40.565720 46.688349 66.384763 58.695688 43.109365 32.214182 23.222228 40.720043 0.000000 24.405029 43.522579 36.573462 58.246291 68.608724 58.099910 59.750090 75.343915 80.676913 65.754229 60.810363 80.914553 106.390030 85.417701 78.742935 82.697035 74.063030 85.841235 98.427078 95.138967 98.944470 98.228485 102.864601 107.500825 85.805042 136.894526 141.860972 131.887068 118.542700 118.136593 140.713864 131.414811 149.327722 142.896664 152.686801 153.286078 143.738262 129.547160 150.230100 147.922025 127.666417 98.696528 101.940648 111.801915 68.514177 103.652986 117.873628 111.545778 121.804514 127.078838 116.672702 119.081986 160.423222 170.005317 160.549936 156.636242 146.106118 186.980389 180.379894 186.688294 164.921291 174.941206 164.470345 188.745761 185.142158 189.694711 149.320630 168.369896 164.551473 182.991887 180.054505 183.032038 178.270790 167.428389 163.484438 157.445152 140.602163 150.191136 131.977235 148.768101 143.679017 160.853936 135.759998 158.644625 165.557815 172.648963 170.765038 179.624228 195.273684 197.129313 198.344130 210.736856 206.064857 181.109068 173.064139 168.892037 165.077874 153.223622 138.254144 166.179589 151.347705 166.038611 160.367666 136.724659 168.153748 135.849505 148.608331 149.883709 166.112008 152.346237 120.537974 115.575453 132.089228 141.135886 171.904406 156.943577 138.370642 123.137108 119.264305 80.355922 92.377852 94.472004 200.400500 171.380371 75.509970 71.420934 85.099346 48.318005 71.804790 68.709702 124.866781 196.737602 186.025201 148.592314 164.388291 160.293969 146.462651 100.273740 167.301908 100.462984
110.339674 108.753195 119.150717 127.187011 125.885704 143.770838 158.653779 134.964257 155.720047 144.493528 92.701345 84.777557 104.300102 81.387716 123.547439 70.102828 52.204999 61.085207 50.762055 58.741846 58.151788 44.734537 33.510418 40.756080 73.662276 74.648886 48.645721 48.182175 28.499180 45.996995 25.704952 0.000000 30.227091 12.168433 33.854460 50.606305 37.318861 54.436994 58.744018 56.271884 41.349199 36.405334 56.982179 81.998198 61.012672 54.337906 58.292006 49.658000 61.436205 74.975742 91.956553 74.539440 73.823456 78.459572 83.108993 61.400012 112.489497 117.455943 107.495237 94.150868 93.731563 116.308835 107.009781 129.151502 118.491634 135.270950 128.881048 120.311824 120.675672 125.825071 135.512229 106.011652 93.383432 87.492708 101.637519 75.558613 98.339889 101.089255 106.232681 116.491417 120.023535 109.617400 111.911612 136.018192 146.732294 136.144906 139.296522 148.375862 169.564539 166.290022 171.954042 150.831418 150.536177 140.065315 169.045740 183.815072 185.450496 154.237199 167.042810 165.116035 177.077762 161.533081 178.368675 192.145860 165.658226 139.079409 133.040123 131.382956 125.786107 107.572206 132.344764 120.227682 137.402601 149.635068 134.239596 158.436281 165.527429 174.448927 177.706197 175.828619 182.586640 193.576424 197.335755 187.543432 178.425084 168.753386 177.235519 168.045981 163.930395 149.623951 175.192385 167.909175 142.587275 152.334264 161.898897 161.098446 141.126457 153.885283 142.828407 159.056706 140.855829 146.242926 140.749691 139.352865 129.645478 177.181358 168.313384 154.338635 137.012178 116.969231 94.230992 108.939323 119.646242 175.995471 157.290498 51.104940 47.029103 63.647517 27.536956 66.783906 94.414654 111.700143 196.515570 188.108394 158.301975 166.471484 135.888939 132.079009 93.537177 151.661172 76.057955
115.824224 101.921655 112.319178 114.478194 137.182462 147.954823 167.157548 129.590831 150.346621 148.869145 74.501615 66.577827 86.100372 78.710608 118.812193 65.037422 56.839579 46.438685 44.407000 61.196410 42.719752 30.088014 38.144998 38.262158 64.696854 76.239530 39.907550 54.522088 41.242145 27.792667 42.056252 28.391205 0.000000 32.045024 59.267116 67.255113 19.119131 46.910317 53.001453 54.989730 61.225790 56.281925 73.980945 107.410854 80.889263 74.214497 86.683211 78.049205 89.827410 86.272500 95.422845 102.930645 102.214661 106.850777 108.521650 89.791217 134.012960 112.339190 93.545584 102.919305 95.052347 117.629619 114.019315 136.161035 140.253373 145.930508 130.201833 136.187558 121.996456 137.559890 136.833013 114.826644 85.856754 82.326807 96.471617 67.742725 90.813212 87.592824 98.706004 108.964740 117.438232 114.251980 106.242212 164.409397 164.400415 147.879726 151.031341 145.334666 170.842874 179.608442 183.552909 164.149838 164.232293 144.330196 183.878625 183.585192 193.832712 147.763664 166.812930 162.994507 158.878033 178.497539 178.711004 177.499338 148.988938 165.852067 161.431328 152.037504 154.177312 135.963411 135.928328 124.694412 126.123926 134.988545 162.630801 162.903011 169.994159 160.952496 169.811686 194.502231 187.316771 197.572678 198.122752 197.129555 170.121733 160.450035 168.120585 162.303416 168.564975 162.366916 165.408137 164.539679 131.308601 144.904009 157.694364 165.733026 153.869422 163.411889 147.462987 163.691285 128.565365 141.507680 136.545158 147.641458 137.934071 189.924323 181.056348 150.883803 122.365656 114.475309 79.584470 110.268958 115.441710 178.168502 170.608918 66.150979 58.642681 47.038468 9.337227 64.289984 89.679408 124.095328 187.188647 184.468235 147.820861 162.831325 158.021149 133.622877 92.631851 156.127903 76.133396
110.487331 96.584762 106.982285 127.334667 140.392357 156.503985 172.937190 137.856859 158.612648 137.861161 82.150991 75.623429 95.145974 98.572693 119.508113 87.287805 69.389977 77.496760 67.947033 75.926824 68.459319 61.919514 50.695395 57.941058 90.847254 91.833863 65.830698 63.417786 43.734792 61.232606 38.632440 17.184977 47.412068 0.000000 27.222093 38.437872 46.993804 42.268561 52.062421 44.103451 29.180767 24.236901 44.813747 75.365831 48.844239 42.169473 55.076668 64.507074 72.523774 89.545948 105.193898 74.418121 79.057110 88.662764 76.476626 62.276118 101.967937 105.287510 100.862870 87.518501 102.291978 119.109497 107.885887 130.027607 118.220141 136.147056 131.889929 132.339422 126.157597 122.159087 141.765380 110.184888 81.214999 83.996063 94.320387 63.390180 86.171457 99.929043 94.064249 104.322985 112.796477 118.070044 101.600457 153.203170 148.999612 132.478922 135.630537 149.765893 163.191740 166.168703 172.477102 150.710099 158.309026 152.233466 165.632679 185.684945 182.412954 171.422176 168.912683 154.463238 179.025638 176.382155 171.736308 186.955931 153.489794 156.264386 150.225100 146.700612 142.971084 124.757183 130.591435 126.336973 143.511893 149.756179 151.424573 164.545573 171.636720 173.288714 174.209552 172.613281 185.292812 193.398837 200.041927 202.392506 178.572741 168.901042 165.067086 161.364384 164.536338 149.566860 167.645781 161.826669 147.620430 142.190999 156.831702 178.283424 141.069366 153.828192 160.013384 176.241683 128.687397 145.494812 132.233700 127.184433 117.477046 187.527486 168.256293 147.764351 138.384092 134.154209 111.415970 117.334690 119.428842 163.827038 157.169179 38.936508 40.396736 51.479085 44.721934 83.968884 93.666540 99.531711 201.471483 191.623274 150.907266 183.656461 153.073917 128.981122 93.685146 153.157523 79.406844
97.687787 85.158086 95.555609 110.268783 113.233817 131.118951 146.001892 119.214059 139.969849 110.639068 66.788648 58.864860 78.387405 92.467954 148.417710 103.252679 89.543296 84.201780 76.004284 74.375028 57.032643 69.783498 78.468157 73.905932 105.308794 113.259583 79.507677 70.122806 50.439811 67.937626 56.736516 46.094574 64.120474 28.909597 0.000000 19.117938 28.362187 56.153373 40.635745 32.676775 17.754091 28.636165 55.603510 48.143738 36.635392 29.960626 43.649992 53.080398 62.850992 62.323855 79.027084 62.991445 67.630434 64.146608 49.254533 50.849442 100.794544 86.114262 73.640777 60.296408 75.069885 97.647157 91.158467 113.300188 107.941064 124.720380 110.219370 105.117329 102.013994 94.936994 116.850551 93.359765 81.258203 63.619505 77.764315 65.424500 86.810364 77.216052 86.229851 102.191457 110.664949 112.043402 93.766059 130.858335 121.777519 105.256829 108.408445 124.542762 151.765064 143.706407 156.065357 137.752705 131.086933 125.011373 138.410586 178.717434 155.190861 159.512700 161.945172 162.871393 158.058986 164.955479 144.514215 159.733838 153.532998 151.427375 150.540982 130.699580 133.980936 125.073066 119.164759 107.575795 124.750714 149.799383 145.771789 145.784394 152.875542 150.575723 153.832994 161.186605 171.808030 181.662039 186.557144 184.190298 165.773197 156.101499 153.640410 149.937708 174.272048 171.564582 156.219105 150.399993 129.935388 130.764323 148.423631 171.790887 163.067088 175.825914 186.493394 181.073369 150.665558 144.115216 156.768491 149.162594 139.455207 196.381744 190.254015 168.104976 158.469910 146.762964 119.279954 130.879953 141.586873 151.618191 144.211785 27.442022 13.174643 42.604602 69.473901 99.933758 122.576136 128.441307 174.249390 183.725852 162.631699 173.857401 138.702327 114.041660 71.297772 139.009285 52.184752
92.794153 87.158100 97.555622 109.641489 108.340183 126.225317 141.108257 114.320424 135.076214 119.905352 55.971352 48.047564 67.170848 81.251397 139.666787 88.116367 79.343443 67.293279 65.186987 78.880893 64.359860 50.942609 60.648862 67.894524 86.467905 98.010581 75.784165 78.519355 59.706095 69.937689 46.305173 39.629379 45.555676 28.419427 9.266283 0.000000 17.778414 45.569599 49.902028 41.943058 27.020374 37.902448 64.869793 54.611013 45.901676 39.226910 51.527923 60.170406 71.948611 57.430221 74.411032 72.257728 75.508366 73.412892 58.520817 60.115725 107.261818 95.380545 82.907060 69.562692 84.336169 106.913440 100.424751 122.566471 117.207347 131.958865 116.322433 114.383613 102.362257 104.203278 126.116834 88.466131 76.364568 58.725871 72.870681 66.691218 75.993068 72.322417 82.152093 97.297822 105.771314 109.912782 89.688302 140.124619 131.043803 114.523113 117.674728 133.809045 161.031347 152.972690 164.174979 147.018989 140.353216 134.277656 147.676870 180.717448 164.457145 156.181953 163.945185 171.412796 153.165352 172.045486 153.780498 169.000121 148.639363 152.136214 149.129409 125.805945 141.070944 128.006344 114.799243 102.682160 119.857080 144.905748 140.878154 140.890759 147.981907 145.682089 148.939359 169.064536 172.046364 179.972109 186.795478 191.416874 160.879563 151.207865 155.640424 149.615616 169.378414 175.310255 158.219118 152.400006 125.041754 132.764337 149.415256 173.790901 169.488793 182.247619 169.966851 170.693892 157.106824 139.221581 156.141198 155.603860 145.896473 177.263806 193.999688 167.477682 143.220250 139.347447 100.439064 134.202152 136.296304 160.884475 153.478069 28.924597 22.440927 24.039804 54.892903 91.887932 110.534002 127.951138 181.475967 179.711118 157.738064 171.249614 137.320181 120.359056 66.404137 134.115651 47.291117
96.705093 82.802524 93.200047 95.359063 121.656232 128.835692 148.468961 124.865973 145.621763 137.239304 57.804983 49.881195 69.403739 83.484288 135.170026 96.008037 78.110209 84.537675 67.020618 70.104904 57.549898 68.187005 59.415627 66.661290 99.567486 96.023226 74.550930 69.541721 59.707519 59.411216 37.327538 31.208339 50.891823 25.629426 51.082416 48.135982 0.000000 27.791186 33.882322 51.654362 44.314424 46.356914 70.443173 90.253817 63.150830 56.476064 70.210325 79.640732 89.366429 70.746270 84.502754 89.551779 94.190768 90.337441 100.336949 77.409776 127.597363 127.407523 124.723193 86.645316 100.363426 122.122543 123.019545 133.035061 134.501397 131.524065 115.795390 131.466237 125.606015 121.285902 127.288004 95.707513 66.737623 76.992869 79.843011 48.912804 71.694081 91.084334 79.586873 89.845609 98.319101 103.592669 87.123081 152.355882 148.126427 131.605737 134.757352 147.148370 165.817653 170.055314 168.085919 164.101613 157.435840 151.360280 164.759494 176.361872 181.539769 161.890726 159.589610 177.121569 178.743099 183.702083 185.404983 195.824244 139.012418 146.732936 150.735821 132.918374 155.122897 138.780545 116.809197 115.998209 130.593360 135.278803 152.970772 154.206809 161.297956 164.444006 159.195112 177.666495 184.630422 190.353992 192.791521 179.626540 164.790502 155.118804 151.284848 143.184285 179.377207 175.196286 153.863543 148.044431 135.778034 128.408761 144.190344 169.435325 166.698792 179.457618 168.733616 184.961915 154.316823 155.577396 141.858771 152.813859 143.106472 208.389697 193.885719 153.195256 153.800342 125.505372 117.683461 129.705391 131.799543 178.133629 170.560693 53.790929 39.523551 29.375951 58.745295 92.689116 106.037241 125.161137 169.685632 177.145898 148.111119 176.958387 150.636230 114.503746 91.981884 139.375285 72.868864
68.913907 55.011338 65.408861 85.761243 98.818934 114.930561 131.587008 105.291155 124.066214 122.763977 39.882430 33.354867 52.877412 57.033194 131.233746 68.216851 50.319023 58.860238 50.494291 42.313719 29.758712 42.509567 31.624441 38.870104 71.776300 72.762910 46.759745 66.206564 64.196719 50.747241 64.982687 64.504504 45.863362 59.658675 40.558676 33.081861 50.860274 0.000000 15.593825 33.365865 46.364405 69.194841 96.162186 72.718020 44.862333 38.187567 46.424346 55.854752 67.632957 49.400177 66.380988 70.242532 70.404788 84.656324 89.813210 79.459757 112.392849 112.035332 114.199453 88.669454 72.572240 95.149512 117.079537 116.759777 121.773634 117.756960 102.028284 112.005931 97.814830 111.743611 99.496818 67.916327 38.946438 49.201683 52.051825 21.121619 43.902895 63.293148 51.795687 62.054423 70.527915 75.801483 59.331896 124.564696 132.640923 120.917565 119.271849 119.357185 152.050548 145.638744 140.294733 138.172357 133.484530 132.063260 153.875094 148.570686 155.382215 134.099540 131.798424 149.330383 157.568624 155.910898 163.453750 173.229350 111.221232 118.941750 128.110097 105.127188 127.331711 114.437668 89.018011 93.578135 102.802174 107.487617 125.179587 131.786734 138.877882 136.652820 139.415172 149.875309 162.554841 170.071750 165.000336 176.778997 136.999317 127.327619 123.493663 124.895788 151.586022 158.045599 126.072357 120.253245 107.986849 100.617575 118.276883 141.644140 157.709030 164.019835 140.942431 157.170729 155.996617 127.786210 132.260952 153.840256 144.786266 194.957280 175.686087 143.597436 134.787209 115.083255 92.006023 117.121154 127.828073 159.845132 144.631437 62.006458 51.667174 48.914929 42.199970 64.897930 102.100961 131.734985 180.784239 149.354712 120.319933 149.167201 128.216156 86.712561 70.807410 111.584100 51.694390
84.489578 78.853525 89.251047 101.336915 100.035608 117.920742 132.803682 106.015849 126.771639 123.983589 62.877464 55.265053 51.457034 65.537583 138.298351 97.016961 80.409520 70.608669 65.734843 54.088404 47.092347 59.843202 61.714939 68.404571 95.368499 73.795043 56.738263 76.185082 72.611089 72.577156 49.388861 57.117415 63.043712 45.907463 26.754319 17.488036 35.266449 30.090497 0.000000 17.772040 30.770580 55.390484 82.357829 57.124195 29.268508 22.593742 38.716621 47.705945 55.484107 49.125646 65.239737 68.587342 62.697064 76.507517 76.008852 63.865931 96.799024 96.441506 100.340735 83.195114 91.779508 97.093730 101.485712 119.428492 113.051228 122.787570 114.273513 108.248784 94.057682 114.857264 106.417911 80.161556 64.298187 50.421296 64.566106 33.264862 47.173062 64.017843 73.847519 77.324032 85.797524 94.657238 81.383727 137.124985 139.562016 124.897953 126.192941 129.160757 136.860329 157.717505 155.870404 144.879320 151.007203 140.715121 154.809454 172.412873 171.589729 147.877378 155.640611 155.504509 144.860777 159.581026 151.522661 161.941922 136.572982 143.831639 140.824834 117.501371 128.606484 117.706181 106.494668 94.377585 111.552505 132.839367 132.573579 132.586185 131.187042 137.377514 125.312790 145.548210 150.748100 156.471670 165.497214 183.112299 138.944930 129.273232 119.166563 109.301963 161.073839 159.991212 149.914543 144.095431 116.737179 124.459762 141.110681 165.486326 159.654643 163.946227 161.232095 167.875159 165.975135 130.917007 136.323394 157.099094 154.764784 194.556615 175.285422 137.453283 150.759500 141.235848 107.978314 123.877983 134.584903 144.251307 151.338400 46.412633 36.073349 41.527840 59.533605 94.432397 118.073252 145.439173 173.171392 171.406544 145.671683 162.945039 129.015606 112.054481 58.099562 125.811076 38.986542
92.814554 80.402536 90.234010 100.232176 108.360584 116.642038 139.365926 103.238566 123.994356 132.308565 71.202440 63.590030 51.077863 65.158412 135.521067 102.201706 88.734497 78.933646 65.355672 62.413380 52.277092 65.027947 70.039915 74.600327 100.553244 82.120019 65.063239 81.927679 68.647736 55.198258 57.713838 61.163362 68.381742 43.978385 31.359213 25.813012 43.591426 38.415474 8.324976 0.000000 12.998540 40.058648 67.025993 60.517700 32.662013 25.987247 38.894441 48.324848 58.877612 57.450622 73.564713 58.235894 62.874884 72.480538 77.238369 46.093891 79.026984 99.835011 101.624613 66.922113 81.695590 95.894226 91.703660 113.845381 95.279188 119.964829 111.493539 111.743034 102.382658 101.562699 103.012914 82.426212 60.347262 58.746272 72.891082 41.589838 55.498039 61.240559 65.329651 80.475380 88.948872 95.226443 72.865859 137.484040 128.403224 111.882534 115.034149 125.789406 119.088289 139.945465 152.304415 134.527872 137.712637 131.637078 145.036291 173.961883 161.816566 156.202354 157.189621 158.898013 153.185753 160.199928 159.847637 170.266898 132.622057 147.453995 142.594746 125.826347 129.225386 121.099686 103.502660 98.342147 115.517066 128.888442 140.898556 136.550746 139.512018 134.600230 133.637766 153.873186 159.073076 164.796646 173.822190 186.210280 147.269906 137.598208 127.491539 117.626940 152.555971 168.316188 151.463554 136.748057 103.516979 117.112387 127.135561 167.035337 167.979619 172.271203 169.557072 176.200136 172.665781 135.381525 144.648370 154.321810 161.455430 202.881591 183.610398 145.778259 152.037701 138.458564 109.256515 132.202960 142.909879 141.219082 140.986952 34.067726 19.800348 49.852816 64.718350 100.628153 119.351452 143.510095 181.496368 162.888676 141.720758 154.174392 132.980167 120.379458 49.581695 129.775637 47.311519
81.306564 67.403996 77.801518 98.153901 111.211591 127.323218 143.979665 112.746283 133.502073 128.377590 72.583378 64.659590 66.000547 80.081096 140.753586 89.203166 79.408648 68.380078 80.278356 76.970058 39.278552 52.029407 60.714066 67.959729 87.554703 95.505492 75.849370 80.825357 74.699751 64.763361 56.262947 54.373346 55.383202 37.188369 24.259940 40.369690 48.492662 42.164401 22.881654 14.922684 0.000000 38.932592 62.069569 47.519160 19.663473 12.988707 25.895901 35.326308 45.879072 60.644050 76.013131 45.237354 49.876344 59.481997 64.239829 33.095351 84.184836 86.836471 88.626073 59.822840 74.596317 89.928731 78.705120 100.846841 90.186973 106.966289 102.709162 104.219090 96.976830 94.463426 116.376982 91.565401 75.269946 54.815297 68.960107 56.146516 70.054716 70.748276 80.252336 95.398064 103.871556 94.289311 87.788544 127.602293 121.303951 104.783261 107.934876 121.995758 134.010973 136.987936 143.296335 121.529332 130.613364 124.537804 137.937018 160.963343 154.717293 144.322464 144.191081 145.899473 165.669786 147.201388 168.774155 183.993778 147.544741 134.455455 133.569063 117.519845 116.226846 108.101146 101.410668 97.156207 114.331126 132.998872 134.768536 135.364806 142.455954 144.107948 145.028786 143.432514 156.112046 164.218070 170.861160 173.211739 149.391974 139.720276 135.886320 132.183617 163.978679 170.438256 138.465014 132.645902 118.439663 113.010233 130.669540 154.036797 170.101687 177.386912 168.739303 171.023898 165.875766 135.311008 144.653609 163.829528 154.665415 207.349937 188.078744 155.990094 144.307049 140.434246 101.525863 135.288951 137.383103 134.646272 127.988412 23.684890 12.701075 44.681597 51.719810 92.974731 111.620801 136.720080 182.183877 177.811361 145.831188 159.390125 126.329678 114.973630 64.504379 123.976757 61.726262
116.261324 109.163611 119.561133 133.108660 126.020593 143.905727 158.788668 135.750040 156.505830 143.372522 79.438522 71.514734 90.638019 104.718568 163.133958 111.528002 80.569823 62.048567 80.864600 95.608200 81.038167 74.409779 84.116033 82.181255 109.935075 107.200943 87.783000 78.398129 58.715134 74.046019 66.710247 50.819877 62.047965 45.261697 32.733454 23.467171 41.245584 54.381810 41.519797 56.682300 41.759615 0.000000 26.967345 78.078184 61.423088 54.748322 67.655516 67.406655 79.184860 80.897392 97.878203 86.996970 91.572110 94.849604 80.305335 68.462958 99.461381 81.050609 104.691578 93.029862 107.803339 109.493047 86.094815 108.236535 96.843724 142.333896 133.054746 122.093839 116.541146 121.664332 123.947313 111.933302 93.328247 82.193041 96.337851 74.784658 88.692859 95.789588 105.619264 116.436233 118.974047 117.241994 113.155472 153.190207 139.882951 131.984167 135.135782 125.528991 170.524130 159.802768 166.111167 144.344164 157.814270 145.272705 168.168634 202.722959 184.948909 176.413823 185.950697 187.454979 176.632522 179.281735 177.247669 192.467292 165.603042 161.256033 155.379066 134.925765 148.307193 149.860761 138.266413 126.149331 143.324250 161.869427 164.345325 164.357930 171.449078 169.149260 166.832587 185.192129 192.267896 197.991467 207.017011 205.292087 180.464727 170.793029 160.686360 150.821760 192.845584 179.839905 180.224629 172.104823 148.508925 152.469153 163.496139 195.796412 171.342411 184.101237 193.434022 194.161063 173.949094 162.688752 155.485011 172.446130 162.738743 200.730976 198.529338 178.973080 166.687421 155.038287 123.906235 139.155277 149.862196 176.405887 150.803244 14.699607 45.908097 47.506975 71.385191 108.209081 134.001173 144.793408 204.943137 203.178289 174.701743 191.481484 158.410026 133.861024 89.871308 157.582822 70.758288
100.715815 106.137968 110.884060 117.563152 132.901991 150.787125 165.670066 131.334760 152.090549 144.925659 102.785957 94.862169 113.290710 126.265980 163.617261 137.757124 117.738770 99.217514 112.001593 110.372338 93.029952 101.566168 105.222744 109.903241 137.091464 144.369891 115.504986 106.120115 86.437121 84.867312 92.733825 82.091884 90.688747 64.906906 35.997310 55.115247 64.359496 77.604106 76.633054 68.674085 53.751400 37.168947 0.000000 66.092537 38.236849 31.562083 47.684963 56.674287 64.452449 81.992029 96.441742 77.555684 71.665406 67.882259 53.337989 41.495613 72.494035 68.634264 77.724233 87.097953 99.191370 97.076701 73.678469 95.820190 88.746240 115.366551 106.087401 109.677494 104.124801 109.247986 111.530967 110.138778 112.147693 73.403773 87.548583 90.354404 121.507001 89.336753 100.173071 103.474145 92.006702 90.274649 100.145760 140.773862 127.466606 116.170655 122.719437 129.143728 149.660140 157.331269 163.639668 141.872665 135.206892 139.322365 155.597457 179.186670 169.855380 149.608797 162.414408 160.487634 183.280054 168.549368 180.511524 195.731147 160.502607 134.451007 128.411721 146.433888 137.574825 126.674523 125.862549 126.438340 140.801364 170.470209 153.341913 159.192925 166.284072 162.696424 163.617262 165.221576 177.901108 186.007132 192.650222 194.559719 168.801225 159.129527 174.158118 164.293519 183.387930 189.847507 164.585342 160.646564 145.986039 151.744205 136.528794 180.157125 189.510938 199.451134 171.375094 187.603393 186.662868 151.540646 164.062860 182.418004 175.452517 211.135129 208.536939 175.399345 193.843809 166.554758 151.062623 166.877263 167.789884 153.219648 148.331745 45.053403 49.171953 69.172875 98.892818 135.931068 158.573446 163.005951 197.025770 186.313369 159.036109 164.676458 145.264574 118.125116 102.187262 157.059299 83.074242
77.686528 84.851090 94.481511 94.533865 93.232558 111.117692 126.000633 102.962005 123.717795 122.383797 105.767683 97.843895 107.957690 101.404157 135.244506 127.848459 119.075535 107.025371 104.629704 97.958005 88.770227 90.674700 100.380954 107.626616 126.199996 137.742673 101.827583 90.932400 102.384008 109.669780 99.092626 79.681961 87.472621 62.496984 61.125272 60.166007 77.944421 81.093482 67.769235 59.444259 49.491675 47.085927 41.084818 0.000000 24.648350 26.229063 40.068489 45.782820 57.561025 42.322596 59.303407 59.638699 64.048932 35.529674 21.596269 9.143028 52.650805 58.455997 43.216539 52.590259 64.683676 78.151029 54.752797 76.894517 66.234650 83.013966 99.833161 90.751821 83.030121 87.230845 92.605295 73.358506 77.191578 59.552880 73.697691 76.765905 114.942297 73.149427 82.271583 97.417312 96.154209 97.390139 89.807792 121.834190 114.071370 97.550680 100.702296 110.218056 117.307554 125.589548 131.897947 110.130944 103.465172 116.803588 123.855736 155.382132 138.379491 131.890938 150.940205 147.121782 153.992362 157.657900 161.550554 176.770177 128.150022 144.405922 138.366636 122.301116 110.458742 112.898719 99.691618 87.574536 104.749455 138.049194 139.566109 125.783135 132.874282 146.509099 149.766369 157.605102 170.284634 164.864484 173.772957 183.668252 145.771938 136.100240 144.792908 144.198999 160.358643 166.818220 145.902385 139.316787 109.934129 119.681118 134.307631 161.474168 166.481651 178.168993 168.399141 177.006744 185.796778 139.166343 141.033573 162.612878 176.159762 204.778846 185.507652 152.370058 177.790432 150.367433 140.171156 151.334116 139.916171 127.839457 116.590024 61.785534 55.530753 65.956749 96.809847 131.620024 150.266094 162.028694 179.307911 163.424559 149.235240 146.958599 112.911989 86.383395 66.523627 119.008026 48.118127
81.816144 76.187865 86.585388 98.663481 97.362174 115.247308 130.130248 105.015846 125.771636 120.647153 81.730157 76.865045 85.873772 88.029130 137.298347 103.200109 94.427185 82.377021 94.004468 73.309655 69.390623 66.026350 75.732604 82.978266 101.551647 113.094323 90.867907 94.822300 86.916733 85.021431 76.801193 70.676725 77.479796 53.491747 36.476922 46.764493 58.098822 72.276473 43.120885 34.795909 30.112071 59.755097 86.722442 51.754280 0.000000 17.223827 15.420139 21.134470 32.912675 46.452212 63.433023 46.015910 39.400582 49.936041 70.770821 50.882434 88.108970 67.172999 94.970819 72.957516 65.208033 87.785305 72.217204 94.358925 103.987941 109.667567 100.357518 91.788294 92.152142 97.301541 106.988699 77.488122 76.607876 47.084860 61.229670 52.117555 90.293947 63.017839 79.278205 94.018998 94.219685 83.813550 81.619249 111.472588 122.186690 107.621376 110.772991 119.852332 143.380193 137.766492 144.074891 122.307888 133.451480 118.568207 145.294641 157.457708 161.716045 136.990806 140.685446 126.236001 150.798401 133.009550 161.889429 168.473121 146.853728 138.690575 137.804183 126.049253 102.035008 112.336266 103.821234 91.704151 108.879071 140.280024 139.003656 129.912751 137.003898 136.377511 137.298349 132.956752 145.636284 153.742309 160.385398 159.019902 149.901554 140.229856 141.759286 137.974605 164.488259 163.669245 132.320519 128.381741 114.063745 121.794102 138.437247 147.892301 170.611267 171.242417 162.594808 164.879403 167.709337 127.580571 145.163189 156.099091 156.498986 201.205442 181.934249 156.499674 158.303992 140.235844 115.522806 149.285894 144.045787 138.881392 128.766968 47.506698 33.239320 70.804298 73.816404 106.971674 125.617744 153.023458 167.992039 173.695377 144.560733 152.058467 112.137841 103.555479 66.647445 123.137642 47.534425
85.793878 74.575884 79.321977 96.766287 101.339908 119.225042 134.107982 99.772676 120.528466 115.403983 88.404923 81.984508 81.728626 94.703896 132.055177 107.177843 98.404919 86.354755 96.006435 79.984421 64.342101 70.004084 79.710338 84.771518 105.529380 117.072057 92.661158 98.800033 80.002712 88.999164 72.863563 53.452898 75.589770 36.267921 40.860556 33.936944 51.715358 67.227950 46.152421 37.827445 25.063549 54.884057 75.615272 34.530454 6.674766 0.000000 16.122879 25.112204 32.890366 50.429946 64.879658 45.993601 40.103322 53.913775 53.546994 43.673482 87.181259 73.847765 77.746993 68.772819 69.185767 76.940024 78.891970 101.033691 100.765103 109.645257 101.202273 92.959881 83.988124 97.279231 110.966432 78.576694 80.585610 41.841690 55.986500 58.792321 93.325483 57.774669 74.035035 88.775828 94.922425 84.516290 76.376079 117.388190 124.119756 107.599067 110.750682 109.007051 143.357883 137.744182 144.052582 122.285579 133.429170 122.545941 132.602462 164.132474 149.382737 136.624539 147.360212 132.910767 155.455682 136.987284 158.265050 171.338476 144.571819 121.466749 120.580356 118.923189 106.012742 95.112440 100.194401 94.876257 112.051176 138.908126 121.779829 127.630841 134.721989 131.134341 132.055179 133.659492 146.339024 154.445049 161.088139 162.997636 153.879288 144.207589 142.596035 132.731435 168.465993 158.426074 133.023259 129.084481 117.235851 120.182121 137.841429 148.595042 172.386983 167.889051 163.297548 165.582143 164.955317 122.337401 140.514832 150.855921 153.744966 196.386700 177.115507 154.602480 162.281726 134.992674 119.500540 148.144787 146.993019 121.657565 128.744659 39.636355 29.301690 54.073899 76.783359 110.799344 129.595478 135.799631 171.969773 171.594060 139.339354 151.692200 116.115574 101.984923 70.625179 125.497216 51.512159
70.112081 60.767726 71.165248 86.589317 85.658111 103.543245 118.426185 89.595707 110.351497 105.227014 84.430149 78.048730 74.169709 88.250257 121.878208 91.496046 82.723122 70.672958 88.447517 80.975217 66.281736 54.322287 64.028541 71.274203 89.847583 101.390260 79.163844 83.118236 86.766846 73.317367 80.805683 74.019181 65.775733 56.834203 53.161736 48.904858 62.672472 61.507319 31.416822 23.091846 36.090386 63.150493 90.117838 54.055888 55.753858 49.079092 0.000000 9.430407 21.208612 34.748149 50.117230 31.679343 23.980443 38.231978 72.682952 50.975784 76.404907 93.406111 90.142391 57.537376 53.503970 76.081241 96.585553 97.691507 92.657111 95.331000 88.653455 80.084231 80.448079 85.597478 95.284635 65.784059 64.903813 31.664721 45.809531 61.816246 78.589884 47.597700 63.858066 78.598859 78.799546 68.393410 66.199109 101.706393 112.420495 95.917313 99.068928 108.148269 129.043626 123.429925 129.738324 107.971321 121.747416 106.864144 133.590578 154.327074 147.974142 125.286743 137.554812 140.517586 139.773885 121.305487 148.088080 161.161506 134.394849 129.809409 123.770123 110.883575 90.330945 102.375619 90.017432 80.000088 97.175008 124.859885 129.043009 117.453872 124.545020 120.957371 121.878209 117.536613 130.216145 138.322169 144.965259 147.315839 138.197491 128.525793 129.250050 122.554466 152.784196 148.249105 116.900379 112.961601 102.359682 106.373963 124.033270 132.472162 157.165650 155.822278 147.174669 149.459264 156.005274 112.160431 133.089026 140.678951 144.794923 185.785303 166.514109 144.425510 146.599929 124.815705 103.818743 137.581831 132.341724 146.632621 114.430401 55.870249 41.602871 72.944662 62.112341 95.267611 113.913681 148.329601 156.287976 161.417091 129.140594 140.354404 100.433777 91.851415 54.943382 111.433579 35.830362
60.681674 66.266938 71.029401 77.529011 76.227704 94.112838 108.995779 85.957151 106.712941 105.378943 74.999743 77.174398 64.739302 78.819851 118.239652 82.065639 73.292715 61.242551 79.017111 73.619009 57.670016 44.891881 54.598134 61.843796 80.417177 91.959853 69.733437 73.687830 77.336439 63.886961 71.375277 73.844736 56.345326 56.659758 43.731329 39.474451 53.242066 52.076913 21.986415 13.661439 26.659979 53.720087 80.687432 47.603177 46.323452 39.648686 47.748588 0.000000 11.778205 25.317742 42.298553 24.881440 24.165455 28.801571 63.252546 56.746205 66.974500 83.975705 80.711984 52.614628 44.073563 66.650835 89.019910 88.261101 83.226704 88.533097 79.223048 70.653824 71.017672 76.167071 85.854229 56.353652 55.473406 37.834708 51.979519 52.426909 69.159478 51.431255 61.260931 75.642578 79.149355 80.385285 62.253612 92.275986 102.990088 86.486906 89.638522 98.717862 122.245723 116.632022 122.940421 101.173418 112.317010 97.433737 124.160171 151.677865 140.581575 115.856336 134.905603 131.087180 130.343478 111.875081 144.545700 159.765323 125.719258 121.363865 118.413129 104.914783 80.900538 92.945212 82.686764 70.569682 87.744601 121.044340 119.612602 108.778281 115.869428 124.790927 128.048197 154.169700 149.986040 143.918424 156.768103 137.885432 128.767084 119.095386 127.788054 127.559956 143.353789 149.813366 128.897531 122.311933 92.929275 102.676264 117.302777 144.469314 149.476797 161.164139 151.394287 155.288572 146.574867 115.990826 124.028719 144.512507 135.364516 187.773992 168.502798 135.365204 137.169522 128.649260 94.388336 128.151424 122.911317 137.202214 107.632498 46.439843 32.172464 63.514255 52.681934 85.837204 104.483274 138.899195 146.857570 152.560908 132.230386 130.923997 91.003371 82.421009 45.512975 102.003172 26.399955
53.805655 57.099974 59.251196 68.075893 69.351684 87.236818 102.119759 79.081131 99.836921 98.502923 82.469202 74.545414 80.758050 77.523284 111.363632 95.816425 86.021907 74.993337 91.408723 77.471901 45.891811 58.642666 67.327326 74.572988 94.167963 102.118751 82.462629 87.438616 80.756337 67.306859 78.689877 82.568665 54.177460 75.208478 56.055335 46.789051 64.567465 57.212608 29.301016 47.073056 60.071596 84.691500 87.587171 46.502353 58.569523 51.894757 35.970383 45.400790 0.000000 18.441723 35.422533 13.103235 20.882897 36.938973 68.098622 55.434989 91.668356 87.727385 68.933779 40.836423 48.675607 67.968543 89.407509 87.814714 90.320393 76.754892 70.575043 74.569201 75.016642 64.388866 90.456272 45.686329 53.310705 28.161405 42.306215 59.939439 76.474078 44.094384 58.390710 63.864373 70.676241 73.509265 50.475406 100.310207 91.229391 74.708701 77.860316 100.035570 110.467518 104.853817 111.162216 89.395213 100.538805 94.463245 119.233874 139.899660 135.453124 104.078131 123.127397 119.308974 130.111488 134.812007 137.669680 152.889303 118.843238 112.674210 106.634924 98.420242 99.380908 81.167007 75.810744 63.693662 80.868581 114.168321 107.834397 101.902261 108.993409 117.454056 118.374893 146.508700 143.810203 140.983611 149.892083 160.822358 121.891064 112.219366 120.912034 119.051150 136.477769 142.937346 122.021512 115.435914 86.053256 95.800244 110.426758 137.593295 142.600777 152.405030 144.518267 153.125870 134.796662 108.657116 114.575601 133.293698 123.586311 180.897972 161.626779 125.912086 149.607359 121.312389 108.139122 127.453242 116.035298 131.389123 95.854293 75.713649 65.374365 70.828856 58.333069 99.587990 118.234060 145.678039 151.495104 140.782703 125.354367 119.145792 96.860468 86.336386 42.642754 95.127152 24.237253
35.363932 42.528493 52.158915 52.211268 50.909962 68.795096 83.678036 60.639408 81.395198 80.061201 71.315028 63.391240 71.648598 59.081561 92.921910 101.421783 89.089908 69.848694 72.967001 66.540780 51.497169 64.248024 70.395327 77.640989 99.773320 107.724109 85.530630 93.043973 74.709340 76.981978 84.572860 76.418853 67.601819 71.573024 55.001729 45.735446 54.093381 38.770885 35.183999 45.252181 44.924562 81.168927 104.646216 63.746536 64.452506 57.777740 70.820463 72.103184 83.800833 0.000000 16.980811 30.075766 33.671091 53.911505 61.783386 72.889564 102.614691 98.643115 83.601784 52.202167 46.538317 69.115589 103.687320 71.169566 83.404605 74.528644 65.147867 75.057772 60.866670 81.666253 88.318983 31.035910 34.868982 17.230284 31.375094 55.274632 82.357061 30.826831 39.948987 55.094716 53.831613 55.067543 47.485195 87.999338 98.713441 91.706941 95.137703 101.182616 108.822233 112.088769 106.744758 106.367744 107.930747 91.589475 105.683808 136.087841 122.464083 114.686366 119.315579 116.046572 111.669765 131.602284 119.227958 134.447581 100.401516 102.083326 96.044040 79.978520 88.790024 70.576123 57.369022 45.251939 62.426859 95.726598 97.243513 83.460538 90.551686 104.186503 107.443773 128.851958 128.609504 122.541888 131.450361 149.921288 103.449342 93.777644 102.470311 102.242213 118.036047 124.495624 103.579789 96.994191 67.611533 77.358522 91.985035 119.151572 124.159055 135.846397 126.076545 134.684148 143.474182 96.843747 98.710977 120.290281 133.837165 162.456249 143.185056 110.047461 135.467836 108.044836 113.744480 109.011519 97.593575 130.953026 112.826824 68.609452 57.625636 60.829278 63.938427 103.668816 123.839418 134.099230 139.980380 137.508012 106.912644 126.128844 79.889960 78.863470 24.201031 76.685430 5.795531
52.673825 41.396685 51.794208 69.521161 69.699031 87.584165 102.467106 79.428478 100.184268 98.850270 78.660335 71.017658 54.667787 68.748336 111.710979 85.315650 89.096928 85.478918 65.154936 81.091624 68.536617 76.413637 70.402347 77.648009 108.334867 100.125869 85.537650 104.984469 91.550541 89.525146 97.847246 87.205304 84.641267 70.020327 41.110730 60.228668 69.472917 38.777905 53.296537 64.041251 58.864821 64.188116 91.155461 50.950063 64.591960 60.956690 63.704104 59.306710 71.084915 18.789069 0.000000 13.094955 20.874618 36.930694 64.831837 60.093091 85.633880 92.104827 80.071947 40.828143 48.667327 67.960263 93.570487 54.188755 66.423794 57.547833 70.566763 71.400562 57.209460 75.468729 87.990518 49.824979 53.658051 36.019353 50.164164 59.899524 82.680801 41.208178 58.738057 69.679056 72.620682 68.668563 56.290089 98.256259 102.309254 85.788564 88.940180 84.603086 91.841422 104.845537 111.153936 89.386933 111.618668 104.346799 119.861389 134.956033 136.641664 132.135457 118.183771 134.835641 130.458835 150.391353 138.017027 151.632112 119.190585 116.977667 110.938381 91.512534 103.684365 85.470464 75.403358 64.041009 81.215928 91.544482 112.137854 102.249608 109.340756 114.567849 122.046135 111.871147 124.550679 132.656704 137.902114 159.461560 115.402079 105.730381 85.489501 119.552106 135.345940 136.448361 112.457703 106.638592 86.400602 87.002922 104.662230 128.029486 136.111792 141.207911 142.731993 143.802515 135.459950 114.171557 116.020870 133.956986 124.249599 174.408987 155.137793 127.357354 146.721153 118.426183 125.910093 127.800589 116.382644 113.972216 95.846013 68.552752 54.285373 78.951795 80.977875 89.087215 136.005031 144.480577 158.769450 156.297082 104.376798 144.369742 98.679029 75.206260 42.990100 95.474499 24.584600
84.214140 89.575439 99.972962 101.061477 118.120262 132.154570 150.636705 127.849708 148.605498 142.941718 94.073747 86.149959 105.672504 112.234838 154.252348 128.277394 119.504470 86.529764 103.289383 97.515363 90.471446 91.103635 100.809889 108.055551 126.628931 132.363566 115.306786 119.899585 118.197413 104.917207 107.957385 106.311704 82.037837 89.299175 67.757602 76.056559 93.171799 88.659021 58.568523 59.873194 72.871734 84.941034 78.939925 37.855107 51.497005 53.031254 50.609149 46.211755 57.989960 71.529497 55.908300 0.000000 7.779662 23.835738 58.286712 46.998135 78.565121 79.009872 81.071647 27.733188 35.572372 54.865308 84.054077 74.711479 77.217158 63.651657 57.471808 72.554109 61.913407 62.373774 77.353037 88.049633 75.496406 80.326041 73.802069 76.323263 82.898396 92.318521 80.842183 95.987911 104.461404 103.917751 88.378391 98.295115 89.214299 72.693609 75.845224 86.932335 97.364283 91.750582 98.058981 76.291978 98.523713 92.448153 106.766433 146.509270 123.546708 119.384411 131.864697 132.385400 131.975320 150.118286 145.145095 160.364718 138.531864 111.372306 105.333019 105.045171 113.969141 123.607005 109.360874 98.282822 115.457741 119.198252 150.274395 130.788284 137.879431 151.508000 160.367191 167.779448 171.834978 169.869633 174.895180 156.092158 146.894162 137.222464 141.397801 148.516128 166.886255 167.940443 149.617843 151.016535 120.642415 133.361552 119.694333 165.189626 167.603875 179.291216 179.892132 171.456284 186.623775 134.706185 147.561185 169.140490 180.157899 205.901069 186.629876 158.897670 183.381277 166.866835 140.600091 168.991092 151.288209 119.495076 82.751058 85.296309 71.028930 100.096363 91.375063 132.048959 150.695029 132.574804 146.151250 155.286378 132.030568 134.452072 106.139106 79.910207 65.094227 128.159416 72.611710
99.113767 90.274338 100.671861 110.124548 114.659797 124.374908 147.427871 124.389243 145.145033 143.811035 93.675050 85.751262 103.171394 104.455176 156.671744 120.497732 111.724808 99.674644 102.890686 89.735700 96.102109 83.323973 93.030226 100.275889 118.849269 130.391946 108.165530 112.119922 115.500320 102.050841 106.811140 102.649379 74.258175 87.736562 74.808133 77.906544 91.674158 90.509005 60.418508 52.093532 65.092072 77.161372 71.160263 30.075445 51.098308 52.632557 42.829486 38.432093 50.210298 63.749835 80.730646 63.313533 0.000000 23.437041 51.671714 39.218473 75.012011 78.611174 73.291984 82.665704 82.505656 105.082927 83.655380 105.797100 81.562521 77.026331 117.655141 105.114881 109.449764 114.599163 121.507878 90.159082 68.080131 74.494207 88.639017 68.543600 107.591570 89.863348 73.062521 88.208249 96.681741 105.541456 80.598729 130.708078 137.443516 124.918999 128.070614 137.149954 111.319920 132.177096 144.536046 139.605511 133.540617 135.865830 153.931181 183.833686 168.454936 154.288429 167.061424 169.519272 168.775571 150.307173 158.776041 173.995664 139.949599 155.368336 150.113611 140.390188 119.332631 124.645694 111.235529 109.001774 126.176693 136.621311 143.006352 123.008621 130.099769 146.172945 155.032135 160.366099 168.157587 162.089971 182.906701 173.065231 167.199177 157.527478 158.756662 165.383952 160.288841 188.245458 151.822246 155.516245 131.361368 135.880575 151.160068 167.394029 187.908890 190.744144 178.922024 184.381130 185.006960 148.188598 154.037647 175.616952 173.796609 220.707169 201.435976 167.960741 175.601615 167.081353 132.820429 162.786696 153.225551 133.450713 146.064591 77.516646 63.249268 96.032194 83.595401 124.269297 142.915366 124.795142 181.401910 170.621546 149.453627 165.676927 129.435463 116.458840 57.314564 140.435265 64.832047
96.452333 91.962758 97.476234 88.149299 111.998363 121.625928 141.259197 110.480790 131.236580 130.029540 70.238009 62.314221 81.836766 95.917315 142.763291 117.836298 109.063374 97.013210 79.453644 93.187165 93.440675 80.662539 90.368793 97.614455 116.187835 127.730512 105.504096 109.458488 109.198228 99.657619 101.335594 82.648414 92.115985 65.463437 63.268070 63.132460 80.327478 76.277105 56.405867 48.080891 54.259065 65.887532 59.886423 18.801605 27.661267 29.195516 31.195032 35.770659 47.548864 61.088401 78.069212 60.652099 43.580305 0.000000 34.450974 27.944633 54.729383 55.174133 58.837218 61.221262 75.994738 83.616571 60.218339 82.360059 60.343890 101.815571 94.945300 81.677839 90.664670 95.787856 98.070837 92.124311 86.906487 62.859752 77.004563 79.778821 90.259725 68.482783 87.379933 102.642551 109.454419 99.588442 89.253584 127.313731 114.006475 106.107691 109.259306 115.683598 136.109160 138.444253 144.752652 122.985649 116.319877 125.862235 136.710441 168.236837 151.234196 144.745644 163.794910 153.897267 163.707270 147.645739 176.911516 189.984942 146.951627 148.115525 142.076239 132.973758 116.671197 116.608322 117.701453 105.584371 122.759290 152.686325 143.275712 143.792970 150.884118 141.842454 150.701645 148.731645 161.411176 169.517201 176.160291 173.656091 164.537743 154.866045 147.542588 153.749498 179.124448 179.444137 148.095411 144.156633 127.943964 130.840735 136.980579 163.667194 185.247456 172.478435 169.764304 178.007381 179.412212 124.751557 130.600606 152.179910 170.296491 211.275462 192.004268 145.985492 172.940181 145.700788 130.158995 158.852901 138.376031 143.460136 129.444729 68.831871 58.497206 83.269415 88.452593 121.607863 140.253933 164.995147 182.628228 176.279264 160.335626 154.711692 126.774029 93.445024 76.946056 137.017861 57.833036
90.983540 87.876921 83.941719 103.041373 106.529570 124.414704 135.672264 116.259017 137.014807 135.680809 85.130084 77.206296 95.041168 109.121717 148.541518 112.367505 103.594582 91.544417 94.345719 102.464696 87.971882 75.193747 84.900000 92.145663 110.719043 122.261719 100.035303 103.989696 102.760714 94.188827 79.538486 97.540489 86.647192 80.355512 65.631963 69.776317 83.543932 82.378779 52.288282 43.963305 48.990903 70.128573 74.778498 33.693680 29.155041 44.087591 35.682006 30.301866 42.080071 55.619608 62.531439 55.183306 43.116017 14.892075 0.000000 30.360857 69.621458 36.859729 24.386244 33.759964 45.853380 65.302166 41.903934 64.045655 73.674671 75.711024 81.002865 77.902959 64.199825 68.400550 77.571384 86.655518 81.988260 66.484741 80.629551 81.272596 99.461344 81.733121 86.970650 102.116379 109.451221 104.075416 92.555478 100.237921 95.241075 78.720385 81.872000 97.369193 110.004612 103.993279 110.301678 88.534675 81.868903 95.207320 102.259467 133.785863 116.783222 110.294670 129.343936 125.525513 143.965926 141.028545 151.171870 166.391493 139.749443 123.615003 117.575717 111.071947 88.862474 123.247078 112.988630 100.871548 118.046467 125.225027 149.914468 139.080147 144.487809 155.092793 156.698230 153.218619 164.975091 171.341674 178.075360 167.038896 152.245697 142.573999 132.467330 122.602730 173.655655 173.291979 152.582385 148.643607 123.231141 132.978130 147.604643 168.154168 172.955410 184.642752 181.696153 177.483060 176.876733 139.643632 145.492681 167.071985 165.666382 203.044222 183.773029 160.877566 167.471388 158.951127 124.690202 158.453290 153.213183 109.009162 94.993755 72.675793 61.691977 93.672499 82.983801 116.139070 134.785140 167.911158 157.711642 141.828290 138.057343 125.362331 98.965306 64.787126 71.222694 130.116957 56.701821
87.853198 93.973098 104.370620 104.700535 121.759320 131.439292 154.527394 119.169890 139.925679 134.801197 96.624655 88.700867 108.223412 122.303961 151.452391 143.511983 120.337539 101.816283 95.486676 110.549399 95.855919 106.338224 116.044478 121.948971 141.863520 146.968660 127.550716 118.165845 98.482850 113.813735 106.477963 90.587593 101.815681 85.029413 72.501170 63.234887 81.013300 94.149526 78.192535 74.467537 80.135380 39.767716 48.517813 45.188251 54.047913 55.582162 57.581678 61.446344 73.224549 82.766438 81.543397 50.495671 58.275333 26.386646 31.144478 0.000000 51.089485 58.769636 55.530721 52.771921 67.545398 69.008001 45.609769 67.751489 57.091622 73.870938 93.270250 81.608793 76.056101 87.412507 83.462267 113.088366 101.873205 61.238903 75.383713 99.283251 116.646371 77.171883 93.432248 108.173041 115.974127 107.556809 95.773292 112.705162 114.253032 97.732342 100.883958 101.075028 108.164526 129.021702 141.380653 119.679153 113.013380 115.170150 133.403945 164.930341 147.927700 141.439147 156.903430 156.669990 160.518123 172.173023 170.183828 185.403451 119.006994 147.538048 143.315361 130.083904 118.948910 138.419589 112.999932 114.273470 127.938747 144.236985 132.965348 147.028055 154.119202 150.531554 151.452392 175.118291 176.887702 182.611272 183.939627 188.187424 155.938608 146.266910 161.993248 152.128649 170.525313 176.984890 156.069055 159.215004 133.123422 139.579335 153.531815 171.640838 176.648321 188.335663 184.291244 188.627940 195.963448 141.734614 151.200243 170.253134 187.857845 214.945516 195.674322 162.536728 182.684857 154.389888 155.834680 167.542000 154.927267 130.295320 126.138233 54.467323 84.883852 87.274691 108.297177 147.283548 165.929618 180.444282 178.246517 172.972767 157.027727 154.642646 103.768961 93.375978 91.107638 145.706961 75.281452
143.175035 144.106995 149.771801 160.022371 170.946430 177.180814 186.301681 174.491726 195.247516 186.425834 151.946491 144.022703 159.458028 173.538577 196.367385 176.784365 168.011442 114.582758 133.398791 150.188201 140.586370 139.610607 149.316860 155.027177 162.952413 174.495090 162.916818 160.438456 152.166613 158.605687 128.944386 145.909430 147.023672 138.627568 113.159103 118.556723 136.335137 120.313395 116.705142 108.380165 110.220268 95.089553 103.839649 100.510088 98.910757 102.359647 105.437722 94.718726 106.496931 120.036468 118.888461 105.817507 112.871733 81.708483 69.755716 55.321836 0.000000 21.358367 94.141960 103.515680 111.753848 49.800804 26.402572 48.544293 16.252204 61.181500 74.063053 62.401597 56.848904 61.972090 64.255071 87.647948 150.192132 116.560740 130.705550 141.435013 163.878204 132.493719 148.754085 155.026833 161.838700 156.342426 141.637866 93.497965 80.190709 72.291925 75.443540 81.867832 95.475088 95.040781 107.399732 100.683004 98.122028 92.046468 116.817098 149.799470 133.036348 126.547795 145.597061 141.778638 141.310926 157.281671 152.160809 167.380432 149.257189 122.097630 122.481455 99.157992 112.840630 150.127200 168.321769 165.288408 179.100889 178.223018 161.118162 184.064962 191.156110 140.321865 149.181055 178.772438 166.686139 178.341806 181.435254 175.497986 182.025741 201.588746 186.929313 184.896567 212.685908 197.716430 188.202975 198.989166 174.207927 187.803336 193.293720 199.891893 189.218937 201.977763 214.541439 186.385752 201.553242 187.362214 170.693954 192.273258 210.389839 235.677056 216.405863 212.386389 231.888248 207.226490 189.107062 190.602972 165.091596 117.605882 107.142084 109.789159 122.921343 142.596528 147.400661 180.555930 197.654088 208.507202 165.557078 154.884694 173.685262 135.435450 105.737422 74.168782 140.231701 195.947040 121.118681
133.013739 140.178301 147.059248 149.861076 166.919861 155.822447 164.943314 176.649307 185.358244 191.741317 146.872928 161.060032 139.715665 153.796214 196.884955 171.674841 153.777013 162.337906 146.476453 149.822098 135.468603 148.219459 135.082431 142.328094 175.234290 176.220900 150.217735 169.664554 169.462069 157.720193 164.359718 142.912255 151.573253 125.727278 141.938435 132.672151 147.994908 138.139590 129.707992 126.412963 134.430112 120.918331 126.023255 84.938437 109.586787 111.167500 125.006926 115.281465 127.059670 120.489031 109.610052 120.420049 107.900146 107.537261 99.938695 81.150615 56.025029 0.000000 96.086352 105.460072 90.395481 28.442437 5.044205 27.185926 36.814943 62.112260 52.704686 41.043230 35.490537 40.613722 42.896704 66.289581 137.943702 122.075337 128.625179 152.524716 164.081418 138.008316 131.623435 133.668465 140.480333 149.340047 120.279499 72.139598 58.832342 50.933558 54.085173 60.509464 96.405848 89.383135 101.091640 79.324637 76.763661 70.688101 95.458731 128.680621 111.677981 105.189428 124.238694 120.420271 119.952559 135.923303 130.802442 146.022065 127.898822 100.739263 101.123088 77.799625 91.482262 128.768833 158.160473 160.571041 157.742522 156.864651 139.759794 162.706595 169.797743 118.963497 127.822688 157.414071 145.327772 156.983439 160.076887 155.028462 160.667374 180.921876 165.570946 163.538200 191.327541 176.358063 166.844607 177.630799 152.849560 166.444969 181.001462 178.533526 167.860569 180.619395 193.183072 165.027385 180.194875 189.634403 196.360784 217.940089 233.018386 214.318689 195.047496 191.028022 229.193224 215.226322 197.715914 205.337766 187.992055 104.675592 85.783717 135.617937 140.469190 148.876424 147.909861 168.355920 207.810852 204.237596 148.263174 133.526327 152.326895 114.077083 84.379055 52.810415 130.716212 177.090176 117.460418
70.108905 77.273467 87.670989 86.956242 104.015027 113.896793 136.783101 113.744473 134.500263 125.441125 87.204778 108.343862 92.812983 106.893532 140.147113 117.150175 108.377251 96.327087 103.300131 104.788472 93.393668 79.976416 89.682670 96.928332 115.501713 127.044389 84.884119 104.330937 104.261451 90.811972 105.075558 110.274903 92.639529 104.695990 78.345727 96.397510 79.066564 76.923101 84.300384 99.959289 96.099818 102.333312 125.791074 84.706256 101.360309 99.101886 81.563362 86.297850 98.076055 56.934265 38.145196 49.863304 54.630811 73.699042 102.977032 85.691120 59.922308 18.793606 0.000000 9.373720 21.467137 42.302260 20.473730 42.615451 49.822831 72.345297 56.616622 54.004684 39.813582 44.014306 58.326229 69.690165 57.602017 61.966573 59.696835 83.596372 107.226494 77.899552 62.584406 77.730135 86.203627 89.812516 70.120615 79.935647 70.854831 54.334141 57.485757 73.620073 106.438166 92.783718 105.142669 86.830017 80.164245 74.088685 98.859314 130.277491 115.078564 108.590012 113.505229 123.820855 135.382084 139.323887 126.785627 142.005250 129.876812 104.139847 110.009167 86.685703 95.609673 105.247537 92.040436 79.923354 97.098273 100.838784 131.914927 118.131953 125.223101 134.393022 143.252213 150.016343 154.079442 157.213303 166.195334 158.485802 138.194315 128.522617 123.634696 130.156660 149.810726 159.240597 131.258375 135.514026 102.282948 115.878356 130.434850 146.830158 158.904028 170.180274 161.532665 153.096817 168.264307 139.067791 133.455951 155.035255 162.394794 197.201223 177.930030 144.792435 172.254058 149.153328 129.472872 154.885857 137.182974 84.622918 93.289097 105.640176 91.372798 108.442516 97.434955 120.921740 139.567810 173.623443 156.006984 136.926911 113.671100 123.657673 87.779638 57.810381 46.836450 111.356844 62.729796
63.415246 70.168160 80.565683 80.262582 97.321367 105.084008 128.758175 107.050814 126.421056 116.067405 77.831058 98.976862 83.439263 97.519812 133.453453 110.456515 101.683591 89.633427 93.926411 98.094812 86.700008 73.282757 82.989010 90.234673 108.808053 120.350729 98.124313 102.078706 97.567791 84.118313 98.381898 103.581243 85.945869 98.002331 69.882206 87.023790 72.372905 67.549381 77.606725 90.585569 87.636296 92.959592 116.417354 75.332536 91.986589 89.728166 88.086577 76.924130 88.702335 47.560545 28.771475 40.489584 45.257091 64.325322 93.603312 78.997460 79.119662 83.483710 108.843422 0.000000 14.773477 37.350749 88.527915 57.895527 59.909576 65.651637 49.922962 44.820921 41.717586 34.640586 56.554143 60.316445 65.859775 52.592853 53.003175 76.902712 97.852774 68.525832 70.842164 85.987893 93.524992 83.118856 78.378372 70.561927 61.481111 44.960421 48.112037 64.246353 97.064446 83.409998 95.768949 77.456297 70.790525 64.714965 89.485594 120.903771 105.704844 99.216291 104.131509 114.447135 132.887548 129.950167 117.411907 132.631530 121.925685 94.766127 100.635447 77.311983 86.235953 95.873817 82.666716 70.549634 87.724553 91.465064 122.541207 108.758233 115.849381 126.470104 135.329294 140.642623 144.705721 147.839583 159.454836 149.112082 131.500655 121.828957 114.260976 120.782940 146.087360 152.546937 121.884655 126.140306 92.909228 106.504636 121.061130 137.456438 152.210368 160.806554 152.158945 143.723097 158.890587 129.694071 126.762291 148.341595 153.021074 190.507563 171.236370 138.098775 165.560398 145.743837 122.779212 148.192197 130.489314 101.640843 83.915377 97.324227 83.056849 101.748856 90.741296 114.228080 132.874150 166.929783 146.633264 127.553191 104.297380 114.283953 78.405918 56.588106 55.094208 101.983124 53.356076
48.641769 55.806330 66.203853 65.489105 82.547890 98.965734 115.315964 92.277337 113.033126 107.369347 91.741837 86.876725 75.003716 89.084265 118.679976 95.683038 86.910114 74.859950 85.490865 83.321335 71.926531 58.509280 68.215533 75.461196 94.034576 105.577252 83.350836 87.305229 82.794314 69.344836 83.608421 88.807766 71.172392 83.228854 61.446659 80.321283 57.599428 59.113834 62.833248 80.605288 79.200750 84.524045 105.404971 64.320153 83.816005 81.292619 77.074195 72.676801 84.455006 39.124998 20.335929 33.430884 34.244708 56.154738 85.167765 64.223983 73.020112 93.304792 100.407876 57.172179 0.000000 22.577272 98.348997 44.187538 54.894835 50.878160 35.149485 41.135211 26.944109 44.290971 41.780666 69.966830 51.086298 56.355282 38.229698 62.129235 103.016729 58.041079 56.068687 71.214416 78.751515 68.345379 63.604895 80.212312 70.967964 54.610806 57.762422 54.644299 85.171749 88.918075 94.207198 73.459471 80.440910 74.365350 97.283942 132.357870 111.070445 108.866677 125.903664 124.097520 129.142813 139.600552 134.479691 149.699314 122.949644 104.416512 102.500513 86.962368 91.574243 99.208159 73.788503 76.199071 88.727318 91.281252 125.875549 114.407670 121.498818 120.014372 128.873562 132.207076 144.886608 152.992633 144.728197 153.912424 116.727179 107.055480 105.825429 115.520050 131.313883 137.773460 116.857626 117.424850 93.911992 97.789181 114.320386 132.429409 137.436892 149.124233 147.104111 143.539285 155.795879 124.957816 111.988814 133.568118 144.585528 175.734086 156.462893 123.325298 150.786921 133.097726 108.005735 133.418720 115.715837 107.302542 79.918551 88.888681 74.621302 86.975379 75.967819 99.454603 118.100673 152.156306 155.253739 135.805973 104.113568 114.169063 86.436548 44.940908 40.320731 107.632561 44.920529
120.247699 127.412261 132.893528 137.095036 154.153820 143.056407 152.177274 163.883267 172.592203 178.975277 134.106888 135.321137 111.273228 125.353777 184.118915 151.870813 133.972985 142.084359 125.551037 140.754128 115.664575 128.415430 115.278403 122.524066 155.430262 156.416871 130.413706 149.860525 147.279378 137.916165 144.485150 118.780198 131.769225 130.948630 129.172395 119.906111 135.228868 136.743275 121.971899 113.646922 126.645462 141.091627 138.591143 107.685358 132.333708 133.914421 118.054129 122.474121 134.252326 114.833482 97.965369 98.706171 95.134106 118.571147 107.131351 105.764677 50.442840 71.801207 110.357569 119.731289 77.629441 0.000000 76.845413 37.364566 44.007599 39.990924 24.262249 21.239202 7.048100 27.847682 37.829157 53.523541 114.311916 116.129131 115.859139 132.779312 154.128604 129.395735 127.161166 129.524331 136.336199 139.951310 116.135364 63.769024 54.688207 38.167517 41.319133 32.067027 74.284513 66.340803 72.649203 50.882200 63.997621 51.810741 74.706670 114.380743 91.486945 92.423388 110.195005 106.975622 106.565542 123.157263 111.925082 127.144704 113.122086 85.962527 79.923241 70.519080 71.678234 121.488287 137.851301 147.805001 160.333248 128.422214 126.993754 157.639049 164.730197 114.940871 123.800062 153.391445 139.218896 149.072906 153.968011 144.817064 156.644748 165.726355 145.766918 150.772160 178.561501 163.592023 154.078567 149.188361 165.517923 162.001660 159.787742 169.650350 155.094529 167.853355 178.406336 159.959838 175.127329 174.799594 183.594744 205.174049 220.252346 201.552649 182.281456 162.585585 201.240021 198.737217 177.911886 192.571726 175.226014 91.579218 57.341280 125.843925 133.447270 120.433987 128.105833 148.551892 188.006824 191.471556 134.876157 115.909965 139.560855 94.273054 63.859276 25.044899 117.950172 164.324136 104.694378
142.499308 149.663869 156.291760 151.010223 176.405429 165.308015 174.428882 174.962118 194.843812 190.593425 156.358496 156.015826 134.671460 148.752009 206.370523 166.630636 148.732807 157.293701 148.949269 164.152360 130.424398 143.175253 130.038226 137.283889 170.190085 171.176694 145.173529 164.620348 166.125466 152.675988 166.939573 142.178430 146.529048 154.346862 151.424003 142.157720 152.647560 133.095385 134.829697 126.504720 139.503261 140.720074 150.052299 131.083590 126.655553 141.588103 133.182518 112.843281 124.621487 132.653291 120.216978 122.104403 111.442501 112.392587 97.500512 101.534487 53.586846 74.945213 121.886756 131.260476 99.881049 23.398232 0.000000 22.141720 34.376759 57.068054 47.660481 35.999025 30.446332 50.099291 37.852498 75.775150 137.710148 117.031132 131.175942 147.539135 176.245679 132.964111 143.787696 145.832726 152.644594 161.504308 132.443760 67.095393 70.996603 60.419126 57.627528 55.465259 91.361643 89.739035 96.047435 74.280432 86.249230 69.560382 98.104902 137.778975 107.142278 114.674996 125.850337 129.905840 114.908354 134.840872 129.674723 144.894345 129.679290 109.360759 103.321473 86.827475 86.438057 137.796683 161.249533 170.056610 152.698316 151.820446 143.637644 157.662390 164.753538 113.919292 122.778483 152.369866 140.283567 151.939234 155.032681 149.984257 155.623168 180.767621 160.526741 173.023768 191.466229 185.843632 176.330176 172.586593 157.882991 171.478399 183.185974 187.561377 177.346138 190.104964 194.963540 159.983179 175.150670 194.667834 197.509932 219.089236 234.167533 223.804257 204.533064 185.983817 224.638253 210.182116 192.671709 214.823335 197.477623 109.328859 80.739512 140.603748 145.015745 143.832219 142.865656 163.311715 202.766647 213.723164 143.218969 130.669788 161.812463 109.032877 79.891803 47.766210 140.201780 186.575744 126.945987
151.383235 149.689838 145.754636 168.230572 166.929265 184.814399 184.799345 176.658712 197.414502 182.408669 144.686957 136.763169 155.440863 169.521412 208.941213 172.767200 163.994276 135.151980 153.902593 164.320570 148.371577 135.593442 145.299695 152.545357 171.118738 182.661414 160.434998 164.389391 168.038000 154.588522 154.897278 140.785125 147.046887 147.361319 134.432890 130.176012 143.943626 142.778474 112.687976 104.363000 117.361540 118.578354 127.910579 109.052472 104.513832 119.446382 111.040797 90.701561 102.479766 116.019303 133.000114 115.583001 114.867016 90.250866 75.358791 79.392766 31.445125 52.803492 99.745035 109.118755 121.212172 62.387769 57.847698 0.000000 12.235039 49.145937 86.650018 83.626971 69.435869 90.235451 95.700196 115.911310 146.174967 128.536269 132.285931 143.128470 159.861039 142.132816 151.962492 166.344139 162.731396 152.325260 152.955173 118.619953 109.539137 94.300797 96.170062 85.639938 83.439526 104.296702 116.655652 104.455110 111.261643 105.383652 128.279581 159.055391 145.059856 137.276237 156.325504 152.507080 160.138452 168.010113 165.497992 180.717615 166.694997 139.535438 133.496152 125.370009 120.141527 162.418976 173.388325 161.271242 178.446162 181.995125 178.860699 199.479842 206.570989 171.766990 180.626180 208.183131 191.956658 194.818271 187.213289 163.462423 191.886392 209.796947 203.837762 197.961521 222.056029 225.039261 201.342590 202.761272 183.630836 193.377825 189.276555 211.452739 217.482298 230.241124 226.155246 217.830877 232.998367 204.288407 202.139079 223.718384 226.066077 262.999887 243.728693 224.973354 227.871083 219.350821 185.089897 218.852985 196.536721 105.570319 110.914191 133.277960 122.874025 154.215816 143.383495 176.538765 195.184835 229.600756 153.521516 171.221030 186.958984 152.343898 104.961579 87.432668 136.214536 191.929875 117.101516
139.148196 137.454799 133.519597 155.995533 154.694226 172.579360 172.564307 164.423673 185.179463 170.173630 148.253836 140.330048 143.205824 157.286373 196.706174 160.532161 151.759238 133.792845 152.608877 152.085531 136.136538 123.358403 133.064656 140.310319 158.883699 170.426375 148.199959 152.154352 155.802961 142.353483 142.662239 152.311258 134.811848 135.126281 122.197852 117.940973 131.708588 130.543435 100.452938 92.127961 105.126501 111.237149 119.987246 96.817433 92.278794 107.211343 98.805758 78.466522 90.244727 103.784264 120.765075 103.347962 102.631978 78.015827 63.123753 71.469433 19.210086 40.568453 87.509996 96.883716 108.977133 50.152730 45.612659 67.754379 0.000000 50.143309 74.414979 71.391932 57.200830 78.000412 83.465157 103.676271 133.939928 116.301230 120.050892 130.893431 147.626000 129.897777 139.727453 154.109100 150.496357 140.090222 140.720134 106.384914 97.304098 88.259379 83.935024 73.404899 79.710955 100.568131 112.927081 92.220072 99.026605 93.148613 116.044542 150.943565 132.824817 127.452371 146.501638 142.683215 147.903414 158.186247 153.262954 168.482577 154.459958 127.300399 121.261113 113.134970 107.906488 164.104178 161.153286 149.036204 166.211123 169.760086 168.418312 187.244803 194.335951 159.531951 168.391141 195.948092 180.556768 190.229590 188.210661 164.459795 188.157821 197.561908 194.013896 185.726483 209.820991 213.744753 189.107551 190.526233 171.395797 181.142786 177.041516 204.679334 205.247259 218.006085 219.381840 205.595838 220.763329 192.053368 189.904040 211.483345 213.831038 251.705379 232.434186 212.738315 215.636044 207.115783 172.854858 206.617946 184.301682 101.841748 98.679152 124.906365 110.638986 141.980778 131.148457 164.303726 182.949796 217.365717 154.518887 158.985992 174.723946 142.520032 92.726540 75.197630 123.979497 179.694836 104.866477
153.456888 142.179748 152.577271 170.304224 170.482094 186.696566 194.802745 180.211541 188.739618 199.633333 167.467870 171.800721 155.450850 169.531399 200.266329 186.098713 179.387416 156.583736 165.937999 177.639510 160.030537 150.986581 160.692834 167.938497 186.511877 198.054554 175.828138 179.782530 170.688859 168.812950 167.894630 142.189678 161.258199 149.704618 141.893793 145.569152 159.336766 139.560968 128.081116 119.756140 132.754680 137.090530 112.290062 119.609933 120.111464 113.436698 96.664294 106.094701 117.872906 119.572132 100.783063 113.878019 120.644737 109.561123 94.669048 97.322814 42.000977 63.359344 119.055292 116.749658 121.269600 81.698026 68.403550 90.545270 31.545295 0.000000 100.502116 93.945205 88.746126 84.919615 76.091770 97.163700 149.515588 128.329014 142.473825 158.480540 175.254178 141.991241 139.648262 160.573437 167.385305 165.057704 147.184470 89.525076 89.050202 71.528500 75.681127 65.151003 34.293589 55.150765 67.509715 76.367599 69.701826 83.040243 90.092391 109.909453 104.616146 88.130300 107.179566 103.361143 121.801557 118.864175 132.407126 145.598263 117.585074 111.447926 105.408640 104.881074 87.081136 141.923269 163.336700 154.931183 172.106103 147.040572 129.714762 174.060413 164.413946 151.583621 160.442812 171.256209 142.810721 145.672334 138.067352 114.316486 142.740454 174.932705 154.691824 156.476365 179.401789 175.893324 159.782772 174.062197 177.290777 187.785985 190.807019 175.354555 189.854232 192.730180 182.869324 185.810134 200.977625 173.989082 212.694931 215.863620 225.032662 213.853949 194.582756 203.732405 236.448004 219.209246 200.483037 216.355939 207.092573 56.424382 76.020553 151.332852 138.267165 139.742327 158.776635 189.870278 210.577974 224.832538 104.375579 124.834871 146.384417 103.197961 75.746563 105.712390 139.555157 167.582374 120.442137
150.477689 157.200149 153.264947 167.325026 174.439576 181.874536 190.995403 184.169023 204.468293 189.918980 161.926628 154.002840 162.951174 161.203203 215.995004 180.277511 171.504587 152.391651 165.086338 171.830881 155.881888 143.103752 152.810006 160.055668 178.629049 190.171725 167.945309 171.899702 175.548311 162.098833 162.407589 157.499562 154.557198 151.626600 141.943201 137.686323 151.453937 150.288785 120.198287 111.873311 124.871851 128.708016 128.018737 89.129617 112.024143 115.358680 112.392969 98.211872 109.990077 123.529614 116.511738 123.093312 117.888125 97.761177 82.869102 88.940300 38.955436 58.155307 86.095320 95.469040 107.562457 69.898080 63.199512 17.239671 19.745350 15.728675 0.000000 83.491975 76.946180 73.311640 69.688420 92.341670 143.697337 136.046580 128.146849 150.638781 167.371350 149.643127 148.679726 152.278350 159.090218 159.835571 138.889383 86.523043 77.442226 68.397507 64.073152 53.543028 50.022264 61.708702 74.067653 72.358200 85.430502 73.286741 96.182670 116.467391 111.640693 103.858975 118.365005 119.089818 128.041542 134.592851 133.401082 148.620705 128.306273 107.438528 101.399242 93.273099 94.807730 144.242307 159.327301 166.018674 183.193593 149.898214 142.264628 179.696032 175.869623 147.574223 156.433413 176.086221 115.725407 127.381074 130.474521 130.045161 137.173137 182.045590 170.420500 162.074322 191.297292 176.327814 175.511448 170.664362 188.378268 197.448849 181.263742 191.083230 181.020939 165.644866 179.903907 191.819101 206.986591 189.717758 209.649390 222.421557 233.576388 203.776223 184.505030 201.250330 214.218695 226.861132 192.600208 226.363296 204.047032 72.153057 78.817280 143.407623 130.384336 141.909987 150.893806 184.049076 202.695146 217.730930 120.104254 140.563547 162.113093 118.926636 86.977695 94.942979 132.931770 183.311049 124.611827
108.145994 115.310555 122.191503 124.993330 142.052115 130.954701 140.075568 151.781562 160.490498 166.873572 122.005182 120.016802 137.005935 141.916500 172.017209 130.631611 112.733783 123.526899 130.230613 132.249261 94.425373 107.176229 94.039201 101.284864 134.191060 135.177670 109.174505 128.621324 130.126442 116.676963 130.940548 129.534450 110.530023 124.688621 117.070689 107.804406 116.648536 118.369691 109.870193 101.545217 114.543757 119.852426 138.067733 102.397077 125.114305 127.532464 122.441965 111.479333 123.257538 102.731776 85.863664 95.552303 83.032400 106.469442 96.136563 102.207761 52.222897 71.422768 99.362781 108.736501 65.527735 83.165541 76.466973 23.955128 33.012810 25.777671 13.267461 0.000000 67.270204 15.745977 21.892730 41.421836 113.075956 104.027426 103.757433 111.540110 142.026899 117.294030 115.377595 117.422625 124.234493 127.849604 104.033659 46.170369 42.586502 26.065812 29.217427 36.774700 60.071260 64.515389 66.859958 55.589873 51.895916 45.820356 66.598860 103.812876 83.379134 80.321682 99.370949 95.552526 111.184822 111.055558 105.934697 121.154320 93.680265 75.871518 81.740837 58.417374 50.439033 109.386582 133.292728 135.703296 148.231543 124.964429 107.638619 141.702622 147.688542 130.805895 133.037545 148.619835 128.992868 140.648535 143.741982 134.024489 150.440598 144.768596 124.527716 138.670454 166.459795 151.490318 141.976862 153.708670 149.831879 149.899955 157.739861 157.548645 142.992824 155.751650 158.964515 144.023412 159.190902 172.751713 171.493039 193.072343 207.201026 189.450944 170.179750 177.927631 199.453870 177.498015 156.672684 179.535914 163.124309 82.202053 62.048953 104.604724 121.345565 113.944875 106.866631 127.312690 166.767622 179.369850 127.738655 94.670763 127.459149 73.033853 59.511309 11.767185 105.848466 152.222430 92.592673
113.199599 120.364161 125.845428 130.046936 147.105721 136.008307 145.129174 156.835167 165.544104 171.927177 127.058788 128.273037 142.059540 156.107601 177.070815 144.822713 126.924885 137.718001 135.284219 146.440363 108.616475 121.367330 108.230303 115.475966 148.382162 149.368772 123.365607 142.812425 144.317543 130.868065 145.131650 143.725551 124.721125 138.879723 122.124295 112.858011 128.180768 129.695175 114.923799 106.598823 119.597363 134.043527 141.722076 100.637258 125.285608 126.866321 111.006029 120.436436 132.214641 107.785382 90.917270 91.658071 88.086006 111.523047 108.285671 103.074638 64.372004 83.571875 111.511888 119.391259 70.581341 91.258433 88.616080 38.146230 45.161918 39.968773 25.416568 14.191102 0.000000 20.799582 30.781057 46.475441 118.129562 109.081032 108.811039 125.731212 147.080504 122.347635 120.431201 122.476231 129.288099 132.903210 109.087264 56.720924 47.640107 31.119418 34.271033 50.965802 74.262362 68.996969 67.263090 63.615294 56.949521 50.873961 75.644591 108.866481 91.863841 85.375288 104.424554 100.606131 119.046545 116.109163 110.988302 126.207925 107.871367 80.925123 86.794443 63.470980 64.630134 114.440188 138.346333 140.756901 153.285149 133.723401 119.945654 150.590949 157.682097 107.892771 116.751962 146.343345 134.257046 145.912713 149.006160 142.119515 149.596648 158.959698 138.718818 143.724060 171.513401 156.543923 147.030467 161.013345 158.469823 154.953560 162.793467 162.602250 148.046429 160.805255 173.155617 152.911739 168.079229 177.805319 176.546644 198.125949 213.204246 194.504549 175.233356 182.981237 209.379084 191.689117 170.863786 185.523626 168.177915 87.799839 70.074374 118.795825 126.399170 128.135976 121.057733 141.503792 180.958724 184.423456 132.792260 108.861865 132.512755 87.224954 64.564915 17.996800 110.902072 157.276036 97.646278
92.400017 99.564578 106.445526 109.247353 126.306138 115.208724 124.329591 136.035585 144.744521 151.127595 106.259205 130.197137 121.259958 135.340507 156.271232 138.805598 122.914118 124.641708 114.484636 131.274046 98.821872 108.291038 104.219537 111.465199 139.308892 145.358005 119.354840 137.086987 132.576072 119.126594 133.390179 131.687808 114.926522 120.477856 101.324712 92.058429 107.381186 108.895592 94.124217 85.799240 98.797780 125.857888 138.446687 97.361869 109.368328 111.786487 110.115910 105.718516 117.496721 86.985800 70.117687 79.806326 67.286424 90.723465 106.316898 106.504897 62.403232 81.603103 109.543116 106.953937 49.781758 70.458851 86.647308 34.135463 43.193146 35.958007 23.447796 10.180335 51.524227 0.000000 32.073066 25.675859 97.329980 88.281449 88.011456 111.910994 126.280922 101.548053 99.631618 101.676649 108.488516 112.103628 88.287682 35.921341 26.840525 10.319835 13.471451 46.955035 68.995677 48.769413 61.128363 42.815711 36.149939 30.074379 54.845008 88.066899 71.064258 64.575706 83.624972 79.806549 98.246962 95.309581 90.188720 105.408343 87.285099 60.125541 65.994861 42.671397 51.595367 93.640605 117.546751 119.957319 132.485566 116.471882 99.146072 146.269699 139.195994 116.895436 117.291568 132.873858 117.482534 127.323363 132.231649 121.319932 138.930265 140.308153 131.137230 122.924477 150.713819 135.744341 126.230885 140.213763 137.670241 134.153978 141.993885 141.802668 127.246847 140.005673 152.569349 151.138889 166.306379 157.005737 155.747062 177.326366 192.404663 173.704967 154.433774 162.181655 188.579501 176.855974 157.787494 164.724044 147.378332 67.000257 49.274791 114.785059 105.599588 116.098233 111.263131 137.493025 167.882431 163.623874 111.992678 92.912605 111.713172 79.643367 43.765333 21.947520 90.102489 136.476453 76.846696
104.646809 111.811371 118.692318 113.157725 138.552931 127.455517 136.576384 142.664635 156.991314 155.037966 118.505998 142.443929 133.506750 130.436667 168.518025 145.109178 127.789952 136.888501 120.788216 137.577625 111.068665 120.537830 109.095371 116.341033 144.842345 136.650856 124.230674 143.677493 144.822865 131.373386 142.280039 116.575087 127.173315 121.887197 113.571505 104.305221 119.627978 121.142385 106.371009 98.046033 111.044573 138.104680 144.750266 103.665448 121.615120 124.033279 116.419489 112.022096 123.800301 94.800793 82.364480 91.938407 73.590003 97.027044 107.279448 112.808476 63.365782 82.565653 110.505666 108.670282 62.028551 82.705643 87.609858 41.650017 44.155696 40.139021 24.410346 22.427128 63.771020 12.246792 0.000000 37.922651 103.633559 99.105640 100.258249 124.157786 138.393180 113.794845 105.935198 107.980228 114.792096 123.651810 94.591261 41.454794 33.144104 22.566628 19.775030 22.776492 67.771630 55.072992 63.358667 41.591664 48.396731 36.377958 61.148588 100.313691 69.289779 76.822498 87.997839 92.053341 97.275006 107.556373 96.492299 111.711922 99.531892 72.372333 70.632706 48.974977 57.898947 99.944185 125.416301 132.204111 144.732359 119.131679 111.392864 119.809892 126.901039 116.807687 125.666877 139.177438 123.786114 133.640124 135.882625 112.131759 145.233844 152.554946 143.384022 135.171270 162.960611 147.991133 138.477677 139.897826 127.939148 141.534557 150.497206 149.708878 139.493639 152.252465 164.411385 122.130681 137.298171 164.723991 159.657434 181.236738 196.315035 185.951759 166.680566 170.993918 200.826294 189.102766 170.034286 176.970836 159.625125 76.146435 48.050744 127.031851 117.846380 111.143451 123.509923 142.368859 180.129224 175.870666 121.103897 105.159397 123.959965 91.890159 50.068912 34.194313 102.349282 148.723246 89.093488
72.747668 79.912230 90.309752 89.595005 106.653789 89.532865 98.653733 114.223772 119.068662 130.744579 115.847737 108.989600 95.584099 109.664648 130.595374 119.788938 111.016014 98.965850 109.596764 107.427235 96.032430 82.615179 92.321433 99.567095 118.140475 129.683152 107.456736 111.411128 106.900214 93.450735 107.714320 106.011949 95.278292 94.801997 75.648854 66.382570 81.705327 83.219734 68.448358 60.123381 73.121921 100.182029 116.136104 75.051286 92.785394 86.110628 87.805327 83.407933 95.186138 61.309941 44.441828 54.130467 44.975841 68.412882 96.647555 84.194314 73.067394 92.267264 108.151229 81.278078 24.105899 46.683171 97.311470 51.351629 53.857307 49.840633 34.111957 52.336744 38.145642 58.945225 65.886565 0.000000 75.192197 62.605590 62.335597 86.235135 115.621420 75.872194 80.174587 95.320315 92.931119 92.451279 87.710795 73.778735 84.492837 69.265060 72.416675 78.750198 84.134221 95.820660 105.408732 97.565371 95.095164 89.019604 113.790233 147.012124 130.009483 123.520930 142.570197 138.751774 153.248713 154.254806 149.133945 164.353568 146.017009 119.070766 124.940085 101.616622 102.775777 123.314059 97.894402 100.304970 112.833217 115.387152 144.757874 138.513569 145.604717 144.120271 152.819079 156.312976 121.990076 115.922460 136.739190 158.298636 140.833078 131.161380 129.931329 139.625949 155.419783 161.879360 140.963525 128.113788 118.017892 108.478119 116.318026 156.535308 161.542791 171.909535 171.210010 167.645185 179.901778 131.329878 136.094713 157.117218 168.691427 192.317610 173.046416 147.431198 174.892821 153.090199 132.111635 139.048185 121.702473 106.265015 104.024451 94.191108 79.923729 90.422375 100.073718 123.560503 142.206573 165.118080 154.216212 147.007507 128.219468 125.370597 94.142102 56.142442 64.426631 110.800594 51.170837
39.190881 25.288312 35.685835 49.911277 69.095908 83.387906 101.863982 67.813403 85.119777 83.817539 64.563043 56.639255 76.161800 76.240904 96.646488 94.796875 85.002357 73.973787 73.778679 59.565742 44.872261 57.623116 66.307776 73.553438 93.148413 101.099201 81.443079 86.419066 67.734302 70.357070 84.620655 76.194413 60.976911 84.138275 55.228678 74.346616 67.095424 68.816579 66.966779 77.034962 72.982769 83.864843 110.832188 77.318515 91.864070 85.189304 96.997318 92.086864 103.865069 31.782781 33.293214 46.388170 54.167832 70.223908 93.566167 86.461543 102.037283 120.897653 102.104047 58.085167 33.625802 56.203074 122.577777 77.813340 82.827197 78.810522 63.081847 73.059494 58.868392 77.916773 75.406468 28.969889 0.000000 10.255246 24.400056 48.299593 76.327808 25.815396 12.849250 23.107986 31.581478 40.441192 20.385458 90.816637 95.080840 84.731903 91.388224 88.270101 113.104111 115.915718 110.571707 107.085274 103.761504 102.340234 117.758502 118.847660 120.021924 107.711328 102.075398 122.761006 130.172029 116.964460 126.678606 139.752031 72.274795 100.980542 98.387071 75.404162 93.793816 75.579915 59.294985 62.916984 73.079148 68.541180 86.233149 96.044397 103.135545 99.175068 100.468734 120.152283 125.539342 131.125312 135.277310 142.974811 107.276291 97.604593 93.770637 97.859056 121.862996 126.839630 96.349331 90.530219 78.263823 70.894549 88.553857 111.921114 127.986004 134.240414 126.623620 120.799213 133.568616 90.750957 96.410986 117.990290 133.068587 161.301672 145.529063 107.747470 130.874678 102.579708 107.119572 112.736098 100.138010 135.234904 113.544354 82.670700 68.403321 85.585569 57.313519 98.568440 117.214510 128.634102 151.061213 110.408275 81.373496 122.778989 97.555005 76.865192 40.123981 81.861074 24.297794
46.636763 32.734195 43.131717 54.924597 67.611284 85.496417 100.379358 57.930986 78.686776 73.562293 54.307798 46.384009 65.906554 65.985658 90.213487 84.541629 74.747111 63.718541 63.523433 49.310496 34.617015 47.367871 56.052530 63.298193 82.893167 90.843956 71.187833 76.163820 57.479056 60.101824 74.365410 65.939168 50.721665 73.883029 44.973432 64.091370 56.840178 58.561333 56.711534 66.779716 62.727523 73.609597 100.576942 73.988031 81.608824 74.934058 86.742072 81.831618 93.609823 21.527535 23.037968 36.132924 43.912586 59.968662 83.310921 83.131059 108.671848 110.642407 91.848801 61.304542 68.065852 83.750918 112.322532 77.226723 89.461762 80.585802 86.675402 83.304790 69.113688 89.913270 99.894745 52.563445 40.634302 0.000000 14.144810 38.044347 66.072562 15.932979 32.193345 46.934138 54.735223 53.523344 34.534389 93.899397 94.695189 74.476657 87.675320 107.641054 114.879390 121.980328 118.017589 112.424902 108.545431 99.372103 127.211343 126.293542 133.104076 97.456082 109.521280 112.686925 119.916783 128.189958 116.423360 129.496786 102.730129 98.144688 92.105402 82.850044 96.572652 78.358751 58.352711 53.034567 70.209486 97.066436 105.026141 85.789151 92.880299 89.292651 90.213489 119.804872 115.648798 121.372369 130.397913 151.957358 114.722173 105.050475 100.754345 90.889746 129.308878 116.584385 103.795213 97.976101 75.394161 78.340432 95.999739 119.366996 130.545293 139.253734 134.069502 136.354097 136.583721 80.495711 101.424305 109.014231 127.130812 154.545010 135.273817 112.760790 121.445954 93.150985 96.864326 106.303097 105.151329 131.157079 118.883982 72.415454 58.148075 75.330323 47.058273 88.313194 106.959264 119.205378 142.865403 129.752370 109.898752 112.523743 87.672588 87.110487 29.868735 84.468058 14.042548
125.497472 114.503083 124.900606 142.120198 141.043502 158.928635 173.811576 145.126587 165.882377 167.703196 53.512139 48.647027 56.443587 51.840848 140.298207 88.747786 79.974862 67.924698 61.989699 45.091637 58.289503 51.574028 61.280281 68.525944 87.099324 98.642000 76.415584 73.356139 60.076196 46.626718 60.890303 79.672078 64.237140 91.790614 100.050421 92.573606 67.650125 59.491745 75.085570 92.857610 105.856150 114.007039 124.340658 120.895666 104.354078 97.679312 105.916091 115.346497 127.124702 90.133540 107.114351 120.209306 123.804631 144.045044 142.491935 130.038694 159.295418 171.527077 157.782725 131.423001 132.063985 118.755960 175.648463 156.120527 162.763559 158.746885 143.018209 139.995162 125.804060 146.603643 156.585118 121.169450 98.438183 107.363824 0.000000 23.899537 73.533856 103.128580 111.287432 121.546168 130.019660 135.293228 118.823641 153.962635 164.676737 156.923478 160.075093 150.822988 188.425573 185.096764 191.405163 169.638160 181.363295 161.461198 193.462630 199.154944 210.242905 163.333415 182.382682 178.564259 195.474454 194.067291 209.232304 198.985351 170.712977 163.547321 157.508035 164.618933 156.729649 143.835606 118.415949 135.385479 152.560398 156.474559 170.502996 173.594078 180.685226 176.488252 185.347442 199.614266 202.852526 201.348521 216.956803 220.077642 188.955785 179.284086 173.232619 168.082265 191.238244 176.268766 169.183980 179.744990 157.745073 160.109320 177.768628 184.755763 172.703473 176.775989 170.598270 186.826569 142.412759 162.993693 158.031172 140.909795 131.202408 202.280754 183.009561 161.489714 143.851669 139.978866 101.070483 132.499782 136.927723 201.229675 176.097240 121.441054 107.173675 97.026076 69.032567 92.519351 111.165421 145.581342 210.750388 198.540801 151.596704 178.401076 166.832482 143.800860 114.334571 166.818970 95.929070
104.506115 90.603546 101.001069 121.353451 134.411141 135.294661 153.891496 134.625180 142.402290 154.078206 29.612602 24.747490 44.270035 35.911575 124.570364 73.019943 62.211541 51.111729 41.886913 21.192100 34.389966 35.846185 45.552438 52.798101 71.371481 78.969291 60.687741 64.642134 68.290743 54.841265 56.584789 76.900502 48.509297 80.554321 76.150884 68.674069 56.613128 35.592208 51.186033 68.958073 81.956613 102.892942 122.490242 96.996129 80.454541 73.779775 82.016553 91.446960 103.225165 84.992385 99.944314 105.834739 105.996996 120.248532 118.592398 106.139157 135.395881 147.627539 140.212668 124.261662 108.164448 94.856423 151.748926 132.220990 138.864022 134.847347 119.118672 116.095625 101.904523 122.704105 132.685580 103.508535 74.538645 84.793891 58.137881 0.000000 49.634318 98.885356 87.387895 97.646631 106.120123 111.393691 94.924103 154.346776 149.544631 133.023941 136.175556 126.923450 168.322788 161.197227 167.505626 145.738623 158.854044 146.667164 169.563093 175.255406 186.343368 139.433878 158.483144 154.664721 173.105135 170.167754 190.318149 183.257508 146.813440 154.533958 151.368707 140.719396 144.114691 125.900790 124.610219 129.170343 138.394382 140.746716 152.568180 167.378942 174.470090 172.245028 175.007380 185.467517 194.114299 200.965327 200.592543 196.178105 172.591525 162.919826 159.085870 160.487996 175.972416 178.594136 161.664565 155.845453 135.205055 136.209783 153.869091 173.140467 170.096642 177.947832 154.870427 171.098726 160.619672 147.265850 140.410613 158.817104 158.714263 178.381217 159.110023 159.542311 128.123826 124.251023 85.342640 108.600245 119.307165 186.435641 152.197703 97.598666 87.259382 74.124284 46.831224 76.791508 95.437578 129.853499 186.850851 174.641264 153.579032 154.501539 154.217523 119.901323 105.260458 147.176307 87.286598
143.912993 130.010424 140.407947 160.760329 163.199297 174.701540 176.512951 139.379413 160.135203 171.811119 55.292733 47.368945 66.891490 73.996643 160.009559 93.367039 89.769713 90.080494 64.508369 60.598978 73.796844 73.729823 83.436077 64.020291 96.926487 86.598565 71.909932 91.356751 82.231992 68.782513 83.046099 98.497900 81.388967 93.652071 109.383217 108.080947 87.507480 74.999086 90.592911 108.364951 121.363491 117.888972 138.465818 136.403007 119.861419 113.186653 121.423432 130.853838 142.632043 112.289335 129.270146 142.365101 145.403874 143.869814 157.999276 145.546035 174.802759 187.034418 174.934552 138.317278 147.571326 134.263301 191.155804 171.627868 178.270900 174.254226 158.525550 155.502503 141.311401 162.110984 172.092459 142.915413 113.945524 124.200769 22.155795 39.406878 0.000000 125.284376 125.876152 127.921182 134.733050 143.592764 114.532215 176.118430 186.832532 172.430819 175.582434 166.330329 190.944243 200.604105 206.912504 185.145501 192.686164 178.137864 208.969971 214.662285 223.173496 178.840756 197.890023 194.071599 212.512013 209.574632 227.335691 207.073092 186.220318 185.703117 179.663831 180.126274 178.885445 165.307668 140.571745 157.541274 163.029240 178.630354 191.975058 195.749874 202.841021 198.644047 207.503238 221.770062 216.833789 210.766173 224.554107 220.730617 191.446003 186.881390 195.388415 190.238060 163.560558 148.591080 177.170084 183.567072 157.826510 171.421919 183.364445 168.843652 153.284205 137.908132 152.167173 168.395472 164.568555 164.638819 168.491873 163.065591 153.358203 186.551706 167.280513 173.513596 163.563022 140.233442 120.781836 136.681505 147.388425 213.075036 191.604581 132.588578 122.557860 82.908325 77.725576 90.048117 130.876774 156.885172 210.789710 214.048142 173.752500 193.908417 188.988277 159.308201 136.490366 186.583186 118.084866
31.591145 24.103726 28.993451 38.991618 51.678304 69.563438 84.446379 41.998007 62.753797 74.429713 66.131730 58.207942 77.730487 74.904705 74.280508 89.902016 86.571044 74.561491 75.347366 61.134429 46.440948 58.210821 67.876463 75.122125 93.736117 102.667888 83.011766 87.006770 69.302989 71.925757 86.189343 77.763100 62.545598 85.706962 56.797365 61.558590 68.664111 45.866081 51.007143 61.075326 60.747706 85.433530 112.400875 79.569681 80.275651 73.600885 86.643607 87.926328 99.623977 15.823144 32.803955 45.898911 49.494235 69.734649 77.606530 88.712709 111.876097 114.466259 99.424928 68.025311 62.361461 82.514937 119.510464 86.992710 92.666010 83.855362 80.971012 90.880916 76.689815 84.584563 104.142127 46.859054 37.760795 11.823933 25.968743 40.569796 56.359822 0.000000 18.897151 34.159768 40.971636 37.590365 20.770801 84.765355 95.479458 86.300590 98.056014 100.189661 111.907701 108.315982 102.971971 103.734892 97.069120 83.439123 117.459684 117.663074 117.171097 109.090764 100.890812 101.756446 126.277175 117.349803 108.428733 121.502159 91.235096 93.932974 87.893688 71.828168 80.639672 62.425771 49.218670 37.101588 54.276507 87.576246 89.093161 75.310187 82.401335 73.359672 82.218862 111.810245 99.723946 111.379613 114.473061 136.032506 99.676555 90.004857 92.586050 98.469426 114.263260 120.722837 95.164744 89.345632 59.461182 69.709963 87.369270 110.736527 120.386268 123.320754 120.606623 127.723628 120.650741 74.140966 85.491326 93.081251 111.197832 158.450845 139.412269 96.827810 105.512975 77.218005 107.707276 90.370118 89.218350 123.207601 107.602342 84.239387 69.972008 76.652422 58.882206 93.673581 112.505339 103.272399 129.290376 116.456176 98.762293 117.978493 71.739609 94.686614 40.024175 68.535078 21.618675
31.114386 17.211818 27.609340 37.062028 61.019413 70.538657 90.171926 60.303273 81.059063 78.942269 79.721215 75.502899 92.030593 86.887913 92.585774 108.207282 103.866001 92.837431 92.642323 78.429386 63.735905 76.486761 85.171420 92.417082 112.012057 117.078959 100.306723 105.282710 86.597946 89.220714 91.385648 95.058058 79.840555 99.379376 74.092322 73.541798 78.023573 64.171347 62.990351 73.058533 72.730914 101.550922 125.169230 88.312869 81.155621 85.584092 96.575760 96.669516 108.447721 27.806352 37.362806 50.457761 58.237424 74.293500 89.589738 97.455897 114.445137 126.449467 111.284852 76.948812 51.980429 74.557700 130.933293 91.551561 95.235050 91.218376 75.489701 91.923138 77.732036 96.271400 93.761094 41.377743 18.863644 29.118890 43.263700 58.875063 74.665089 18.305266 0.000000 20.925175 27.737043 36.596757 7.536208 86.765175 82.231590 103.595547 103.827877 93.297753 125.511964 107.839223 102.495212 102.350781 95.685009 94.263739 115.575691 110.771165 116.177489 108.815725 93.998903 109.911756 118.639543 104.115210 125.654229 135.429829 91.138439 93.657935 90.310576 67.327667 89.532190 76.638147 51.218490 55.406854 65.002653 87.404824 92.202880 93.615453 100.706601 91.664938 100.524128 112.075789 118.029213 129.684880 127.200815 130.125562 99.199796 89.528098 85.694142 94.909096 113.786501 120.246078 88.272836 82.453724 70.187328 62.818055 80.477362 103.844619 119.909509 121.391164 118.547125 120.831720 125.492121 79.515823 83.561736 105.141041 120.219338 157.157759 137.886566 94.898221 122.798183 94.503213 125.983216 108.675384 87.288760 134.032216 108.809861 96.415804 85.431988 88.635630 76.177163 110.747586 130.810605 117.086249 139.097699 97.559025 86.599349 123.883386 90.044875 95.728836 52.007383 73.784579 33.601883
24.053031 27.607544 38.005066 40.900367 57.959152 74.376996 90.727227 67.688599 88.444389 61.392450 60.457665 78.583009 98.105553 98.856163 99.971100 115.304930 106.532006 93.703605 85.516252 84.136688 76.547786 78.131171 87.837424 95.083087 113.656467 125.199143 102.972728 106.927120 99.409827 97.126251 107.699104 101.579904 90.794283 96.000991 86.904203 88.773845 70.371565 61.584652 71.285809 89.057849 89.370775 99.071748 126.039093 99.355658 89.265569 93.879551 104.685708 110.400039 122.178244 44.446213 54.002667 67.097623 74.877285 90.933361 106.229599 99.214178 115.782256 122.886379 104.092773 87.955722 65.611543 65.339415 124.566503 100.439988 102.945667 98.928992 83.200317 86.578617 72.387515 79.635029 88.058690 49.088360 31.985741 41.930771 56.075581 62.944588 74.296550 30.106838 16.639861 0.000000 8.473492 17.333206 15.246825 77.466918 88.181020 89.954864 93.106479 97.406442 122.751575 100.777868 95.433857 112.096862 105.431089 92.245014 94.650516 121.166892 96.913938 94.442194 104.394630 109.673037 126.258270 111.825827 119.885519 128.368474 101.059077 94.331137 88.291851 77.723393 87.513465 74.619422 49.199765 51.610333 64.138580 95.103312 101.286812 84.118100 91.209248 96.634575 105.493765 119.637724 122.466036 116.398420 120.139460 137.836178 92.138441 82.466743 93.256077 83.391478 106.725146 113.184723 92.268888 92.849450 69.323255 73.213781 89.731648 107.840671 112.848154 124.535496 122.515373 124.827772 132.163281 91.682764 87.400076 108.979380 124.057677 138.193687 131.874155 98.736560 125.734051 104.898939 127.627626 108.829982 91.127100 132.013491 118.555942 106.696256 92.428877 86.673115 88.989044 91.484035 130.965204 127.567569 135.923363 114.198886 86.094667 109.509855 86.248354 90.384315 68.647244 83.043824 50.241744
15.579539 19.134052 29.531574 32.426875 49.485660 65.903504 82.253734 59.215107 79.970896 52.918958 51.984172 70.109516 89.632061 95.054282 91.497608 106.831437 98.058513 85.230113 77.042759 83.077990 68.384509 69.657679 79.363932 86.609595 105.182975 116.725651 94.499235 98.453628 91.246550 88.652759 99.552017 93.789197 82.320791 88.943368 78.740926 81.708166 81.839009 72.337716 71.156720 81.224902 80.897283 90.598256 117.565601 90.882166 89.321990 93.750461 104.742129 104.835885 116.614090 35.972721 45.529175 58.624130 66.403793 82.459869 97.756107 90.740686 120.673626 114.412886 95.619281 81.597416 57.138051 70.230786 116.093011 99.717930 103.401419 99.384745 83.656070 91.469987 77.278886 91.102472 98.918716 49.544112 23.512248 33.767494 47.912304 67.041432 65.823057 26.471635 8.166369 11.467444 0.000000 8.859714 15.702577 76.272958 86.987060 101.422308 103.940172 93.410048 114.278082 92.304376 86.960365 104.273015 97.607243 83.771522 106.117960 112.693399 88.440446 99.851245 95.921137 111.894271 117.784777 112.281579 111.412027 119.894982 92.585585 85.857645 79.818359 69.249901 79.039973 66.145929 40.726273 43.136841 55.665088 86.629820 92.813319 75.644608 82.735756 88.161083 97.020273 113.998023 113.992544 107.924928 111.665967 133.225413 83.664949 73.993250 87.616376 82.457820 98.251653 104.711230 83.795396 84.375958 60.849762 64.740289 81.258156 99.367179 104.374662 116.062003 114.041881 116.354280 123.689788 83.209272 78.926584 100.505888 115.584185 129.720194 123.400663 90.263068 124.720417 96.425447 119.154134 100.356490 82.653607 123.539999 110.732095 103.971685 89.704306 78.199622 80.825768 83.010543 122.491711 119.094076 127.449871 105.725394 77.621174 114.048262 77.774862 94.339986 60.173752 74.570331 41.768252
10.441166 17.605728 28.003250 27.288503 44.347288 60.765132 77.115362 54.076734 73.626015 63.325093 62.390308 61.249802 80.772347 90.593293 85.152727 100.774235 106.330374 76.370399 78.389226 87.021967 72.328486 80.063814 89.770067 97.015730 115.589110 115.584455 104.905371 108.859763 95.190527 97.813295 109.958152 103.650638 78.884461 99.349504 82.684903 87.446128 92.245145 71.753619 76.894681 86.962863 86.635244 101.004391 120.726333 101.288301 99.728125 99.488423 112.531145 113.813866 125.511515 41.710682 55.935310 69.030266 75.381773 92.866004 103.494068 101.146821 125.128334 124.819022 106.025416 92.003551 67.544186 80.636921 126.499146 103.412569 105.918248 101.901573 86.172898 98.957718 87.685021 88.777383 104.417067 52.060940 33.918384 37.711471 51.856281 66.457334 76.229193 25.887538 18.572504 21.873579 10.406135 0.000000 26.108713 71.134586 81.848688 99.097218 98.801800 88.271675 109.139710 87.166004 81.821993 100.431084 96.078919 78.633149 116.469483 111.165076 79.580732 90.991530 94.392814 104.298456 112.646405 121.725406 111.974487 114.756610 93.148045 80.719272 74.679986 67.721577 73.901601 61.007557 35.587900 37.998468 50.526716 81.491448 87.674947 76.207068 83.298215 83.022711 91.881901 105.632795 109.386985 115.288417 106.527595 128.087041 78.526576 68.854878 86.088052 77.319448 93.113281 99.572858 78.657024 82.847634 55.711390 63.211965 76.119784 94.228806 99.236289 110.923631 108.903509 108.187177 118.551416 74.349558 73.788212 95.367516 110.445813 120.860480 118.262291 85.124696 123.192093 94.897123 118.738968 95.218118 77.515235 118.401626 106.890164 110.107609 95.840231 88.605758 84.769744 93.416678 117.353339 113.955704 122.311499 114.837670 68.761460 106.059192 72.636489 104.746121 65.911713 69.431959 47.506213
35.780373 27.688960 38.086482 48.405964 69.686495 81.882593 101.515862 69.354077 90.109867 73.119792 72.185007 70.561495 90.084040 98.231849 101.636578 117.258086 109.994386 98.965816 87.700919 84.557771 69.864290 82.615145 91.299804 98.545467 107.325638 118.868314 106.435108 111.411094 92.726330 95.349099 102.729584 101.186442 85.968940 101.946447 80.220707 73.527020 83.760532 73.222151 56.038985 73.811025 84.074850 97.016191 123.983537 99.656805 85.307492 78.632726 94.755606 103.744930 111.523092 39.150288 48.706742 61.801698 69.581360 85.637436 100.933674 108.799833 106.908929 122.542249 103.748643 83.077196 57.947434 78.728382 124.222374 85.193164 87.698842 83.682168 67.953492 86.178279 71.987177 92.786760 99.728100 33.841535 24.992029 35.247274 49.392085 67.925866 83.715892 27.356070 11.343936 13.388967 20.200835 29.060549 0.000000 90.855885 93.575526 103.106595 106.258210 103.774895 117.975756 112.505210 107.161200 112.827923 106.162151 94.150096 108.039483 121.248307 108.641281 107.831161 104.476045 121.255692 115.047399 96.579002 127.335909 140.095817 97.266824 104.135077 100.019193 77.804809 88.714031 78.684074 60.927107 53.359891 70.534810 93.533209 102.680022 91.568490 98.659638 100.715742 109.574932 122.552931 127.080016 128.125762 131.866802 122.589353 101.873544 94.194085 96.171284 96.780444 118.452488 124.912065 98.749978 92.930866 75.719485 73.295197 90.954504 114.321761 124.575496 132.735101 129.024267 117.926566 122.900744 90.859759 94.905673 116.484977 131.563274 149.921029 143.601497 106.242157 127.189307 104.574075 132.111601 117.726188 98.632696 133.918573 119.287003 102.451618 92.112334 97.566825 82.305548 103.211378 139.861409 128.430185 131.561491 108.902961 97.822009 122.898822 87.997912 89.983977 62.706093 84.261721 43.593073
84.558700 91.723261 102.120784 101.406036 118.464821 117.237451 126.358318 128.194267 146.773248 143.286277 127.658768 122.793656 110.920647 123.458504 141.717321 127.902968 122.827045 110.776881 98.358213 115.147623 107.843462 94.426211 104.132464 111.378126 103.387551 114.930227 119.267767 123.222160 118.711245 105.261766 119.525352 124.724697 107.089323 117.764993 97.363590 94.087156 93.516359 95.030765 96.152943 87.827967 100.826507 117.952959 140.285423 99.200605 102.172147 113.815214 111.954646 107.557252 119.335457 72.370791 56.252860 69.347815 69.125160 92.071669 120.796874 100.140914 64.360946 85.719313 131.202523 93.089109 35.916931 58.494203 90.763518 56.540568 65.598250 58.363111 45.852901 32.585440 57.058387 29.939060 51.172740 27.704586 87.003229 85.101524 74.146629 98.046166 115.963178 93.958010 83.505195 85.550226 92.362093 101.221808 72.161259 0.000000 10.714102 40.258895 43.410511 69.360140 92.656700 78.708472 91.067423 72.754771 66.088999 60.013439 84.784068 118.005959 101.003318 94.514765 109.498682 95.049237 119.611637 125.248641 120.127780 135.347403 117.224159 90.064601 95.933921 72.610457 81.534427 123.579665 109.705433 112.116002 124.644249 127.198183 129.085132 150.324601 154.935860 146.834496 147.230628 162.812918 134.498814 143.627046 149.247929 151.258992 152.644109 142.972411 141.742360 151.436981 167.230814 165.683401 152.774557 153.341781 129.828923 133.706112 144.022612 168.346339 157.185907 169.944733 182.508409 173.303421 188.470911 159.034464 147.905745 169.485049 180.502459 203.644027 184.372833 159.242229 175.040256 169.014657 132.259070 157.806931 149.407059 96.939317 79.213851 102.705257 107.628315 118.126960 111.884749 125.365341 142.354008 176.769928 141.931738 122.851665 140.030499 105.619293 67.334980 38.388482 76.237662 138.505180 78.166321
89.738152 89.136116 99.533639 106.585488 112.566651 106.523349 115.644216 122.296097 136.059146 134.566949 128.695220 120.771432 105.445498 119.526047 147.585857 136.093360 128.006498 115.956333 87.644111 104.433521 109.004438 99.605663 109.311916 116.557579 135.130959 146.673635 124.447219 128.401612 123.890697 110.441219 124.704804 123.002433 107.869613 107.050891 91.888441 83.373054 98.695811 89.555616 85.438841 77.113865 90.112405 114.965827 129.571321 88.486503 91.458045 103.101112 101.240544 96.843150 108.621355 61.656689 50.777711 63.872666 58.411058 81.848099 110.082772 97.629531 53.646844 75.005211 121.234118 83.293676 41.096383 63.673655 80.049416 45.826466 54.884148 47.649009 35.138798 21.871338 46.344285 23.258238 40.458638 16.990484 86.439186 74.387422 79.326081 103.225618 105.249076 88.803227 72.791093 74.836124 81.647991 90.507705 61.447157 59.179579 0.000000 33.333244 36.729688 58.646038 81.942598 72.027650 82.767153 66.073949 59.408176 53.332617 78.103246 111.325137 94.322496 87.833943 106.883209 103.064786 121.505200 118.567819 113.446957 128.666580 110.298508 83.138949 89.253098 65.929635 72.310370 116.898843 114.884886 106.908628 118.957873 132.377635 122.159480 145.117227 152.208375 140.153673 140.304977 156.132096 138.980559 132.912944 153.729674 144.578170 157.823562 148.151863 136.267211 146.182715 169.262037 159.002579 149.489123 145.104272 124.142548 125.468603 133.308509 165.060905 150.505085 163.263911 175.582758 162.589319 177.756809 148.320361 153.085197 174.107702 175.027309 196.963204 177.692011 164.421681 188.636464 166.021232 149.102118 156.038669 138.692957 90.013665 72.533029 111.181591 96.914213 107.412858 117.064202 139.864925 159.197056 182.108563 135.250916 116.170842 134.971410 94.905190 67.023570 27.674380 81.417114 127.791078 67.452219
82.080182 89.244743 96.125691 98.927518 115.986303 115.168066 123.274244 125.715750 143.689174 140.807759 95.939370 132.993628 121.219299 135.299848 155.215886 138.426651 128.632133 117.603563 107.862643 124.652053 88.502037 101.252893 109.937552 117.183214 133.851997 144.728977 125.072855 130.048842 127.436325 113.986846 128.250432 131.647150 104.606687 120.437197 101.284054 92.017770 107.340527 108.854934 94.083558 85.758581 98.757122 125.817229 138.173899 97.089081 99.048493 111.745828 109.843122 105.445728 117.223934 81.875221 70.077028 79.765668 67.013636 90.450677 118.685350 106.232109 73.865376 95.223743 133.786429 103.512208 49.741100 67.123759 100.267948 66.044998 73.484547 67.867541 53.739197 42.089870 41.204392 43.476770 60.677170 25.635200 91.314053 88.240791 87.970798 111.870335 115.961086 97.526553 93.009625 95.054656 101.866524 101.783792 81.665689 30.464446 20.218532 0.000000 13.198663 61.392854 66.914513 47.503670 59.862621 40.734547 34.068774 29.801591 54.459338 85.985734 68.983094 62.494541 81.543807 77.725384 96.165798 93.228416 89.915932 105.135555 76.965264 49.805705 65.722073 42.398610 43.957722 93.367817 107.226916 109.637484 122.165731 106.152047 88.826237 135.949864 128.876159 115.950569 106.971733 132.601071 117.174962 117.003527 130.275231 118.277286 138.622692 140.493893 129.056065 120.843313 164.752296 171.211873 124.149720 136.993668 127.350405 134.113319 141.953226 139.721503 164.414991 163.071619 142.249514 152.314333 166.804017 156.965078 145.427227 167.006531 182.084828 193.034644 173.763450 156.763711 193.530534 166.536139 150.749348 163.668697 146.322985 56.680422 47.193627 119.826308 105.558929 116.057575 100.943295 142.198216 160.844286 153.304038 108.336378 94.028161 112.888616 77.562202 43.492545 47.892912 90.061831 136.435795 76.806037
86.404537 93.569099 100.450046 103.251874 120.310658 117.801384 126.922251 130.040105 147.337181 145.132115 100.263726 125.714619 118.814572 127.849896 158.863892 125.334148 132.956489 121.927918 101.013186 117.802595 92.826393 105.577248 114.261907 121.507570 125.837442 137.380118 129.397210 134.373197 131.760680 118.311202 132.574787 118.644319 108.931042 113.798490 103.917372 94.651088 107.630110 102.924690 96.716876 88.391900 101.390440 128.334901 124.975236 83.890418 103.372848 106.447530 96.644459 92.247066 104.025271 75.025763 64.146785 72.163377 53.814973 77.252014 105.486687 93.033446 67.015918 88.374285 127.106957 96.662750 50.030682 71.448114 93.418491 56.562201 65.619883 58.384744 45.874534 32.607073 45.528747 36.627312 53.827712 28.268518 83.858529 79.330610 88.260380 112.159917 118.618150 95.263589 86.160168 88.205198 95.017066 103.876780 74.816231 22.449891 13.369074 4.324355 0.000000 60.445701 62.282410 35.297962 47.656912 38.400863 33.121621 16.602928 41.373558 85.038581 58.153833 61.547388 76.861892 76.778231 94.084205 92.281263 76.717269 91.936892 81.289619 54.130061 52.523410 29.199947 38.123917 80.169155 111.551271 113.961839 126.490086 109.040497 91.714687 132.862552 131.764609 103.423985 111.296088 119.402408 104.011084 113.865093 118.760198 116.283631 125.458814 139.867428 128.108912 119.896160 169.076652 160.917973 123.202567 137.958007 131.674761 136.746637 144.586544 129.933848 154.627336 150.235025 144.636355 154.867478 165.856864 159.598396 149.751582 171.330887 186.409184 183.246989 163.975795 155.013572 191.027297 170.860494 154.708960 167.316703 149.970992 56.371405 44.859943 122.459626 108.192247 103.054744 105.267651 129.105712 164.803898 157.628394 106.452445 93.081008 115.777066 76.615049 30.293882 41.043454 90.351413 139.069113 79.439355
96.934661 104.099223 110.980171 113.781998 130.840783 128.331508 137.452375 140.570229 157.867305 155.662239 110.793850 136.244744 129.344697 107.660175 169.394016 135.864272 142.682730 124.390757 111.543310 128.332720 103.356517 116.107372 123.988149 131.233811 136.367566 147.910242 139.123452 144.903322 132.455715 128.841326 129.661486 103.956534 109.882831 99.110706 114.447496 105.181213 118.160234 113.454815 107.247000 98.922024 111.920564 123.347607 135.505361 94.420543 113.902973 116.977655 107.174584 102.777190 114.555395 85.555888 74.676909 82.693501 64.345097 87.782139 116.016811 103.563571 77.546043 98.711045 126.651058 107.192874 60.560806 81.978239 103.755250 53.904075 60.301088 55.726618 40.555738 29.948947 56.058872 19.768612 16.145392 38.798643 94.388653 89.860734 98.790504 122.690042 129.148275 105.793714 96.690292 98.735322 105.547190 114.406904 85.346356 32.980015 23.899199 14.854480 10.530124 0.000000 44.995138 34.273776 40.582176 18.815173 32.354400 19.743714 42.639643 82.313716 59.419918 60.780166 78.127977 74.908595 74.498514 91.514042 79.858054 95.077677 81.055059 53.895500 47.856214 39.730071 41.264702 90.699279 105.784274 124.491963 137.020211 96.355187 95.013413 126.153004 133.244152 94.031195 102.890385 122.543193 107.151869 117.005879 121.900983 112.750037 128.599600 133.659328 127.341691 119.128938 163.757112 155.512953 122.435346 117.121334 136.398148 146.134502 127.720715 138.007129 147.015459 153.375810 146.339308 138.276073 153.443564 142.732567 160.281707 181.861011 196.939308 188.734908 172.049076 156.279658 194.934093 181.390619 165.239085 177.846828 160.501116 59.512191 25.274253 132.989750 118.722372 88.366960 115.797775 139.635837 175.334023 168.158518 102.809129 92.313786 109.187503 75.847827 33.434667 41.716132 100.881538 149.599237 89.969480
119.163299 107.886160 118.283682 136.010636 136.188506 152.402977 160.509156 145.917952 166.673742 165.339744 133.174282 137.507133 121.157262 135.237811 178.200454 151.805124 155.586403 142.439272 131.644410 146.893798 125.736949 138.487804 136.891821 144.137484 158.619038 166.615344 152.027125 156.078265 136.395270 151.221758 133.601042 107.896090 138.123180 120.064522 107.600205 126.718143 134.446399 105.267380 119.786011 121.443692 106.521008 130.677591 157.644936 117.439537 126.184480 119.509714 130.193579 125.796185 137.574390 85.278544 66.489475 79.584430 87.364092 103.420168 131.321311 126.582565 105.163963 124.363834 146.561421 107.317618 86.976011 65.161971 129.408039 83.448198 85.953877 81.937202 66.208527 59.651617 72.210071 50.626026 41.798181 62.870112 115.222000 97.583302 111.728112 126.388998 149.170275 107.697652 105.354673 126.279848 133.091716 135.158038 112.890882 55.231487 54.756613 37.234912 41.387539 30.857414 0.000000 20.857176 33.216127 42.074010 35.408238 48.746655 55.798802 75.615865 70.322557 53.836711 72.885978 69.067555 87.507968 84.570587 104.720982 111.304675 83.291485 77.154338 71.115052 70.587485 52.787547 107.629681 129.043111 130.530483 147.705402 112.746983 95.421173 139.766825 130.120357 117.290033 126.149223 136.962620 108.517132 116.613930 123.266247 102.440067 108.446866 140.639116 120.398236 122.182776 165.707366 164.016904 125.489184 140.244623 152.791234 153.492397 156.513430 141.060967 164.791882 158.436592 148.575735 151.516546 166.684036 139.695494 182.510344 181.570031 190.739073 192.558745 173.737886 169.438817 202.154415 184.915658 187.490557 193.192485 182.872119 22.130794 41.726964 130.205897 119.222082 119.224374 135.433046 155.576689 184.279410 190.538950 92.499159 90.541283 112.090829 68.904372 41.452975 71.418802 105.261569 133.288785 86.148549
128.811891 132.565553 141.688322 145.659228 160.867899 160.208738 168.271194 170.597346 188.686123 186.208822 142.671080 162.186526 145.836655 139.537405 196.711476 167.741502 174.559960 151.682362 143.420540 160.209950 135.233747 147.984602 155.865379 163.111041 158.381705 169.924382 171.000682 176.780552 163.379719 160.255921 160.585490 134.880538 141.760061 130.987936 124.371485 137.058443 148.510513 129.946773 139.124230 130.799254 133.505456 153.007649 167.382591 126.297773 141.028943 142.563193 139.051814 134.654420 146.432625 109.957938 91.168868 104.263824 96.222327 113.367677 147.818651 135.440801 105.505712 126.864079 158.528288 123.307859 90.911085 92.146420 131.908285 85.781305 86.295626 87.603848 72.432968 61.826177 87.936102 51.645842 48.022622 70.675873 126.265883 120.739814 129.140783 151.068392 161.025505 132.377046 128.567522 130.612552 137.424420 146.284134 117.223586 54.994154 55.776429 46.731710 42.407354 31.877230 26.984448 0.000000 12.358951 37.431797 59.615512 51.620944 38.247035 54.758689 49.931991 61.342789 56.656303 74.649715 93.115139 88.598322 95.687862 110.907485 66.597571 72.512124 66.472838 71.607301 73.141932 92.430587 115.832409 155.209877 132.691345 97.881735 80.555925 127.679553 114.160921 111.580012 111.068427 138.373001 112.261497 112.938739 105.333757 81.582891 123.723378 133.213286 125.187713 118.535385 146.668194 143.159728 118.856616 126.625976 137.876020 135.740147 149.880863 134.428399 157.120637 157.778515 131.881821 144.044021 159.211512 162.908782 180.234398 160.712855 178.829436 181.120354 161.849161 151.887050 190.541486 207.282688 187.253224 192.349087 191.319934 31.373883 43.312790 151.813506 137.546128 120.244190 147.675005 171.513067 191.785488 200.035748 71.641983 82.492503 104.618305 73.693850 65.311897 73.593362 118.674740 155.129448 113.132997
126.115129 133.279690 140.160638 142.962465 160.021250 159.203012 167.309191 158.699807 179.455596 179.681779 139.974317 154.764873 148.474979 144.881416 184.352525 170.538172 165.462249 153.412085 140.993417 157.691359 132.536984 137.061414 146.767668 154.013330 146.022755 157.565431 161.902971 165.857364 161.346449 147.896970 160.918759 135.213807 147.104072 136.331946 112.012534 131.130472 136.151562 132.585097 138.118505 129.793528 129.766625 140.648699 167.616044 131.641783 143.083440 141.973160 144.395825 139.998431 151.776636 109.698987 93.807192 93.889785 101.566338 117.725524 152.176498 140.784811 106.996150 128.354517 163.872299 110.948909 78.552135 92.479688 133.398722 91.125316 91.639637 84.985281 77.776979 67.170188 85.239339 56.989853 53.366633 69.670147 118.559604 108.380863 116.781833 140.681370 158.598382 124.313842 123.541994 128.185430 126.762821 135.622535 114.796463 42.635204 53.349306 44.034947 47.751365 37.221241 27.317717 5.344011 0.000000 25.072846 54.020937 56.964954 43.591046 60.102700 55.276002 66.686800 53.001796 79.993726 80.756188 90.913463 100.589160 115.808783 71.941582 60.153174 54.113888 71.493661 71.400247 97.774598 103.473458 148.625491 138.035356 102.612860 85.899936 132.410678 119.504932 100.288868 109.148059 138.739442 114.576638 115.253880 107.648898 83.898032 126.038519 138.557297 122.749333 123.879396 148.983335 145.474869 106.497666 121.253105 133.799716 141.084158 137.521912 122.069449 146.762936 145.419564 136.771955 139.056550 149.151963 152.533764 185.124532 166.056866 184.173447 175.382589 156.111396 157.231061 183.162898 201.531848 174.894274 197.693097 190.357932 36.717894 31.531926 139.454556 125.187177 125.588200 144.978242 168.000544 184.989211 197.338985 73.957124 70.133553 109.962315 71.255470 68.770692 78.937373 107.794038 159.521055 113.466266
101.042282 108.206844 115.087791 117.889619 134.948404 134.130166 142.236345 144.677850 162.651275 154.608932 114.901471 149.319628 140.181400 146.846562 174.177986 148.939156 147.594234 136.565664 124.618194 141.407604 107.464138 120.214993 128.899652 136.145315 149.442450 155.989460 144.034956 149.010943 143.593153 132.948947 147.212532 134.076056 123.568788 137.403499 120.246154 110.979871 126.302628 126.529699 113.045659 104.720682 117.719222 123.981385 148.580245 107.495427 118.010593 130.052539 120.249468 115.852074 127.630279 98.630772 87.751794 95.768386 77.419982 100.857023 129.091696 116.638455 90.620927 111.979294 148.619633 120.267759 68.703200 86.085859 117.023500 79.763984 82.269662 78.252988 62.524313 56.212082 60.166493 58.954999 50.217740 44.597301 107.463538 102.935619 106.932898 130.832436 134.923187 116.488654 109.765176 111.810207 101.689975 110.549689 98.421240 46.054900 36.974083 18.962101 23.605009 39.186387 26.179966 15.458604 21.767003 0.000000 51.842932 40.207937 30.474455 70.217293 47.254730 43.092433 62.141699 56.093422 55.683342 73.826308 75.516314 90.735936 62.239886 35.080328 29.041042 47.924771 61.728925 84.658007 86.969101 128.599584 141.127832 77.540014 76.198240 107.337832 114.428979 75.216022 84.075213 113.666596 95.543000 105.869651 110.292114 93.934864 116.919899 114.844156 109.653957 106.857891 144.941939 145.562136 107.959606 118.872921 135.261656 127.319329 137.466063 123.531389 145.225567 145.462460 127.524136 129.798047 144.965537 152.477915 164.389327 176.171459 193.864471 169.919735 157.573336 144.114470 182.768906 185.498239 169.711449 182.630798 165.285086 46.832487 6.459080 138.680992 124.521030 126.659753 119.905396 152.710721 173.535132 172.266139 83.993957 79.797004 90.372330 58.160094 48.279152 64.648463 109.023931 134.448209 95.768138
107.708055 114.872616 121.753564 124.555391 141.614176 140.795939 148.902118 142.283087 163.038877 161.274705 121.567243 127.801349 139.675404 134.984255 170.472078 155.604929 144.765504 137.571228 127.112970 136.760200 114.129910 123.180968 126.070923 133.316585 132.142308 143.684984 141.206226 151.976917 147.466002 134.016523 148.280109 123.426500 130.234560 126.434786 113.700613 104.434330 122.212743 94.446481 110.040307 111.386455 124.384995 130.647158 155.246018 114.161200 124.676366 131.253048 126.915241 122.517847 134.296052 101.125548 85.007617 98.102572 84.085754 102.057532 135.757468 123.304228 93.115703 114.474070 145.936453 119.044312 64.671688 77.369043 119.518275 77.080804 79.586483 75.569808 59.841133 57.273027 66.832265 47.092692 40.196543 51.263073 114.129310 109.601391 102.901386 115.568100 138.349377 122.712767 112.259952 114.304983 108.355747 117.215461 100.916016 28.754757 39.468859 25.627873 30.270781 27.324080 32.845738 22.124376 28.432776 6.665772 0.000000 13.338417 20.390564 51.916960 34.914319 28.425767 47.475033 43.656610 62.097024 59.159642 73.452758 85.893730 57.880541 41.746100 35.706814 35.434039 17.379309 74.574116 93.634874 126.822284 131.770052 84.205787 70.010229 112.117945 104.709412 81.881795 90.740985 101.554382 83.106188 91.202985 96.206457 85.169994 104.553918 106.745807 94.987291 86.774539 141.249493 137.463787 90.080946 104.836386 117.382996 130.978405 121.105193 105.652729 130.346216 129.002844 120.355235 122.639830 132.735243 136.117045 168.707812 158.713452 176.830033 158.965869 139.694676 134.030579 166.746178 179.579711 161.013827 182.536616 171.950859 53.106894 13.124853 131.460014 126.875256 115.691040 126.571168 154.120098 158.868466 178.931912 75.842739 59.959387 86.679884 43.493428 27.029370 67.143239 104.992419 141.113982 102.433910
103.505378 110.669939 121.067462 120.352714 137.411499 137.390002 146.510869 147.140946 166.925799 162.232956 132.996952 131.943028 131.073197 135.180190 161.869872 148.055518 142.979596 130.929431 118.510764 135.300173 125.559619 114.578761 124.285014 131.530677 123.540101 135.082778 139.420318 143.374710 138.863795 125.414317 137.401086 127.568179 127.241874 119.515340 100.362196 91.095913 108.874327 98.588160 114.181985 107.980518 118.116287 128.998361 155.965706 119.353155 122.324698 130.322823 132.107197 127.709803 139.488008 92.523341 76.405410 89.500366 89.277710 106.199211 140.650185 120.293465 84.513496 105.871864 151.355074 105.705895 56.069481 78.646753 110.916069 76.693119 85.750801 78.515662 66.005451 52.737990 77.210938 50.091610 60.098640 47.857136 107.155779 97.178702 94.299179 118.198717 136.115728 113.111682 103.657746 105.702776 112.514644 121.374358 92.313809 20.152551 30.866653 37.057582 45.402943 47.226177 47.977901 37.256538 39.222713 21.797935 19.902097 0.000000 39.797245 71.819057 54.816416 48.327864 67.377130 63.558707 77.481277 79.061739 60.114341 75.333964 69.652223 51.759823 45.720537 40.877898 21.520988 91.847106 108.767036 131.062680 143.590927 99.337949 83.610578 116.259624 123.350772 86.821057 95.680247 102.799479 87.408156 97.262165 102.157270 99.790424 108.855886 126.647904 114.889388 106.676635 159.284522 144.315045 109.983043 124.738483 137.285093 149.117264 141.007290 125.554826 149.008169 133.632097 134.936473 142.541927 152.637340 156.019142 166.852423 178.615549 196.732130 173.657315 154.386122 150.717593 182.205925 187.961335 152.411620 177.959482 169.559610 39.768477 28.257015 120.020510 113.536840 115.135717 132.037300 145.517891 162.506558 190.361621 89.849516 79.861484 106.581981 63.395525 13.690954 58.541032 96.390212 156.246144 98.318872
118.796182 125.960743 132.841691 135.643519 152.702303 151.884066 135.119478 150.689517 155.534407 159.827270 132.655371 149.169826 157.935299 156.352732 167.061119 166.693056 165.348134 154.319563 142.372094 158.128677 125.218037 137.968893 146.653552 153.899215 153.510785 165.053461 161.788855 166.764842 161.347052 150.702847 164.966432 144.794977 141.322687 147.803263 131.161957 121.895674 139.674087 115.814958 130.799558 122.474582 135.473122 141.735285 166.334145 125.249327 135.764493 147.806439 138.003368 133.605974 145.384179 116.384672 105.505693 113.522285 95.173881 118.610923 146.845595 134.392355 104.952014 126.310381 165.656346 136.505656 86.040165 98.737520 121.930082 90.248693 99.306375 92.071236 79.561026 66.293565 77.920392 56.113230 61.565020 62.351200 125.217437 120.689518 124.269863 136.936577 152.677087 134.242553 127.519076 129.564106 119.443874 128.303588 116.175140 50.123234 54.727983 36.716000 41.358908 48.692557 43.933866 33.212503 39.520903 17.753900 21.368477 30.799761 0.000000 52.260597 16.780275 28.191073 35.488335 41.497999 61.862330 58.924949 62.536146 77.755769 51.172470 47.067366 41.028080 56.802516 38.747786 54.183552 94.523961 128.840632 123.723439 76.293385 58.967575 106.091202 99.017498 89.242862 77.916711 105.221285 80.947577 90.968292 95.696691 80.468908 102.395307 107.181559 86.940678 96.947035 137.599564 137.643111 100.617230 111.200874 111.494468 125.089876 129.759967 115.281238 137.562970 126.960164 116.456720 122.455671 137.623162 144.771819 164.809296 168.341961 179.269047 167.363442 148.092248 113.640015 152.294451 169.035653 182.382304 175.513930 158.168218 64.586386 24.212980 150.820271 142.274929 137.059516 137.659296 170.464621 158.633772 181.142529 75.608046 56.856136 83.029954 35.446815 44.490714 78.060750 126.360896 129.237243 113.522037
132.311503 139.476065 146.357012 133.161989 149.634383 160.026147 131.770619 145.523773 152.185549 156.478411 146.170692 162.685147 171.450621 169.152827 163.712260 179.333768 178.863455 167.834885 155.887415 171.643998 138.733359 151.484214 160.168873 167.414536 165.303552 173.423712 175.304177 180.280163 174.862374 164.218168 165.379224 158.310298 154.838009 161.278791 142.125647 132.859364 150.637777 129.330280 144.314879 135.989903 148.988443 155.250606 166.737341 138.764648 149.279814 151.037568 151.518689 147.121295 158.899500 129.899993 118.168861 122.862444 108.689203 121.842052 156.293026 147.907676 96.397386 117.755753 179.171667 147.469346 97.832932 112.252841 122.799959 93.474942 105.709980 105.586558 93.076347 79.808886 91.435714 69.628551 75.080341 75.866522 134.501321 134.204839 136.062630 150.451898 165.622237 147.757875 139.483710 143.079428 132.959196 141.818910 129.690461 61.916001 68.243304 50.231322 54.874230 62.207878 57.449187 46.727825 50.208343 31.269221 34.883798 41.763451 13.515321 0.000000 13.431416 18.098380 32.139476 23.684260 41.061558 48.832256 59.187288 65.921380 47.553154 39.708406 33.669120 53.904760 52.263107 67.698873 91.175102 125.491773 121.442666 72.944526 55.618717 102.742344 94.382026 77.408473 74.567853 93.386896 63.133838 74.789505 77.882952 67.991081 84.581568 104.900785 84.659905 92.838058 130.922107 123.736245 93.321633 104.853088 108.145609 121.741018 123.446230 108.893415 128.429370 113.053297 112.837404 115.778215 130.945705 138.458082 142.995372 161.954138 161.455308 151.184654 131.913461 127.155336 161.627126 159.607361 174.598194 172.165071 154.819360 78.101708 37.728301 161.783961 155.300290 150.574838 151.174617 183.105333 148.541079 177.793671 65.515353 53.507277 76.352498 33.166041 55.454404 83.629733 123.735754 136.085031 127.037359
129.870775 129.742328 140.139851 119.730573 142.946802 146.594731 118.339203 133.909242 138.754132 143.046995 157.949029 189.847529 185.546864 155.721411 150.280844 165.902352 171.458491 166.911283 176.015719 183.119902 165.568357 168.414475 178.120728 175.755557 197.037305 163.320894 183.645197 197.210424 197.875768 187.409555 181.920988 172.749820 176.097497 155.564843 165.599503 162.565589 180.344002 160.484841 162.886391 159.232670 158.831511 179.801744 160.049759 161.946119 176.114813 171.820218 162.783668 170.302766 182.080971 149.668146 130.879077 143.974032 131.870674 155.307715 179.702794 152.972734 131.877708 153.236075 187.411271 164.810414 126.807420 129.445085 158.280281 121.705376 124.211054 120.194380 104.465705 110.242945 118.270712 100.500861 88.254069 102.701520 156.241816 149.848071 144.741359 168.640896 155.951095 138.024138 146.895130 153.963468 143.682721 133.276585 149.818764 93.649754 88.371607 77.066320 81.709228 88.318990 84.284186 70.117397 64.773386 58.104220 70.364120 76.453459 48.995643 35.480322 0.000000 11.410799 18.708060 24.717724 45.082055 42.144674 45.755872 60.975495 34.392195 65.872616 69.149442 62.019540 83.417669 65.203768 77.743686 112.060357 114.755084 59.513110 42.187300 89.310928 82.237223 72.462588 61.136437 88.441010 64.167302 74.188017 78.916416 63.688633 85.615032 94.844661 77.972323 80.166760 120.819289 124.769709 83.836955 94.420599 94.714193 108.309602 113.343412 99.408738 124.102226 114.086761 99.676445 105.675396 120.842887 128.355264 148.029021 152.469461 162.488773 150.583167 131.311974 136.359124 160.502187 160.640826 173.298371 158.733655 141.387944 71.084092 64.563300 168.308016 154.040638 176.685949 178.009616 169.673917 141.853498 164.362255 58.827771 40.075861 66.249680 26.478460 75.094972 94.977070 145.476249 122.924072 153.872357
132.938739 138.171578 142.704513 128.159823 131.536003 145.710360 136.290222 128.043534 148.799324 151.476245 147.873844 178.436731 186.456544 156.820858 159.575485 174.562736 181.503682 173.551439 168.655157 178.422197 170.297960 176.665166 180.698484 175.152718 185.626507 155.325332 183.042359 202.061386 187.888836 179.957278 181.318150 161.339021 164.686698 144.154044 171.229033 161.962750 175.755314 149.074042 164.667868 158.124911 164.829426 168.390945 148.638960 161.361985 172.469091 177.818133 174.116027 169.718633 181.496838 142.667735 131.788757 144.883712 131.286540 154.723581 174.765373 170.505013 132.010342 151.210213 176.000473 164.207575 118.155887 127.468706 156.254418 110.294577 112.800256 108.783581 93.054906 99.270398 123.000315 89.090063 76.843270 98.001530 156.583022 151.260881 133.330560 157.230097 164.380345 139.436948 146.292291 154.547326 143.079882 132.673747 142.458203 82.238956 81.011046 81.795923 77.471567 88.364611 92.432310 70.458604 65.114593 66.873318 70.705327 76.794666 49.336850 35.821528 49.252945 0.000000 19.049266 15.230843 33.671257 30.733876 50.884271 57.467964 29.454774 56.418046 69.490649 64.034653 72.006870 53.792969 77.140848 111.175986 103.344286 58.910272 41.584462 85.930113 76.283646 68.955057 77.814247 83.959446 54.680421 62.777219 69.429535 56.744227 76.128151 86.802405 66.561524 74.739678 112.823727 115.282828 75.841393 86.754708 103.143443 115.429453 105.347850 91.413176 116.106663 104.599881 94.739024 97.679834 112.847325 120.359702 143.091600 144.473899 153.001892 139.172368 119.901175 132.851593 152.506625 151.153945 161.887573 154.110849 156.205001 83.692982 73.332398 174.305931 160.038552 174.047448 174.023925 174.844154 130.442699 163.759416 47.416973 36.704571 58.254118 15.067661 75.436179 108.685426 145.817456 117.986650 148.463265
146.201337 153.365898 162.911843 149.934251 158.865358 176.750492 148.542881 154.803042 168.957811 173.250673 162.725522 179.457409 188.005451 183.580366 179.447456 194.902794 195.418285 184.389715 171.697050 182.868476 155.288189 168.039045 176.723704 183.969366 181.285501 182.084840 191.859007 196.834994 191.417204 180.772998 182.151486 175.082560 171.392839 164.494103 158.077861 148.841313 166.619726 146.102542 148.849586 140.524610 153.523150 171.805436 165.998240 143.238059 164.260922 165.795171 155.992100 151.594706 163.372911 145.709628 134.150810 139.634706 113.162614 136.599655 164.834328 152.381087 113.169648 134.528015 180.907854 157.014235 113.814881 129.025103 139.572221 110.247204 122.482242 119.224171 103.495495 96.581148 107.990544 86.400813 79.085149 92.421352 137.533756 139.874661 152.044579 161.676376 173.078387 155.807641 142.516145 157.661874 149.514026 152.040531 145.500096 77.897950 84.052939 66.786152 71.429060 78.980140 73.383044 51.409337 46.065326 47.824051 51.656060 57.745400 30.287583 16.772262 30.203678 34.870642 0.000000 40.456522 57.833820 52.538889 75.093159 70.782052 56.054132 47.164556 50.441382 70.677022 69.035370 84.471135 96.507632 142.264035 123.684344 78.277056 60.951246 108.074873 101.001169 82.269145 91.128335 98.247568 79.906100 79.650072 68.731439 44.980573 87.121060 107.142463 86.901583 98.930706 121.526888 106.557410 102.600901 113.514216 124.917871 138.513280 132.107358 118.172684 120.518319 124.994099 121.338382 124.439342 139.606833 147.119210 159.767634 170.070614 178.227570 144.518036 125.246843 143.927598 173.567927 176.379623 191.370456 188.937333 171.591622 76.738843 54.283131 174.592336 160.324957 167.347100 167.729447 198.674359 165.313341 183.126201 53.952711 57.044630 85.013626 35.407720 56.386913 100.401995 126.768189 144.586009 143.592189
132.096005 131.967558 142.365080 121.955803 148.396937 146.299572 131.603991 121.839513 142.595303 145.272225 160.174258 187.955343 181.055296 152.134627 150.902525 166.524033 175.299662 167.532964 163.253909 180.043319 155.067116 167.817972 176.502631 183.748294 188.078165 181.334253 191.637934 196.613921 183.676185 180.551925 194.815511 180.885042 171.171766 176.039214 166.158096 156.891812 169.870834 160.551987 158.957600 150.632624 163.631164 186.254881 180.447685 146.131142 165.613572 168.688254 158.885183 154.487789 166.265995 137.266487 126.387509 134.404101 116.055697 139.492738 167.727411 155.274170 127.619093 148.977460 189.347681 158.903474 112.271406 133.688838 154.021666 118.802925 127.860607 120.625468 108.115258 94.847797 107.769471 98.868036 93.534594 90.509242 146.099253 141.571334 150.501104 169.602866 158.176324 140.249368 148.400892 150.445922 147.051324 136.645188 137.056955 84.690615 75.609798 66.565079 62.240724 93.429585 87.832489 65.858782 60.514771 62.273496 66.105505 72.194844 44.737028 31.221707 44.653123 49.320087 14.449445 0.000000 24.562400 42.097768 35.653428 42.237120 62.704135 61.614001 64.890827 80.236830 83.484814 98.920580 103.036239 111.765198 128.940117 83.246024 75.400691 108.492740 108.828403 53.724213 62.583404 69.702636 39.449578 51.105245 54.198692 59.430018 60.897308 106.914593 96.807924 86.943324 115.021463 100.051985 69.637373 84.392812 96.939423 110.534831 100.661619 85.209155 104.745110 89.369037 99.911662 102.196257 112.291670 115.673471 148.264238 138.269878 137.771048 127.500394 108.229201 117.620749 137.942866 135.923101 150.913935 166.189487 154.652732 91.188288 68.732576 184.700350 170.432971 165.295468 167.508375 170.295598 161.008872 161.977495 50.688527 70.804619 96.078340 49.857165 70.836358 103.284178 141.217634 131.366420 141.680079
140.574120 140.445673 146.967737 130.433918 156.875053 154.777687 140.082107 130.317629 151.073419 153.750340 168.652374 197.418243 201.932788 149.158566 143.717999 159.339507 174.881642 160.348438 179.164471 187.861229 185.651249 179.401214 179.815794 174.926071 207.832267 168.587154 182.815711 202.262530 190.983993 196.174060 195.164678 192.753041 189.516098 187.907213 191.308079 182.041795 199.820209 174.366962 186.041751 186.612887 199.611427 195.853933 206.413153 165.328335 178.970233 180.504482 178.082376 173.684983 171.954129 155.033445 154.921980 127.473228 135.252890 151.308966 185.759940 174.471363 153.332059 174.690426 208.544874 155.206416 144.592168 148.921292 179.734632 155.325488 161.441358 129.896063 144.637821 131.370360 128.456967 132.130505 128.507285 126.489506 150.747267 151.034233 165.179044 178.080981 166.654440 139.210301 131.883623 152.808798 155.529439 145.123304 139.419831 108.675237 109.499022 104.719813 101.800244 112.361893 106.350689 99.752215 94.408204 85.757712 103.223295 110.102947 81.854818 68.339496 81.770913 62.523648 53.984783 53.636449 0.000000 19.932518 19.832972 35.052594 55.519610 47.365858 102.008617 116.176372 97.299789 98.248410 95.851714 120.243313 131.518757 58.683624 61.663507 88.481441 95.572589 46.539688 55.398878 62.518110 47.126786 51.975861 57.876372 38.251522 68.574517 95.987765 91.815663 88.001500 103.336825 99.828360 78.115488 92.870928 105.417538 119.012947 109.139735 93.687271 108.726800 93.350727 107.609768 110.674373 120.769785 124.151587 155.962345 144.130884 151.817052 114.236393 109.099818 110.436224 141.924556 179.672414 158.591143 159.807609 163.130848 95.126995 92.216792 180.606231 198.502158 177.163467 196.859753 163.111072 168.686081 163.532769 28.310615 59.044608 71.515940 77.591309 107.402622 137.173402 169.346314 139.844536 160.828976
159.042518 158.873892 154.938690 133.734217 160.175351 149.752495 141.070695 148.786026 161.485625 164.201265 167.797530 206.951831 202.921377 161.601331 162.186396 177.807905 183.050656 178.331912 190.443388 202.447152 173.289331 185.599935 192.258559 193.394468 210.149428 187.055552 201.284109 214.395884 209.418346 198.774140 213.037726 194.314260 189.209620 198.546368 186.071348 176.805064 192.127822 173.596964 178.870852 170.545876 183.544416 189.806579 200.050505 173.320621 183.835787 190.194611 186.074662 181.677268 190.422527 164.455965 152.907645 145.941625 143.245175 166.682217 194.916889 182.463649 141.090888 162.449255 214.444826 173.674813 134.528394 151.580142 167.493461 141.881920 148.094856 144.078181 128.349506 122.037275 125.991686 118.035529 113.137414 110.422494 169.215665 168.760812 172.758092 194.718583 177.105365 157.678698 150.352020 171.277195 167.515168 163.591701 157.888229 106.761877 102.799277 84.787294 89.430202 105.011581 86.418170 81.283797 80.117591 65.825194 83.290776 90.170429 61.922299 48.406978 61.838394 66.505358 34.052265 58.112393 18.468397 0.000000 38.301369 53.520992 73.988007 65.834255 82.076098 102.126641 96.529792 78.315891 89.855161 138.711711 140.216520 77.152022 80.131905 86.950338 94.041486 44.396809 53.255999 80.986508 38.110959 32.043343 49.761217 26.010351 58.010837 114.456163 110.284061 106.469898 102.556666 87.587189 96.583886 111.339325 123.885936 137.481344 110.128323 112.155669 96.783585 88.030419 102.289459 118.517758 133.685248 116.588942 150.642036 127.544982 145.661563 108.438493 89.167300 122.321262 136.604247 179.961044 149.575316 158.655100 162.215570 108.548964 72.284274 199.074629 190.346223 192.484946 185.730589 177.022091 159.670254 180.827357 34.982489 45.759662 89.984337 69.459985 90.439177 125.859634 160.820454 153.369582 161.593331
147.880135 149.158302 145.669398 124.464925 150.906059 136.002101 137.879041 140.285215 158.293970 163.324658 173.905742 187.888857 195.111548 129.325594 123.885027 139.506536 155.048670 140.515467 159.331499 168.028258 166.519078 159.568243 159.982823 167.228485 191.378527 154.316755 175.118126 188.364192 171.151022 178.563323 175.331707 172.920070 169.683126 168.074241 175.397858 170.023280 182.358624 154.533990 166.208780 166.779916 179.778456 178.593188 186.580182 145.495364 159.137261 160.671511 158.249405 153.852011 152.121158 151.322739 140.443761 107.640256 115.419918 131.475995 165.926969 154.638392 143.312894 164.671261 188.711903 135.373444 124.759196 136.902777 169.715467 135.492517 144.550199 137.315060 124.804849 111.537388 136.010336 112.924288 126.766404 106.656534 173.216466 150.136288 162.988894 175.655609 172.154109 138.312355 154.352821 162.607856 151.140413 140.734277 151.113207 88.842266 89.666051 112.716937 111.173093 123.426775 107.761185 91.549545 96.981155 93.754836 97.369414 94.000017 76.000937 62.485615 75.917032 61.398068 63.381814 48.932369 42.313267 36.705170 0.000000 15.219623 35.686638 46.240278 93.361525 102.857291 77.466818 83.625247 76.018742 126.117383 130.620812 57.785679 49.644992 79.956230 87.047377 26.706716 35.565906 42.685139 27.293815 37.147824 42.042929 39.676083 48.741545 95.089820 90.917718 87.103555 99.170181 84.200704 88.205271 95.715042 114.991856 120.666600 115.232804 103.777053 88.893828 73.517756 87.776797 104.005095 119.172586 105.771798 136.129373 132.649463 144.072075 113.542974 94.271781 90.603252 122.091584 161.476169 138.758171 139.974637 150.681557 122.923428 100.213916 163.345486 178.669186 157.330495 177.026782 143.278100 148.853109 162.634823 29.735175 39.211637 70.617995 66.270570 87.569650 117.340430 163.823036 124.218515 157.118270
132.660512 133.938679 138.139757 122.402536 148.843670 144.932628 124.244190 128.277165 144.659119 148.105035 163.007068 172.669234 179.891925 114.105971 108.665404 124.286913 139.829047 125.295844 144.111876 152.808635 151.299455 144.348620 144.763200 152.008862 176.158905 139.097132 159.898503 173.144569 155.931399 163.343700 160.112084 159.635394 154.463503 171.803826 164.069941 154.803657 167.139001 139.314367 154.908192 151.560293 164.558833 163.373566 190.340911 162.932930 165.904473 171.466529 175.686972 171.289578 183.067783 136.103116 125.224138 138.319094 132.857485 146.925417 165.777614 172.075958 128.093271 149.451639 190.163858 157.048483 109.539574 121.683154 154.495844 120.272894 129.330576 122.095437 109.585226 96.317765 120.790713 97.704665 111.546781 91.436911 157.996843 142.206254 147.769272 160.435986 156.934486 130.382321 139.133198 147.388233 135.920790 125.514654 135.893584 73.622643 74.446428 100.277826 95.953470 118.982773 104.077446 87.105543 81.761532 95.986243 98.547286 78.780394 78.449775 64.934453 66.824499 46.178445 48.162191 33.712747 27.093644 33.601161 44.659868 0.000000 20.467015 31.020655 82.717387 87.637668 62.247195 68.405624 60.799119 110.897760 118.490566 49.855645 34.425369 79.653462 74.475292 11.487093 20.346283 27.465516 37.851368 48.251072 52.600482 39.229521 53.190969 87.082730 76.008108 72.404829 89.034030 92.155015 76.075024 80.495419 99.772233 112.736565 105.581481 91.646807 84.601014 87.770827 85.751265 97.913465 113.080956 116.329351 134.103841 136.854785 144.540953 106.960294 105.375028 75.383629 114.038065 146.256546 149.315725 124.755014 135.461934 115.423094 93.582178 148.125863 171.360640 178.843462 161.807159 128.058477 146.890235 154.704789 48.201658 28.567499 58.487748 51.050947 72.350027 102.120807 148.603413 108.998892 141.898647
114.461800 114.333353 119.568276 101.935521 128.376655 131.185755 112.135549 107.810150 128.565939 127.638020 142.540053 166.297441 159.424910 136.587474 140.092651 155.714159 161.270298 153.318055 141.623524 158.412933 158.251789 150.162985 159.869239 147.526610 174.788053 135.091948 155.416251 174.863070 169.646821 164.420631 153.692042 166.072245 158.832338 161.030303 143.602926 134.336642 152.115056 137.092226 139.418254 131.093277 144.091817 163.429209 183.550733 142.465915 145.437458 157.080524 155.219956 150.822563 162.600768 115.636101 104.757123 117.852079 112.390470 135.827511 145.310599 151.608943 107.626256 128.984623 169.696843 136.581468 95.075796 101.216139 134.028829 99.805878 108.863561 101.628422 89.118211 75.850750 100.323698 77.237650 94.438050 70.969896 137.529828 123.634773 133.305494 152.380637 140.542119 111.810840 118.666183 126.921218 115.453774 105.047639 115.426569 71.400502 53.979412 87.312656 90.709101 105.404351 103.491862 82.114687 89.438312 84.746043 78.080270 76.558253 98.470835 90.436149 103.867565 54.614620 73.663887 69.845464 74.018961 85.348496 59.938431 75.158054 0.000000 41.529756 70.744661 67.170653 60.025054 47.938609 49.514740 96.651381 98.023550 31.284164 13.958354 61.081981 54.008277 66.289204 75.148395 86.038295 72.954028 84.609695 87.703143 99.614514 76.287413 66.615715 59.656648 51.937814 92.590343 97.333694 55.608009 60.028404 79.305218 92.900626 85.114466 71.179792 95.873279 94.529907 65.284250 77.446450 92.613940 98.839895 113.636826 124.240515 142.357096 124.492932 105.221739 130.135371 132.273241 150.169362 160.546716 148.435576 131.872356 94.956078 73.115163 163.261240 150.893625 158.376447 167.621524 159.485724 159.251731 136.133308 89.673607 87.827224 38.020733 69.682281 70.127887 81.653792 135.396527 88.531877 121.431632
141.621358 141.492911 146.727835 129.095079 146.693793 158.345314 139.295108 134.969708 155.725498 154.797578 163.031634 173.282776 186.584469 154.870162 163.795697 179.417205 188.429857 171.600744 168.783082 185.572492 182.987982 171.397066 181.103319 174.686169 180.358406 162.251506 182.575810 200.193015 195.682100 182.232622 180.851600 176.496811 179.844488 159.311834 170.762484 161.496201 170.487214 163.304553 166.577812 158.252836 171.251376 183.548735 163.796750 169.625474 172.597016 184.240083 182.379515 161.763672 173.541877 142.795660 131.916682 145.011637 139.550029 162.987070 172.470158 177.111770 134.785815 156.144182 191.158263 150.981340 112.887786 128.375698 134.725691 123.656388 127.958046 123.941371 108.212696 103.010309 127.483256 104.247853 92.001060 98.129455 163.974084 150.794332 148.069626 165.320709 125.913831 138.970399 145.825742 154.080777 142.613333 132.207198 142.586128 76.970855 81.138971 94.485945 92.629357 96.182152 101.703810 85.616394 80.272383 75.523844 68.858072 82.196488 64.494640 50.979318 64.410735 15.157790 34.207056 30.388633 48.829047 45.891666 66.042061 72.625754 27.159559 0.000000 84.648439 79.192443 86.237381 68.950759 76.674298 123.810940 118.502076 58.443722 41.117913 88.241540 81.167835 84.112847 57.166028 86.757411 69.838211 77.935009 84.587325 71.902017 91.285941 93.775273 81.719314 75.854117 119.749901 124.493253 82.767567 87.187963 106.464776 120.060185 112.274025 98.339350 123.032838 119.757671 92.443808 104.606009 119.773499 125.999454 140.796385 151.400073 168.159682 151.652491 132.381298 148.009383 159.432799 166.311735 177.045363 169.268639 159.031914 98.850772 81.982924 179.676112 175.196342 184.549111 188.855605 183.188770 145.600489 163.292867 62.574763 51.862361 65.180292 30.225451 90.593969 108.813351 153.208517 115.691435 148.591190
147.660644 147.532197 152.767121 133.080304 152.733079 157.812098 145.334394 141.008994 161.764784 160.836864 169.070920 179.322062 175.684348 160.909448 169.834983 185.456491 187.590746 175.540582 172.121347 184.001967 172.607163 159.189912 168.896165 176.141828 177.150685 168.290792 184.031468 187.985861 183.474946 170.025468 184.289053 166.646450 171.853024 165.351120 162.127291 167.535487 158.280060 159.794466 163.513880 161.591101 174.589641 185.204677 169.836036 165.000785 175.935281 181.973251 177.754826 167.802958 179.581163 139.805630 121.016561 134.111516 134.925340 156.835370 178.509444 164.904615 138.124080 159.482447 197.197549 157.020626 100.680632 123.257904 140.764977 129.695674 133.997332 129.980657 114.251982 106.348574 127.624741 103.702194 98.040347 101.467720 151.766930 156.833618 138.910330 162.809867 131.953117 145.009685 151.865028 159.313360 148.652619 138.246484 145.924393 73.763134 84.477236 98.640992 94.316636 89.239997 84.347215 57.362767 69.721717 81.563130 74.897358 88.235774 64.290270 50.774949 64.206365 21.197076 34.002687 32.075913 54.868333 51.930952 67.729340 74.313033 33.198845 6.039286 0.000000 63.086692 92.276667 74.990046 82.713584 129.850226 124.541362 64.483008 47.157199 84.767823 87.207121 85.800126 63.205314 92.796697 71.525490 83.181157 86.274605 77.941303 92.973221 99.814559 87.758600 81.893403 125.789187 130.532539 88.806854 93.227249 112.504062 126.099471 118.313311 104.378636 129.072124 121.444950 98.483094 110.645295 125.812785 126.609355 146.835671 157.439359 169.846961 157.691777 138.420584 149.696662 165.472085 167.999014 182.989847 175.307925 165.071200 88.736649 78.379898 176.468391 175.301934 177.606956 176.648451 189.228056 151.639775 169.332153 68.614049 57.901647 71.219578 36.264737 90.389600 112.151616 141.001363 121.730721 145.601161
153.218834 143.815953 139.880752 145.963724 172.404859 175.154200 147.128737 137.364259 158.120049 163.968848 178.870882 179.605148 183.798916 167.659373 169.646760 185.268269 190.824408 183.655150 171.236482 188.025892 176.008993 167.304480 177.010733 184.256396 176.265820 183.648334 192.146036 196.100429 191.589514 178.140036 192.403621 175.230299 161.862937 185.642102 170.241859 166.965425 166.394628 146.250281 161.844106 160.706236 173.704776 190.831228 190.127019 172.078874 175.050416 183.056847 184.832915 180.435521 192.213726 145.249060 129.131129 142.226084 142.003429 153.861331 182.830362 173.019183 137.239215 158.597582 204.080792 165.967378 108.795200 129.172842 161.055959 129.418837 138.476519 131.241380 118.731170 105.463709 129.936657 102.817329 118.331329 100.582855 159.881498 157.979793 147.024898 167.371899 152.244099 149.391977 156.383464 158.428495 164.010161 153.604025 145.039528 72.878269 83.592371 113.137164 116.288780 112.563460 107.670678 80.686230 93.045181 100.598951 93.933179 83.462317 87.613734 74.098412 87.529828 41.488058 57.326150 55.399376 75.159315 72.221934 71.697366 86.916989 53.489827 26.330268 23.323463 0.000000 69.183109 50.969208 87.786544 140.619826 139.661467 79.840550 62.514740 108.091286 102.564663 98.404082 83.496296 113.087679 77.445606 89.101273 92.194720 98.232285 98.893336 115.172101 108.049583 100.494200 141.146729 133.924883 104.164395 113.518231 131.466445 142.721471 116.186365 100.733901 125.427389 123.745819 115.436408 125.667531 140.835022 131.198217 163.788984 153.794624 171.911205 154.047042 134.775849 159.351283 161.827350 191.322477 156.738514 181.714233 170.177478 112.060113 101.703362 175.583526 180.506584 191.005229 171.200163 189.039833 166.833451 184.689695 88.905031 78.192630 86.577120 56.555719 79.285941 111.266751 149.115931 126.022899 151.044591
95.934147 103.098709 113.496231 112.781484 129.840269 128.612899 137.733766 139.569715 158.148696 154.661725 116.949602 110.422039 122.296095 134.100366 153.092769 139.278416 127.386195 120.191919 109.733661 119.380891 106.825884 105.801658 108.691614 115.937276 114.762999 126.305675 123.826917 134.597607 130.086693 116.637214 130.900799 106.047190 118.464771 118.215623 108.739038 105.462604 104.891806 77.067172 92.660997 99.203415 112.201955 129.328407 144.564645 103.479827 112.339489 113.873738 115.873254 118.932700 130.710905 83.746239 67.628307 80.723263 80.500607 84.678222 119.129196 111.516362 75.736394 97.094761 142.577971 104.464557 47.292379 59.989733 102.138966 67.916016 76.973698 69.738559 57.228348 43.960888 67.037833 40.263345 49.299586 39.080033 98.378676 93.590581 85.522077 98.188791 120.970067 105.333457 94.880643 96.925673 103.737541 112.597255 83.536707 11.375448 22.089550 50.583180 53.734795 61.146286 64.511099 51.511946 46.167935 38.331133 36.435296 16.533199 43.259633 88.352256 60.039908 55.621116 74.670383 70.851960 89.292373 86.354992 76.647540 91.867163 67.622885 40.463326 48.727367 41.056506 0.000000 92.025714 117.137625 118.984681 136.019697 98.907049 81.581239 94.738636 101.829784 103.354256 97.629354 119.332678 103.941354 113.795364 118.690469 112.365343 125.389085 134.238599 122.182641 116.317443 160.213227 160.848243 123.230894 127.651289 141.204371 145.081559 152.737351 138.802677 163.496164 150.165295 132.907135 145.069335 153.111297 154.682697 159.281192 180.860497 191.877906 190.190514 170.919320 156.899648 186.415704 180.390104 143.634517 169.182379 160.782507 56.301676 44.790213 114.080705 119.003762 125.982101 119.267142 136.740788 153.729455 188.145376 103.038089 92.325688 105.643618 70.688777 10.102833 49.763930 87.613110 149.880628 89.541769
102.249626 92.846746 88.911544 94.994516 121.435651 124.184992 106.518787 97.728044 118.483833 112.999640 127.901674 128.635940 139.366633 127.049422 130.010545 145.632053 145.600096 138.405820 126.804200 137.594792 125.039785 122.872197 126.905514 134.151177 131.833537 143.376213 142.040818 151.668146 147.157231 133.707753 147.971338 124.261091 110.893729 136.429524 125.809576 122.533142 121.962345 95.281073 110.874898 116.273953 129.272493 146.398945 162.778546 121.693728 130.553390 132.087639 134.087155 136.003239 147.781444 100.816777 84.698846 97.793801 97.571146 102.892123 137.343097 128.586900 92.806932 114.165299 159.648509 121.535096 64.362917 78.203634 119.209505 84.986554 94.044237 86.809098 74.298887 61.031426 85.251734 58.385046 67.513486 56.150572 115.449215 110.246702 102.592615 116.402692 125.903740 98.422769 111.951182 113.996212 120.808080 117.756675 100.607245 28.445986 39.160088 68.591844 71.856497 70.288051 75.809709 60.963326 64.381836 49.629743 42.963971 32.493109 61.473534 76.242866 77.878290 46.664993 59.470604 57.543829 74.636616 77.398868 92.607450 99.780950 58.666761 31.507203 25.467917 23.810750 18.213901 0.000000 62.223776 89.650619 88.692259 43.993200 26.667390 73.791017 66.717312 69.953470 78.812660 98.747331 75.014434 86.670101 89.763549 103.409220 88.996448 79.324750 72.365684 64.646849 98.429037 83.459559 68.317045 79.230360 93.876933 106.874120 75.576415 61.097686 85.791173 72.776611 75.800192 86.031316 101.198806 90.588267 124.152768 114.158409 132.274990 114.410826 95.139633 108.382075 121.350440 160.685304 151.008665 134.957391 129.567528 72.261586 56.088823 131.151243 136.074301 144.196002 120.230955 149.403618 154.744461 148.842344 94.081965 80.536188 50.729769 58.899278 28.316733 66.834468 104.683648 75.053691 106.612308
120.105385 118.266402 114.331200 120.414173 146.855308 149.604649 131.938444 119.730849 140.486639 138.419297 153.321331 148.735739 146.467332 152.469079 152.013350 163.449653 158.373731 146.323566 133.904899 131.201439 143.390147 129.972896 139.679149 146.924812 138.934236 150.476912 154.814452 158.768845 154.070133 140.620655 154.884240 144.360891 136.313386 153.311678 132.910275 129.633841 129.063044 115.380872 130.974697 123.374652 136.373192 113.914469 140.881814 134.747290 137.718833 149.361899 147.501331 143.103938 154.882143 107.917476 91.799545 104.894500 104.671845 122.991922 149.646456 135.687599 99.907631 121.265998 162.732598 128.635795 71.463616 94.040888 126.310204 87.324946 96.382628 89.147489 76.637278 63.369817 92.605073 53.189482 85.262548 63.251271 122.549914 120.648210 109.693314 133.592851 151.323397 123.842426 119.051881 121.096911 127.908779 117.779675 107.707944 35.546685 46.260787 63.509318 66.660933 90.271426 91.023149 79.706645 82.267962 64.843183 62.947346 43.045249 81.573333 89.867035 97.861665 60.289162 73.094773 71.167998 77.058505 91.023037 90.816355 106.035978 72.290930 45.131372 39.092086 49.230406 38.313700 25.419657 0.000000 115.070275 114.111916 69.412856 52.087047 99.210674 92.136969 95.373126 102.297399 113.372469 100.434091 112.089758 115.183206 115.310027 106.769189 97.097491 86.990822 77.126222 123.848694 108.879216 93.736702 104.650017 119.296590 132.293777 100.996072 86.517343 111.210830 98.196268 101.219849 111.450972 107.577220 116.007924 149.572425 139.578066 157.694646 139.830483 120.559290 133.801732 146.770097 186.104961 167.805755 160.377047 154.987184 82.813726 71.302264 128.614076 143.175000 153.673646 145.650612 160.912026 177.900693 174.262001 105.369120 96.993733 76.149426 75.356823 48.416533 73.935167 111.784347 100.473348 113.713007
21.762753 28.927314 39.324837 18.291338 44.732472 34.534374 58.208541 47.798248 68.554038 45.517771 60.419804 82.585158 99.075999 79.504287 80.080749 91.432660 80.367595 81.038468 93.409846 71.059545 83.650073 85.713630 95.419883 102.665546 121.238926 106.242880 110.555187 114.509579 106.512113 104.708710 106.452234 114.972225 98.376742 122.916086 94.006489 98.767714 105.873235 83.075205 88.216267 98.284450 97.956830 122.642654 132.047919 116.778805 109.780732 110.810009 123.852731 125.135452 136.833101 53.032269 70.013079 79.336023 86.703360 103.171761 114.815655 125.921833 112.024714 133.383081 134.922218 105.234436 80.237233 102.814505 138.427286 99.442028 108.499710 101.264571 88.754361 75.486900 104.722155 65.306565 92.837670 75.368354 48.356427 49.033057 63.177867 57.837668 58.421871 37.209124 39.701517 50.146442 39.302937 30.875061 47.237725 47.663768 58.377870 75.626400 78.778015 85.681474 94.315436 74.354125 69.010114 68.135470 62.678807 46.337536 83.069372 101.567050 97.593127 71.989177 84.794788 70.794633 89.175587 102.723052 73.976018 89.195641 55.149577 56.831387 50.792101 34.726581 43.538085 25.324184 12.117083 0.000000 17.174919 50.474659 51.991574 38.208599 45.299747 61.372922 70.232113 88.185778 83.357565 77.289949 98.106679 113.652101 82.704197 75.734600 64.065071 73.953762 104.434868 106.452580 79.247981 55.590672 22.359594 35.955002 50.511496 74.087727 98.781215 98.100795 88.790234 99.021357 106.529886 59.144437 64.791046 81.226981 99.343562 127.400868 108.129675 76.127531 114.781967 98.580680 113.034827 91.337190 68.518070 86.106013 70.500754 118.793371 107.181132 113.861547 96.091331 64.900477 109.574969 108.106494 103.711194 102.513815 61.660705 80.876905 34.638021 86.052250 73.388481 31.433491 58.827799
40.341257 40.212810 49.377799 30.201055 35.181014 53.066147 41.033622 44.910460 61.448552 53.517477 58.180696 105.115996 107.075705 78.415830 72.975263 74.257740 93.496423 89.605702 100.893561 93.590384 94.935568 106.705440 109.073058 116.318721 126.129732 89.067960 115.278374 134.725193 117.797609 119.343003 124.421943 107.727258 111.040218 115.699588 105.291985 110.053209 117.158730 88.189327 99.501763 91.851190 104.849730 120.717956 147.685301 128.064300 124.513203 117.838437 130.745631 136.420948 135.307630 64.317764 81.298575 94.393530 97.988855 118.229269 126.101150 137.207328 109.808560 131.166927 147.919548 116.519931 81.364545 103.941817 136.211132 101.988182 111.045864 103.810725 91.300515 78.033054 102.506002 75.386674 95.586037 73.152200 61.207053 60.318552 74.463363 80.368506 66.421576 48.494620 62.232356 64.433950 55.296576 44.890440 52.359538 45.447614 56.161716 81.017367 85.660275 82.713574 88.235232 77.513870 83.822269 62.055266 55.389494 68.045435 75.780058 95.347518 90.303813 65.769645 78.575256 76.648481 99.440902 96.503520 80.600376 95.819999 61.773934 50.611855 44.572569 57.257419 53.766227 35.552326 34.647921 22.530838 0.000000 33.299739 62.219716 44.832957 51.924105 67.997280 59.611834 73.271799 85.047144 83.914307 96.232397 117.791843 68.231378 58.559680 46.890152 56.778843 98.694280 89.277660 63.719331 38.415753 5.184674 18.780083 33.336577 56.912808 81.606295 94.365121 71.615314 81.846438 89.354966 41.969517 70.328779 91.908084 110.024665 110.225948 90.954755 88.037248 109.700730 81.405761 106.561504 75.389023 64.082363 107.813912 68.514346 105.470254 111.651538 120.709706 107.376826 78.029305 92.400050 90.931575 110.335552 102.474216 46.132055 80.837306 57.168859 83.836096 56.213562 39.611672 70.113295
92.878224 92.219314 88.284113 82.738022 104.864026 107.081791 90.868421 82.621732 103.377522 106.054444 120.956477 138.734619 152.719102 111.399056 114.904233 130.525741 136.081881 128.129638 142.822531 141.416208 126.967625 129.813021 136.178229 116.242447 149.148643 109.903530 124.132087 143.578906 144.458404 148.478164 159.574865 158.289777 142.476133 166.233638 137.324042 142.085266 149.190787 126.392758 131.533820 141.602002 141.274383 143.308686 170.276031 152.253436 141.544928 154.127561 156.965067 162.679398 155.178892 96.349821 113.330632 126.425587 130.020912 150.261325 158.133207 161.396464 139.294648 160.653015 179.951604 148.551988 118.334874 132.884530 165.697220 131.474270 140.531952 133.296813 120.786602 107.519142 131.992089 108.906041 124.440422 102.638287 116.514546 92.350609 106.495420 121.096473 118.958543 80.526677 99.423827 108.534787 107.833543 97.427407 101.297478 82.417944 85.647804 106.223416 119.422079 128.621513 106.274305 97.357539 109.716489 107.963206 101.297433 108.226644 96.934001 83.418680 96.850096 47.597152 66.646418 62.827995 81.268408 78.331027 65.565236 80.784859 31.668391 32.439362 97.109536 98.839044 91.693445 79.607000 67.506851 72.547417 72.835133 0.000000 45.626745 29.797817 36.888965 35.005040 43.864231 59.513686 61.369315 62.584133 74.976858 96.536304 46.975840 37.304141 33.132039 29.317876 67.401925 68.022121 30.419592 41.332907 57.721641 62.880921 59.926049 45.991374 67.685553 69.341490 60.693881 52.258033 67.425523 74.937901 109.046457 99.052097 117.168678 99.304515 80.033322 102.620360 107.084823 131.976517 135.358299 119.489860 113.917161 126.624470 104.783554 158.007221 150.498685 157.179099 139.408883 134.297306 127.967567 104.849145 90.760762 84.301723 12.832316 62.664813 101.796278 113.322184 120.550852 83.712510 102.145351
101.530451 103.979840 105.609922 93.968085 119.246210 118.311854 102.098484 93.851796 114.607585 117.284507 132.186540 152.339087 163.949165 122.629119 126.134297 141.755805 147.311944 139.359701 154.052594 154.837025 144.293434 146.627723 153.286348 133.568256 160.829699 121.133594 141.457897 160.904716 155.688467 159.708227 139.733688 152.113890 149.139135 148.797715 129.644572 120.378288 138.156702 123.133872 138.727697 144.990692 147.398662 149.470855 176.438200 149.546527 152.774991 159.605198 161.939954 164.999400 172.504702 113.675630 113.695007 126.789963 126.567307 130.744922 165.195896 157.583062 121.803094 143.161461 172.817975 122.623114 93.359079 87.257785 148.205666 97.410323 106.468005 99.232866 86.722655 73.455194 94.305885 71.437444 95.347925 84.867310 123.571473 109.676419 123.821229 138.422283 130.188607 97.852486 104.707829 112.962864 101.495420 91.089285 112.244037 57.442148 68.156250 81.757279 84.908894 91.445996 89.533508 68.156332 75.479958 70.787689 64.121916 62.599899 84.512481 84.571978 98.003394 64.922961 83.972228 80.153805 94.949387 95.656837 68.726194 83.945817 48.994201 49.765171 63.713323 54.512865 46.066700 38.245407 35.556386 83.777480 84.065196 17.325810 0.000000 47.123627 40.049922 52.330850 61.190040 72.079941 78.107740 72.040124 90.330077 108.402277 62.329059 52.657360 45.698294 37.979459 78.631988 83.375340 41.649655 52.562970 68.951705 80.206730 71.156112 57.221438 81.914925 80.571553 71.923944 63.488096 78.655586 86.167964 120.276520 110.282161 128.398742 110.534578 91.263385 116.177017 118.314886 143.206580 146.588362 136.815670 125.147225 80.997724 59.156809 149.302886 142.819215 144.418093 156.734692 145.527370 145.293376 122.174954 98.461369 73.868869 24.062379 79.990622 56.169533 85.222379 132.880480 101.038320 119.471161
121.528182 123.977570 125.607653 90.346035 116.787169 123.822664 122.096214 113.849526 134.605316 132.226276 139.786852 172.336818 176.365887 142.626850 146.132027 161.753535 167.309675 159.357432 158.564501 174.834756 164.291165 166.625454 173.284078 153.565987 180.827429 141.131324 161.455628 180.902447 175.686198 179.705958 159.731418 163.030065 163.652074 168.795446 149.642302 140.376019 158.154432 143.131603 156.359231 148.034255 161.032795 159.531736 163.540437 122.455619 147.103968 148.684682 139.411490 148.841897 160.620102 132.577078 121.698100 134.793056 129.331447 150.742653 144.051887 131.598647 124.567234 145.925601 165.672158 142.620844 112.016773 107.255515 150.969806 116.746856 125.804538 118.569399 106.059188 92.791728 114.303615 91.435174 111.379027 87.910873 143.569204 129.674150 143.818960 158.420013 145.130375 117.850217 124.705560 132.960595 121.493151 111.087015 132.241768 77.439878 70.920390 76.425598 89.624261 99.436951 94.544170 67.559721 79.918672 90.785419 84.119647 82.597629 95.126244 81.610923 95.042339 47.517504 66.566771 62.748348 77.934905 72.472589 35.767419 50.987042 16.940977 32.359714 78.226262 74.510595 66.064431 52.758345 45.617266 103.775211 104.062927 37.323540 19.997731 0.000000 7.091148 23.164323 32.023514 49.977178 45.148965 39.081350 59.898080 75.443502 44.495598 72.655091 65.696025 57.977190 98.629719 103.373071 61.647385 72.560700 88.949435 98.312418 91.153842 77.219168 100.840614 95.068425 82.225227 83.485827 98.653317 106.165694 123.497055 130.279891 148.396472 115.476499 96.205306 108.806023 138.312617 160.029591 156.613322 154.921358 140.572767 98.933604 79.154539 169.300616 162.816945 164.415823 172.989300 163.506851 165.291107 142.172685 65.502595 64.305216 44.060110 42.668306 76.167263 98.594770 152.337504 105.472854 138.372609
137.246595 138.267505 134.332303 113.127830 139.568964 129.146108 128.830272 142.634739 149.245202 155.008071 162.568647 198.069000 183.958381 158.001866 152.561299 168.182807 171.882821 169.191738 184.925072 186.444014 187.827693 185.546793 188.659094 195.904757 211.910484 182.993027 203.794397 214.342743 199.827293 202.461842 204.007978 201.596341 198.209906 196.750513 170.401324 189.519262 198.763511 168.068499 182.587131 183.690645 188.155415 193.478710 215.256453 174.171635 187.813533 189.347782 186.925676 182.528282 180.797429 148.079664 129.290594 136.316528 144.096190 160.152266 194.122431 183.314663 168.000572 179.169035 209.362541 164.049715 153.435468 165.579048 184.213240 142.043637 151.101319 125.999595 131.355970 118.088509 146.092804 133.834486 139.981240 135.332806 163.840269 158.373248 171.793077 173.321510 167.912170 146.549315 155.185359 153.562593 154.786779 146.358903 162.721567 117.518537 118.342322 124.751097 129.394005 136.727653 131.968962 120.225816 119.961128 105.788996 109.403573 116.283226 88.035097 74.519775 87.951191 90.074340 73.895801 77.608641 70.843757 65.381441 28.676271 43.895894 64.362909 74.916550 108.188896 99.069518 106.143089 112.301519 104.695013 115.483842 123.953284 86.461950 78.321264 104.257727 0.000000 16.073175 24.932366 42.886031 38.057818 31.990202 52.806932 68.352354 37.404450 111.721002 91.480122 114.699638 93.620112 98.660225 97.088974 111.844414 124.391024 107.908726 110.075182 112.660757 93.749466 87.977277 98.008862 114.237160 129.404651 116.535801 146.361438 127.491841 145.608422 108.385351 89.114158 101.714875 136.551106 161.351221 149.522174 148.229914 151.879013 150.634644 112.248076 192.021758 183.575967 186.006766 200.268951 156.415703 159.617112 177.793238 58.411447 65.722874 99.294266 94.946842 116.245922 129.855694 166.071592 128.740315 153.875194
121.173419 122.451586 132.849109 117.427256 143.868390 133.445535 112.757097 128.327136 133.172026 144.847943 159.749976 181.995824 197.651230 150.139304 144.698738 160.320246 162.150815 161.329177 172.617035 170.470212 171.754518 180.381953 180.796533 184.606184 212.192238 175.130466 192.495824 209.177902 195.054611 191.066478 196.145417 195.668727 183.410485 203.143303 187.530761 192.291986 193.977680 176.599478 181.740539 191.808722 191.481102 211.516053 221.649243 180.564425 194.206323 195.740572 193.318466 188.921073 187.190219 146.556541 163.537351 142.709318 150.488980 166.545056 200.996030 189.707453 175.717390 197.075757 223.780964 170.442506 149.006641 161.703996 202.119962 163.133478 165.261708 133.716413 152.445810 139.178350 168.752096 128.998014 151.013848 139.579399 147.767093 142.557329 156.702139 157.248334 157.752042 130.733396 139.112184 149.557109 138.713604 130.285728 146.648392 113.089710 122.588915 128.567508 124.243153 145.957254 136.053731 114.080024 108.736014 123.297214 121.401376 101.499279 106.739457 93.224136 106.655552 94.320933 76.451874 62.002429 54.770582 71.774231 35.069062 48.142487 68.609503 79.163143 103.799586 82.996342 101.714262 116.548112 102.123810 99.410667 116.585586 92.854741 80.512552 88.184551 95.275699 0.000000 8.859190 38.450574 26.364275 38.019942 41.113389 62.672835 41.703876 95.647827 75.406946 98.626463 77.546937 86.966682 81.015799 95.771238 108.317849 121.913257 112.040045 96.587582 91.659807 76.283734 90.542775 106.771074 121.938564 104.842258 138.895351 133.521581 140.119824 114.415091 95.143898 106.014302 124.857563 145.278046 137.828632 143.794457 135.805837 141.267756 129.756294 196.268351 200.705404 192.399557 184.195776 160.715130 147.923569 171.332439 55.930705 49.649698 98.561361 99.193435 111.817095 150.263295 149.998417 130.844157 152.352071
139.409617 139.281170 143.810893 122.606420 149.047554 138.624698 103.897906 119.467945 124.312836 135.988752 150.890785 196.261797 189.546980 141.280114 135.839547 151.461055 157.017195 152.469987 163.757845 179.982778 162.895327 171.522763 171.937342 179.183005 203.333047 166.271275 187.072646 200.318712 195.214696 182.207287 187.286227 186.809536 174.551295 194.284112 193.002285 183.736002 185.118490 169.922244 185.516069 190.843590 203.842130 202.656863 212.790053 171.705235 185.347132 186.881382 184.459276 180.061882 178.331029 163.386124 160.483379 133.850127 141.629790 157.685866 192.136840 180.848263 166.858199 188.216566 214.921774 161.583315 140.147451 152.844806 193.260772 159.556191 156.402518 124.857222 148.868523 135.601062 159.892905 133.118417 142.154658 130.720208 151.904793 159.386912 165.860796 179.436866 148.892852 147.562980 156.887183 162.968606 154.227116 143.958800 164.423391 104.230520 113.729725 124.061881 119.737525 139.866266 133.971056 117.759416 121.044829 114.438023 112.542186 92.640089 102.210808 88.695487 102.126903 85.461742 87.445488 72.996044 45.911391 62.915041 26.209871 39.283297 59.750312 70.303952 103.478098 126.166226 92.855072 107.688921 100.082416 121.599198 133.431874 83.995550 71.653362 79.325361 86.416509 50.770390 0.000000 29.591383 25.435310 31.158880 40.184424 61.743870 46.883040 92.008578 103.788735 109.632821 68.687746 86.037717 87.423990 88.694260 104.253034 117.848443 109.243860 101.767791 86.726881 75.354769 89.613810 105.842109 121.009599 103.913293 137.966387 126.660519 131.260633 105.848482 88.282836 104.345391 123.928598 136.418855 136.899667 134.935267 126.946647 132.408566 120.897104 187.409161 202.712128 183.540366 175.336585 155.232620 146.994604 162.473249 52.651914 65.421508 95.715741 90.334244 102.957905 141.404104 141.139227 138.680032 169.181655
130.242034 126.823197 122.887995 101.683521 128.124656 117.701800 123.264758 125.670932 143.679687 123.282147 138.184180 174.011451 176.840375 124.007726 142.109838 152.168211 142.607422 140.738307 144.078783 160.868193 146.649499 159.400354 154.664954 161.910617 193.706234 166.978431 169.800257 186.444634 185.583786 172.134308 173.459547 184.976609 156.585404 183.762642 190.305541 191.936278 168.432238 170.593816 174.448242 187.778034 195.852713 202.353536 227.199143 186.114325 181.311579 197.041984 196.731719 196.454672 197.113698 150.928151 158.572802 152.632796 160.412458 176.468535 207.710594 195.257353 164.068629 185.426996 229.330864 174.751312 138.236873 160.814144 190.471201 158.860510 167.918192 160.683053 148.172843 134.905382 159.378329 132.259002 142.092451 130.024528 156.835708 146.928939 157.824830 166.316949 136.186247 135.105007 148.180798 133.377222 141.850715 139.041714 148.624047 102.319942 113.034044 129.793454 134.436362 141.987442 136.390346 114.416639 109.072628 110.831353 114.663362 114.412585 93.294885 79.779564 92.267064 97.877944 63.007302 82.068194 59.426897 58.759758 44.992540 60.212163 80.679178 88.356560 113.448684 128.863373 120.417208 108.948750 88.439067 108.479281 112.508975 87.799329 74.350508 81.722694 88.813842 70.761004 79.620195 0.000000 12.679532 20.785556 27.428646 48.988092 25.960142 74.489015 97.111571 110.266422 63.770660 64.689500 82.506904 83.777174 99.335948 112.931357 98.870536 93.534512 57.135498 62.598991 76.858032 93.086331 97.494462 91.157515 125.210608 109.389269 117.075437 79.494778 77.909513 90.270567 111.172820 145.193448 124.143888 105.343883 116.050803 139.746145 117.290433 199.621528 203.480184 196.351576 158.650334 144.971395 127.479104 141.179270 47.200128 69.715463 98.412887 98.415022 107.151420 140.708424 163.264724 127.430712 156.723681
134.070259 122.310785 118.375584 97.171110 123.612244 113.189389 110.585226 112.991401 131.000156 139.051351 146.611927 184.433941 182.533701 136.826961 142.526867 158.148375 155.926101 153.557543 168.968352 177.672782 168.406550 165.212259 167.484190 158.241909 191.148105 157.278251 166.131550 185.578368 179.440140 182.127308 193.015349 193.496856 177.875371 196.581878 187.004000 183.727566 183.156769 176.458677 181.599738 177.468377 190.466917 189.674005 214.519611 173.434793 176.799168 189.732718 192.219308 189.273450 187.542597 146.415740 145.893270 143.061696 150.841358 166.897434 195.031062 182.577821 151.389097 172.747464 216.651332 170.794884 125.557341 148.134613 177.791669 146.180978 155.238661 148.003522 135.493311 122.225850 146.698798 119.579470 140.813150 117.344996 156.071289 142.416528 155.836358 171.162392 151.955451 130.592595 149.489746 141.537256 150.010749 149.582664 151.363397 89.640410 100.354512 129.252566 124.928211 142.194333 123.755036 110.317103 122.676053 111.905420 122.512675 106.171404 108.002526 94.487204 83.137175 94.547973 80.132491 83.894848 59.594604 46.080226 35.421439 50.641062 71.108078 81.661718 109.070465 119.733484 109.651837 101.179192 75.759535 128.483337 107.996564 82.546428 65.220619 69.043162 76.134310 62.128155 70.987346 78.106578 0.000000 11.655667 14.749114 36.308560 21.447730 98.892717 92.599160 101.975020 75.571885 60.602407 89.181412 95.288063 111.137174 114.180528 89.740647 80.854980 65.295532 49.919460 64.178500 80.406799 95.574289 78.477984 112.531077 107.157306 120.473779 88.050817 68.779623 85.524923 98.493288 142.752792 111.464357 138.267424 130.766606 141.690985 118.364500 192.345667 194.921028 192.751935 174.960930 140.458984 121.559295 149.339304 34.520596 71.542117 88.498175 101.692010 94.471889 128.028892 164.210126 134.457118 152.211270
138.065792 126.830549 122.895347 101.690873 128.132008 117.709152 109.027352 119.059017 129.442282 141.118198 151.131691 188.953704 170.878034 129.557988 140.968993 156.590501 160.445865 146.288569 162.266066 170.403809 166.973843 153.556592 160.215216 164.309525 189.081888 163.345866 172.199165 182.352541 183.921119 170.471641 184.735226 190.242446 166.219704 189.312904 183.209523 173.943240 180.797035 176.698824 179.998504 183.535993 188.056235 195.741620 220.587227 179.502409 181.318932 195.800334 188.324382 195.341066 193.610213 150.935503 151.960886 149.129312 156.908974 172.965050 201.098678 188.645437 157.456713 178.815080 219.610481 176.188065 131.624957 140.822737 183.859285 150.754833 153.260511 149.243837 133.515161 127.020146 147.870836 125.002395 146.880766 123.412612 160.591053 146.936292 148.622618 172.522155 154.022298 135.112359 154.009510 140.981966 149.455458 142.614975 155.883160 95.708026 106.422128 135.320182 130.995827 145.010948 129.822651 114.836866 127.195817 117.973036 117.686868 112.239020 114.070141 100.554820 71.481508 82.892306 86.200107 81.207313 65.662220 52.147842 41.489055 56.708678 77.175693 87.729334 97.414798 108.077817 99.631652 91.810358 81.827151 120.255373 112.516328 70.890761 53.564952 75.110778 82.201926 65.566944 74.426134 84.174194 6.067616 0.000000 20.816730 42.376176 25.967494 104.960333 97.118924 91.544411 81.639501 66.670023 92.630542 83.632396 102.909209 116.504618 78.084980 86.922596 64.740241 55.987075 70.246116 86.474415 101.641905 84.545599 118.598693 95.501639 113.618220 76.395150 57.123956 90.277919 104.560904 147.917701 117.531973 126.611757 130.172227 134.562676 112.721760 197.532740 183.265361 197.983044 171.015130 144.978747 127.626910 148.784013 40.588212 77.609733 77.627331 97.959967 100.539505 134.096508 166.837985 135.035456 156.731034
145.738225 133.978752 130.043550 108.839076 135.280211 124.857355 106.944862 122.514901 127.359792 139.035708 153.937741 196.101907 184.055519 142.735473 138.886503 154.508011 160.064151 155.516942 166.804801 183.029733 165.942283 166.734077 173.392701 177.487010 202.259373 169.318231 185.376651 195.530026 197.098604 183.649126 190.333183 189.856492 177.598250 202.024925 196.387009 187.120725 188.165446 178.951483 193.175989 196.713479 201.233720 199.318724 226.286070 192.679894 188.467135 184.376769 200.499648 203.610227 203.793189 158.083706 165.138371 159.312287 167.091950 182.018539 206.395699 191.961819 136.639982 157.998350 230.781942 187.045475 144.802442 154.000222 163.042555 163.932318 152.892186 150.781378 146.692647 140.197632 157.322798 138.179881 144.468526 136.590097 167.739256 154.084495 161.800103 182.830358 151.939808 142.260562 161.157713 154.159451 160.193608 155.792461 163.031363 108.885511 119.599614 116.118406 120.761314 136.342692 109.005921 112.614909 111.448703 97.156305 114.621888 117.747125 93.253411 79.738090 84.658993 96.069791 65.383377 75.366675 45.112146 31.331112 51.672031 66.891654 87.358669 92.478004 110.592283 121.255302 112.809137 104.009520 85.404255 133.432859 119.664530 84.068247 66.742437 88.288263 95.379411 75.727921 84.587111 94.357170 19.245101 13.177485 0.000000 21.559446 33.115697 102.344042 95.384976 90.234621 90.376197 79.847509 91.336336 96.809882 116.086695 129.682103 91.262465 100.100081 77.917727 69.164561 83.423602 96.578307 111.745797 97.723085 131.776178 108.679124 126.795705 89.572635 70.301442 97.426122 111.060718 155.320223 130.709458 139.789242 129.993603 131.136715 103.615385 210.710225 196.442846 203.173027 178.383541 152.126950 140.804396 161.961499 29.164647 70.608088 73.749061 100.791097 113.716990 133.393283 175.878093 130.299044 163.879237
147.268186 143.003542 139.068340 117.863867 144.305001 133.882146 130.695728 137.650832 151.110658 159.744108 167.304684 205.126697 203.870462 159.438180 153.997613 169.619121 176.618858 170.628052 188.488970 195.046249 189.693149 188.226090 190.095408 193.774924 202.779046 178.757225 191.638481 211.085300 201.263607 204.465464 199.940355 203.032655 199.126712 198.186827 189.851239 180.584955 192.907853 179.225682 194.819507 187.219462 189.247809 177.759279 204.726624 175.607949 170.859026 164.184260 180.307139 183.964597 182.233743 167.108497 155.644354 137.752842 145.532504 160.459093 184.836253 170.402373 115.080537 136.438904 209.222497 165.486030 135.308426 147.464452 141.483109 151.169755 131.332741 151.195451 140.482088 127.214627 147.666740 117.034292 124.618095 127.096080 170.976114 163.109285 173.538123 187.295435 172.648208 151.285352 155.436323 151.779470 160.252963 151.295952 145.984085 99.391495 110.105597 106.462348 111.105256 119.007628 112.346646 102.958851 106.046067 87.500247 101.273442 97.554616 86.574428 74.335454 87.766870 86.076348 59.980741 67.185073 23.552700 25.928476 30.112586 45.332208 65.799224 70.918558 102.936895 109.003392 102.158510 89.264466 63.844809 129.457767 114.206168 77.532477 60.206667 88.558170 95.649317 56.819302 65.678492 72.797724 40.737114 34.669498 23.750866 0.000000 42.140487 99.867147 105.904961 98.186127 76.546315 61.576837 90.155842 96.552829 112.111603 125.707012 112.754479 101.020474 75.537746 88.296572 102.555613 118.783911 115.896710 119.215098 150.908189 125.090041 137.118122 99.537463 80.266270 106.450912 134.811584 163.595696 152.201471 149.754070 153.314541 118.679695 93.959327 192.458885 193.485950 187.443081 195.463320 161.151741 162.296409 159.581518 8.972138 64.631303 84.269046 95.388461 92.231085 111.833837 170.419731 145.832960 172.904027
112.622528 100.863055 96.927853 75.723380 102.164514 91.741658 127.582456 105.230289 125.986079 117.603621 125.164197 162.986210 161.729974 133.615063 137.512791 153.134299 134.478371 135.149245 147.520622 164.310032 155.585813 154.738742 164.272291 171.517954 190.264039 167.944518 179.407595 183.534692 178.447854 172.418057 171.567619 186.352600 166.090730 193.369980 165.942230 170.703455 177.808976 155.010946 160.152008 170.220191 169.892571 194.578395 221.545740 188.714546 155.351438 172.575264 170.771577 170.494530 182.272735 124.968009 141.948820 155.043776 158.639101 178.879514 186.751395 197.857574 175.795541 196.930144 208.569793 173.960830 147.351526 161.192243 201.974349 149.462505 158.520187 151.285048 138.774837 125.507377 168.240343 140.515214 136.891994 139.139181 134.623559 120.968798 134.388627 149.714661 130.507720 109.144865 128.042016 132.586741 138.541069 128.134933 129.915666 111.434595 122.148697 131.631632 131.276727 120.746602 115.853821 88.869372 101.228323 112.669531 115.653702 115.481718 94.915631 108.601310 108.514628 111.402821 97.393555 82.944110 96.469321 87.935396 70.072940 69.375677 89.842692 96.245031 108.456526 106.799358 101.202510 82.988609 103.440958 109.079672 86.548834 63.805670 90.598072 93.603487 100.694635 80.862770 89.721960 96.841192 43.100736 37.033120 57.849850 79.409296 0.000000 80.581332 71.151430 93.123546 57.260500 64.842510 75.996745 77.267014 91.733508 105.328917 107.020991 91.568527 56.345016 69.103842 83.362883 81.911784 96.703981 116.078505 122.223088 103.373818 109.132169 84.111879 83.531943 64.310425 102.964861 135.183342 154.565093 127.277552 125.950112 120.243255 119.128611 192.019088 179.116873 185.797287 168.027071 119.011253 149.412773 140.388788 77.621332 97.943175 76.637986 117.797213 111.305342 137.274562 142.762396 113.009387 130.763540
111.820581 110.534753 106.599551 85.395078 111.836212 101.413356 112.642895 100.079833 120.835623 124.196628 128.086864 167.536273 171.401672 128.976255 132.362334 147.983843 144.150069 142.287195 157.192320 148.459418 147.285879 133.868628 143.574881 150.820543 169.393924 147.898367 158.710184 162.664577 166.313186 152.863708 167.127293 174.922945 146.531740 178.576764 166.125696 173.528524 161.109071 160.960561 166.364110 175.198501 171.333024 194.761861 217.563388 194.926647 165.023136 182.246963 180.443276 180.166229 191.944434 131.180111 144.190232 157.285187 164.851202 181.120926 192.963497 204.069675 173.995003 195.353370 210.715909 147.997225 155.441305 167.584886 200.397576 159.134203 168.191885 153.206578 148.446535 135.179075 158.969373 138.242045 146.563692 137.338643 138.414254 121.152264 135.297074 147.895496 137.100727 118.816563 123.262997 106.623136 115.096628 120.932889 121.869960 119.524374 120.348159 140.185052 135.860696 130.418300 125.525519 98.541070 110.900021 122.341229 125.325400 120.989445 104.587330 104.841680 112.726231 92.080177 88.069418 73.619973 72.995376 68.139856 54.559227 45.901732 66.368747 76.922387 115.417130 113.132900 108.148927 92.660307 85.052562 90.057828 83.347311 73.477368 80.327101 103.275185 105.397415 47.707251 28.349356 57.940740 51.191407 46.704818 37.672717 59.232163 9.671698 0.000000 54.325276 83.512336 45.687458 30.717980 59.296984 65.693972 81.252746 94.848155 81.700523 66.248059 30.381411 42.068753 56.327794 72.556092 70.740376 96.712375 100.010427 94.231184 106.259265 68.678606 49.407413 65.316219 88.878341 118.439361 122.859285 118.895213 118.245956 129.914953 128.800309 181.538326 179.300339 189.028408 151.327167 128.682952 114.258010 91.139588 53.456621 61.267242 77.776190 96.952679 118.251759 146.946260 139.560873 100.676626 135.194812
132.061461 130.775633 126.840432 105.635958 132.077092 121.654237 125.459011 115.694533 136.450323 144.437508 148.327745 187.777153 186.957739 133.442597 147.977034 150.103909 164.390949 150.173178 166.150675 168.700299 167.526759 154.109508 163.815761 171.061424 189.634804 164.914129 178.951064 182.905457 186.554066 173.104588 187.368173 195.163825 166.772620 193.197513 186.366576 193.769405 181.349951 181.201442 183.883113 195.439382 191.573904 195.001764 221.969109 208.261869 185.264016 202.487843 200.684156 200.407109 212.185314 151.420991 164.431112 170.406762 178.186424 194.242500 203.178627 207.212602 159.264961 180.623328 227.564871 168.238105 152.550910 165.322157 185.667533 127.819836 140.054875 161.413856 157.724572 144.457112 172.370257 134.276776 163.418702 144.338565 158.655135 141.393144 155.537954 168.136376 157.341608 139.057443 143.503877 126.864016 135.337508 141.173769 138.744529 116.633979 127.348082 138.569682 143.212590 150.546239 145.766399 118.781951 131.140901 119.607581 123.222159 124.132543 101.853682 106.161211 118.633957 112.321057 89.388948 93.860853 68.496061 85.141405 62.766505 66.142612 86.609627 97.163267 115.858885 130.317701 119.400994 106.506951 81.087294 110.298708 103.588191 92.178253 81.981389 108.104341 115.195488 67.948131 36.556634 26.381647 39.061178 47.167203 53.810293 75.369739 29.912578 20.240880 0.000000 103.753216 65.928338 50.958860 79.537864 85.934852 101.493626 115.089035 94.516639 79.064175 50.622291 55.718411 60.794136 77.022434 90.981256 106.679820 109.146712 114.472064 114.777171 88.919486 69.648293 85.557099 97.899988 138.680242 143.100165 131.725530 127.382241 150.155833 126.066661 201.779206 199.541219 209.269289 171.568047 148.923832 134.498890 111.380468 73.581775 81.508122 98.017070 117.193559 129.503827 155.022461 159.801753 111.786589 155.435692
131.791849 130.506022 126.570820 105.366346 131.807481 114.105298 132.614163 120.051102 140.806892 135.311800 148.058133 184.272465 188.870028 143.307196 151.222253 159.968508 164.121338 160.037778 174.206159 168.430687 167.257147 153.839896 163.546149 153.504357 183.992644 113.254029 146.669633 159.990083 168.308365 172.834976 187.098562 194.894214 166.503009 197.190311 186.096964 193.499793 181.080339 180.931830 186.335378 195.169770 191.304292 204.866363 231.833708 196.056714 184.994405 202.218231 200.414544 200.137497 202.682508 151.151380 151.175673 158.201606 165.981269 182.037345 212.934766 205.199742 169.129561 190.487928 230.687177 167.968493 158.037110 170.734465 195.532133 137.684435 149.919474 147.884674 153.241049 139.973588 167.977883 144.141376 158.650084 144.076870 158.182562 141.123532 155.268342 167.866764 148.215900 138.787832 143.234265 126.594404 135.067896 140.904157 141.841229 122.120179 127.086386 146.636176 148.593429 142.504692 145.496787 118.512339 130.871289 127.674075 131.288652 127.277930 109.920175 96.404854 109.836270 98.818404 95.780880 86.352705 78.360661 86.241119 50.561350 52.639959 73.106974 83.660614 125.723485 120.954596 110.744732 112.631576 90.951894 110.029096 103.318580 93.448636 87.065328 117.968940 21.885079 37.958254 38.937254 36.246246 48.925778 48.738944 57.643986 79.203431 29.642967 19.971269 9.864600 0.000000 65.658726 50.689249 79.268253 85.665240 101.224015 104.990829 101.671791 86.219327 50.352680 62.040022 70.658735 86.887034 90.711644 116.544419 119.011312 110.807230 122.835311 85.254652 65.983459 85.148064 107.764588 138.410630 142.830553 135.471259 137.246841 125.269794 134.133155 200.765822 199.271607 207.891845 171.298435 148.654220 134.229278 111.110856 73.427889 81.207457 97.747458 103.690906 120.847564 151.740773 159.532142 120.647894 155.166080
70.721871 70.593424 80.990946 60.581669 87.022803 87.445826 71.414236 70.938385 91.694175 83.898091 98.800124 135.496610 137.456319 101.233498 103.220886 114.584646 124.398534 96.599738 115.415770 123.970998 122.603349 123.762622 131.890727 137.044156 159.287918 129.394866 144.933797 152.458051 132.775057 135.783904 150.047490 150.971602 122.580397 146.080202 135.672599 140.433823 128.698910 118.569941 129.882377 139.950559 135.159107 151.098570 174.734543 158.444914 154.822580 148.147814 161.055008 166.801562 178.499211 94.698378 111.679189 124.603322 128.369469 145.032217 156.481764 167.587942 146.088089 167.446456 178.300161 146.900545 117.644074 140.221346 172.490662 120.143091 129.200773 121.965634 109.455423 96.187962 138.785531 99.369940 118.080693 109.431729 101.267879 90.699166 97.173050 110.749120 96.802190 78.875234 92.612969 94.814564 85.539370 75.271054 99.646035 81.727143 92.441246 109.689776 112.841391 132.962663 133.326502 121.861902 121.921566 111.023642 108.896910 89.225707 127.406474 115.323478 128.754894 79.501949 98.551216 94.732793 96.316208 91.460688 73.890650 69.222564 63.573189 64.344159 74.953183 87.638033 84.146840 65.932940 46.180458 52.911452 70.086372 31.904798 77.531543 61.702615 60.764786 66.909838 51.670188 61.482636 69.362913 63.295297 60.993549 82.552995 32.992530 23.320832 35.100989 59.819691 0.000000 49.060451 18.736244 20.006514 35.565288 49.160697 49.760491 34.308027 40.562958 53.321783 47.537631 51.295129 52.590770 58.818005 92.869750 87.368750 105.485331 87.021077 67.749884 75.497765 95.401476 120.293170 125.192741 105.769636 94.462977 128.994184 117.482722 135.850868 147.860182 155.527656 118.917005 117.811930 122.780664 114.460420 76.777453 84.588074 44.737114 94.569610 87.549473 107.955147 99.494064 69.992286 100.493909
85.691348 85.562901 95.960424 75.551146 87.810345 102.415304 85.838473 76.073995 96.829785 98.867568 110.810027 150.466088 147.689154 106.369108 108.356496 123.978004 125.440771 111.569215 126.912133 138.940475 129.482848 130.367712 137.026337 144.271999 165.893008 117.180387 150.595991 159.163661 142.617817 146.637576 156.292897 157.196305 137.549875 161.049680 150.642076 155.403301 143.668388 133.539419 144.851854 144.480521 140.615044 166.068048 186.845408 173.414392 160.278517 153.603751 166.510945 175.941351 186.494116 109.667856 126.648666 139.572800 143.338947 160.001695 171.451241 173.710395 161.057567 182.415934 193.269639 131.576722 132.613552 155.190824 187.460140 135.112568 144.170251 136.935112 124.424901 111.157440 153.755009 114.339418 133.050171 124.401207 113.836385 105.668644 112.142528 125.718598 111.771668 93.844711 106.842494 90.202633 98.676125 90.240532 104.988869 96.696621 107.410723 124.659253 127.810869 123.298386 140.864563 123.163539 117.819528 114.684597 108.018825 104.195185 127.495702 113.980381 127.411797 94.471427 113.207233 109.702270 95.692237 79.154968 88.860127 84.192042 78.542667 79.313637 89.922661 100.429000 99.116318 80.902417 61.149936 67.880930 52.629331 46.874275 92.501021 76.672093 75.734264 81.879316 66.639666 76.452113 68.242709 62.175093 75.963027 72.139537 42.854923 38.290310 50.070466 56.515945 14.969478 0.000000 28.579004 34.975992 50.534766 64.130175 54.896101 39.443637 13.960909 26.719735 40.978776 57.207074 54.319873 69.907953 89.331352 63.513204 75.541285 37.960626 18.689433 48.895716 75.293563 102.018859 112.349249 88.177233 91.737703 143.963662 121.143677 150.820346 153.316118 170.497134 133.886483 127.749569 110.312454 98.004681 62.198630 99.557551 47.058210 109.539088 102.518951 122.924625 108.842893 84.256123 115.463386
62.458632 62.330185 72.727708 52.318430 78.759565 76.662199 61.966618 52.202141 72.957931 75.634852 90.536885 124.712983 123.817300 82.497254 84.484642 100.106150 105.662289 98.696577 112.402939 113.187370 111.540422 106.495858 113.154483 120.400145 142.021154 114.916370 128.289786 133.721807 114.038812 118.058572 132.322157 133.324451 118.384809 137.816964 127.409360 132.170585 133.736301 110.306703 121.619138 131.687321 131.359701 142.835332 169.802677 150.181676 146.666230 139.991464 156.114343 158.538323 163.193324 86.435139 103.415950 116.510906 120.106231 139.781143 148.218525 159.324704 137.229040 158.587407 170.036923 138.637306 108.785025 131.362296 163.631612 114.892016 123.949698 116.714559 104.204349 90.936888 129.926481 90.510891 112.829618 100.572680 90.484252 82.435928 91.921975 99.965493 88.538952 70.611995 81.829342 86.551325 77.413951 67.007816 89.365551 72.868094 83.582196 100.830726 103.982341 127.592834 128.075428 106.814746 111.137939 102.164592 100.268754 80.366657 116.013032 102.497710 115.929127 74.250875 93.300141 89.481718 105.614978 104.984750 84.189983 96.811337 58.322114 59.093085 66.689944 76.854406 75.635109 57.669701 37.321409 42.127825 59.302745 26.653723 72.280469 56.451541 55.513712 61.658763 59.703586 78.305312 85.138896 87.503914 93.717705 115.277150 65.716686 56.044988 54.810572 55.971600 57.353255 48.762764 0.000000 14.755440 27.302050 40.897458 31.024247 15.571783 40.265270 38.921898 30.274289 32.558884 42.654297 46.036099 78.626866 68.632506 86.749087 68.884923 49.613730 74.527362 76.665232 101.556925 106.456497 96.552114 85.015359 120.135134 108.623672 127.587630 140.584003 147.264417 123.954397 103.877715 110.192293 113.048950 109.501608 109.395576 39.486039 89.318536 76.765846 102.704073 91.230826 61.729048 92.230670
54.433395 54.304948 64.702471 41.907116 68.348251 71.157351 52.107145 67.677184 72.522074 67.609616 82.511649 119.208135 121.167844 89.489352 84.048786 98.296171 105.226433 100.679225 111.967083 107.682522 109.027707 119.732001 120.146581 127.392243 150.168163 113.106391 135.281884 148.527950 131.889747 123.793254 135.495465 135.018775 122.760533 129.791727 119.384123 123.714133 131.250869 102.281466 113.593901 123.662084 123.334464 134.810095 161.777440 142.156439 142.862409 136.187643 148.705812 150.513086 162.210735 78.409903 95.390713 104.596808 112.080994 125.025703 140.193289 151.299467 126.081575 147.439942 162.011686 130.612070 97.637560 120.214832 152.484148 100.136577 109.194259 101.959120 89.448909 76.181448 118.779017 79.363426 98.074179 89.425215 84.979404 74.410691 77.166536 94.460645 80.513715 62.586758 73.860760 78.526088 69.388715 58.982579 81.396968 61.720629 72.434731 89.683262 92.834877 112.956148 113.319988 105.880589 105.633091 91.017128 89.121290 69.219193 107.747277 95.316964 108.748380 59.495435 78.544702 74.726279 93.166692 90.229311 69.434544 82.055897 43.566675 44.337645 58.664708 71.349558 64.487644 49.644464 26.173944 36.622977 53.797897 11.898284 57.525029 41.696101 40.758272 46.903324 55.762514 63.549872 71.775972 72.748474 86.525087 108.084532 58.874123 49.202425 42.447029 41.216160 79.300209 79.920405 42.317875 0.000000 19.276813 32.872222 47.428715 57.889658 79.583836 81.239774 72.592164 64.156316 79.323807 38.811491 72.863236 94.442540 108.334154 111.202799 91.931605 99.743309 118.983107 109.395772 117.635026 89.481161 75.155885 108.987670 97.476208 119.562393 132.558766 139.239181 121.468965 101.523455 103.473573 105.023714 99.169719 96.200007 24.730600 74.563096 71.260998 87.948633 83.205589 53.703811 84.205433
35.156582 35.028135 45.425658 25.016380 51.457515 51.880538 35.848948 51.418987 56.263877 48.332802 63.234836 99.931322 101.891030 73.231155 67.790589 79.019358 88.968236 84.421028 95.708886 88.405709 89.750893 101.520766 103.888384 111.134046 130.891350 93.829578 119.023687 130.316715 112.612934 114.158329 119.237268 118.760578 105.855543 110.514914 100.107310 104.868535 111.974056 83.004653 94.317088 104.385271 104.057651 115.533282 142.500627 122.879626 123.585596 116.910830 129.428998 131.236273 142.933922 59.133089 76.113900 89.208856 92.804181 113.044594 120.916475 132.022654 111.125049 132.483416 142.734873 111.335257 82.681033 105.258305 137.527621 103.304671 112.362353 105.127214 92.617003 79.349543 103.822490 76.703163 91.673823 74.468688 65.702591 55.133878 69.278688 75.183832 61.236902 43.309945 57.047681 59.249275 50.111901 39.705766 64.080746 46.764103 57.478205 87.022998 90.174613 100.655702 106.177361 91.330977 86.356278 79.997395 73.331622 62.860761 91.841185 90.162843 103.594260 60.584970 73.390581 71.463807 94.256227 91.318846 91.322182 106.541805 72.495740 45.427180 39.387894 52.072745 48.581552 30.367651 29.463246 17.346164 34.521083 45.129362 57.035041 55.554763 62.645911 69.414585 78.273775 96.780950 95.778860 94.636113 110.527974 117.329197 91.431077 82.433503 75.678107 74.447238 108.864635 113.151483 75.548953 33.231078 0.000000 13.595409 28.151902 91.120736 112.078311 103.144263 105.823243 97.387395 112.554885 36.784843 65.144105 86.723409 104.839990 141.899351 125.162683 82.852573 107.154526 101.676641 101.376829 70.204348 58.897688 102.629238 86.456475 100.285580 113.281953 119.962368 102.192151 82.246641 87.215376 85.746901 108.001943 97.289542 57.961678 75.652632 51.984185 78.889565 63.928776 34.426998 64.928620
48.027524 55.192086 65.589608 40.772415 66.189018 62.049701 48.601680 48.224030 68.416217 73.033098 73.745088 110.100485 96.002739 69.132315 79.942928 95.564436 93.872478 85.862897 95.343839 78.535288 88.737514 93.130919 99.789544 107.035206 128.656215 105.369562 114.924847 121.926868 123.495447 110.045968 113.927976 129.346340 104.842163 128.887232 118.954935 125.032485 110.960676 107.238519 113.129953 104.804977 117.803517 111.285456 138.252801 143.043576 134.919435 130.792224 143.699418 151.400224 148.208950 79.297040 96.277851 106.851350 112.968131 130.687089 141.080426 144.868045 129.773782 151.132149 149.746640 121.779026 101.329767 110.993282 156.176355 117.191097 126.248779 119.013640 106.503429 93.235968 118.041382 83.055633 106.918718 93.117422 75.871754 75.297828 79.768741 85.352995 85.937198 63.473896 62.293728 45.653867 54.127359 58.390388 60.900691 65.412836 76.126938 93.375469 96.527084 109.693283 111.494043 90.116868 96.525441 89.034975 82.369203 70.014024 100.878766 92.403049 98.493588 79.131105 98.180371 94.361948 103.556320 109.864980 89.070213 101.691567 63.202344 63.973315 64.873149 50.786960 57.619133 39.405232 29.866151 27.515327 44.690247 31.533953 66.072622 61.331771 60.393942 66.538993 75.398184 83.185542 91.411642 92.384144 106.160756 127.720202 77.835668 68.838095 62.082698 60.851830 98.935878 99.556075 61.953545 19.635670 38.912483 0.000000 17.659308 77.525328 99.219506 100.875443 92.227834 83.791986 98.959476 27.168635 71.232202 92.811506 110.928087 130.838468 111.567275 97.753897 93.559118 107.764738 89.035520 56.608939 67.315859 109.782501 81.117344 125.985063 124.605325 125.386978 101.178772 92.415805 78.744160 72.151492 118.805389 89.857968 44.366269 94.198766 62.153348 103.801318 94.659808 20.831589 75.546788
85.755597 85.627150 82.966963 73.229318 79.951812 97.836946 30.942372 46.512411 51.357302 63.033218 77.935251 123.306262 92.793054 51.473008 62.884013 78.505521 84.061660 68.203589 84.181086 92.318828 88.888863 75.471612 82.130236 89.375899 110.996908 93.315741 97.265539 104.267561 105.836139 92.386660 106.650246 113.854002 88.134724 111.227924 125.659072 117.285760 102.712055 99.325819 101.913524 119.685564 132.684104 131.315142 156.041671 144.914518 131.182031 124.507265 138.369045 147.799451 157.397631 109.732104 126.712915 135.919010 128.642376 149.226428 156.579264 154.057546 152.795391 174.153758 180.965507 161.934271 124.351375 146.928647 179.197963 131.458778 140.516460 133.281321 120.771111 107.503650 145.492832 106.077242 129.396380 116.139030 108.793958 105.732893 91.446479 113.126322 75.937317 93.908960 105.182962 91.638008 100.111500 90.304781 106.884832 88.434445 99.148547 116.397077 119.548692 143.159185 143.910909 132.594404 135.155721 117.730943 115.835105 95.933008 123.801952 121.945768 135.377184 90.817637 105.173506 90.724061 99.451847 119.384366 100.756745 113.378099 67.891894 75.659847 89.986909 74.236124 91.201460 78.307416 52.887759 67.945179 79.664431 43.220485 81.850248 73.018303 72.080474 78.225525 87.084716 78.682037 91.361569 99.467593 106.110683 127.670129 82.212969 72.541270 52.300390 69.076903 103.958059 100.725274 63.443641 31.322202 50.599015 45.984141 0.000000 79.015424 92.227780 102.365539 93.717930 95.478518 91.163621 15.011852 53.572894 75.152199 93.268780 132.328564 113.057371 80.094589 95.964837 90.105430 75.432250 71.336824 53.991113 135.701485 124.190023 146.014748 137.986873 130.631392 92.930150 82.277086 79.168046 97.406719 125.882165 78.371330 56.052801 105.885298 101.304292 119.270835 114.527791 66.815730 115.527635
83.731975 90.896537 88.995809 86.691093 85.980658 94.629559 46.394836 36.630358 57.386148 69.062064 83.964097 129.335109 108.245517 66.925471 68.912859 84.534367 90.090506 83.124794 96.831157 107.771292 95.968639 90.924075 97.582700 104.828362 126.449371 99.344587 112.718003 119.720025 121.288603 107.839124 120.359539 117.752668 102.813026 126.680388 141.111536 132.738224 118.164519 108.977839 117.365988 135.138028 148.136568 146.767606 154.497330 150.943364 131.094447 124.419681 140.542560 149.531885 157.310047 115.001491 131.982302 145.077257 134.671222 139.344374 171.500469 160.086392 144.578930 165.937297 194.159903 142.309301 116.134915 128.832270 170.981502 136.758552 145.816234 138.581095 126.070884 112.803424 135.880370 109.105881 118.142122 107.922570 114.822804 111.002279 104.121959 121.373042 81.966164 99.178347 101.396147 100.935212 109.408704 103.435586 108.932355 80.217984 90.932086 119.425716 122.577332 129.988822 133.353636 120.354482 115.010471 107.173670 105.277832 85.375735 112.102169 137.398232 128.882444 106.270101 120.625969 106.176525 114.904311 112.345949 115.672122 111.004036 83.344358 91.112311 105.439373 89.688587 68.842536 93.759880 68.340223 83.397643 85.820313 58.672949 79.981276 85.965137 87.532938 93.677989 93.451661 94.134501 101.433690 95.366075 102.775021 105.330518 74.774002 65.102304 67.752854 74.133273 41.781472 33.190981 60.517716 46.774665 66.051479 61.436605 15.452464 0.000000 24.693488 37.452313 14.702506 24.933630 40.101120 30.464316 63.055083 53.060723 71.177304 53.313141 34.041947 59.628295 61.093449 99.587619 90.884714 80.980331 69.443577 125.144212 113.632750 161.467212 153.439337 146.083856 108.382614 88.305932 94.620510 108.737260 95.389611 93.823794 57.647713 121.337762 78.945369 118.606466 129.980254 74.730700 120.797022
94.188842 94.060395 104.457918 80.813052 96.307839 110.912798 83.552505 80.324704 101.080494 107.365062 97.705453 154.824733 145.466364 99.666328 106.602812 122.224320 133.784853 116.396909 132.374406 140.512149 137.980342 134.618422 130.323556 137.569219 168.198056 125.677881 145.458860 162.103236 151.115311 141.458613 155.722198 157.572801 141.463688 159.421245 152.413396 143.147113 146.613290 137.826377 147.527534 152.978015 149.112538 174.565542 195.342902 175.597382 165.507293 162.101244 175.008439 184.438845 194.991610 118.165349 130.244392 143.339347 151.119009 167.175085 179.948735 175.455902 169.555061 190.913428 180.334497 117.615814 132.389291 141.581140 195.957633 143.610062 152.667744 145.432605 132.922395 119.654934 148.629240 122.836912 141.547665 125.330084 108.227465 114.166138 120.640022 134.216092 117.727169 102.342205 92.881586 76.241724 84.715217 93.574931 91.488549 105.194115 115.908217 133.156747 136.308363 131.795880 149.362057 131.661033 126.317022 123.182091 116.516319 112.692679 135.993196 122.477874 119.616742 102.968921 121.704727 118.199764 104.189731 87.652462 97.357621 92.689535 87.040161 87.811131 98.420154 86.468091 107.613812 89.399911 69.647430 76.378424 61.126825 55.371769 100.998515 85.169587 75.016003 90.376810 75.137160 72.872339 76.740203 70.672587 84.460521 80.637031 51.352417 46.787804 46.490692 53.130925 23.466972 8.497494 37.076498 43.473486 59.032260 72.627669 59.146810 43.694346 0.000000 12.758826 27.017867 43.246165 40.358964 72.903551 75.370443 72.010698 83.313145 46.458120 27.186926 34.934808 61.332654 88.057950 115.763469 96.674727 93.605973 152.461156 129.641171 159.317840 161.813612 162.914839 137.800296 125.995885 107.162194 84.043772 70.696124 108.055045 55.555704 118.036582 111.016445 131.422119 117.340387 70.295214 123.960880
96.374296 96.245849 106.643372 86.234094 98.493293 113.098252 70.793679 67.565878 88.321668 99.997584 113.081526 160.270629 139.181038 86.907502 93.843986 109.465494 121.026027 103.638083 119.615580 127.753323 125.713892 121.859596 117.564730 124.810393 155.439230 124.275714 132.700034 149.344410 147.631211 134.181733 145.290665 144.813975 128.704862 146.662419 161.325024 154.836054 134.823374 133.908966 137.348018 155.120058 151.297992 166.749636 185.432850 181.878885 162.029967 155.355201 164.054616 173.485023 185.263228 120.350803 137.331614 150.255748 154.021895 170.279895 182.134189 184.393343 171.740515 193.098882 195.710570 132.991886 143.296500 156.957212 198.143087 145.795516 154.853198 147.618059 135.107849 121.840388 164.005312 125.022366 143.733119 135.084155 123.603538 116.351592 122.825476 136.401546 112.901684 104.527659 108.257658 91.617797 100.091289 100.923480 106.864622 107.379569 118.093671 135.342201 138.493817 133.981334 151.547511 133.846487 128.502476 125.367545 118.701773 114.878133 138.178650 124.663328 134.992814 105.154375 123.890181 120.385218 106.375185 89.837916 99.543075 94.874989 89.225615 89.996585 100.605608 101.844164 99.778057 91.585365 71.832884 78.563878 63.312279 57.557223 103.183969 87.355041 78.776260 92.562264 77.322614 87.135061 78.925657 72.858041 86.645975 82.822485 53.537871 48.973258 60.753414 56.891181 25.652426 10.682948 39.261952 45.658940 61.217714 64.261068 46.387984 30.935520 15.376072 0.000000 14.259041 30.487339 45.654830 60.144725 62.611617 74.196152 70.554319 48.643574 29.372380 35.605464 48.573828 92.833333 116.906976 98.350372 80.847147 154.646610 131.826625 161.503294 163.999066 162.742712 125.041470 113.237059 118.589304 99.419844 72.881578 110.240499 57.741158 120.222036 109.880889 133.607573 119.525841 85.092657 126.146334
99.071921 98.943474 107.265848 71.988586 98.429721 105.465215 64.664875 54.900397 75.656187 87.332103 102.234137 147.605148 126.515557 72.648461 87.182898 100.187375 108.360546 89.379043 105.356539 113.494282 111.454851 109.194115 103.305690 110.551352 141.180189 114.997595 118.440993 135.085370 133.372170 119.922692 133.414147 136.022708 114.445821 132.403378 149.843296 140.577013 120.564334 120.501273 123.088977 140.861017 153.859557 152.490595 172.767369 169.213403 149.364486 142.689720 149.795575 159.225982 171.004187 123.048428 140.029239 149.235334 152.941261 157.614414 177.754717 174.550493 162.848969 184.207336 202.140961 160.579341 134.404954 147.102309 189.251542 144.775102 153.832784 146.597645 134.087435 120.819974 154.150409 124.001952 136.412161 126.192609 117.058257 119.049217 121.805061 138.394222 100.236203 107.225284 118.499286 119.205251 114.027240 103.621105 126.035494 98.488023 109.202125 134.321787 137.473402 148.258861 148.659388 137.938026 133.280510 122.479422 123.547871 103.645774 130.372209 135.147872 147.152483 104.133961 118.375610 119.364804 133.174350 125.224060 111.485706 119.783704 88.205200 88.976171 103.303233 107.958627 87.112575 94.282990 70.812470 81.261503 76.340341 56.536809 98.251315 86.334627 82.809435 91.541849 100.401040 99.740847 93.915571 101.475102 108.664685 118.208629 83.553670 73.881972 73.359200 68.208846 50.561140 46.069092 69.297384 44.638526 63.915339 77.510747 33.722503 18.270039 42.963527 55.722353 0.000000 16.228299 31.395789 45.885684 48.352576 69.931881 88.048462 62.637181 52.311987 77.898334 79.363488 84.885112 109.154753 84.091331 66.588106 143.414251 128.938502 164.200918 159.162327 148.483671 110.782429 103.958940 106.226552 106.444941 108.267722 112.093833 51.723286 119.201622 97.215408 132.587159 127.844115 93.000740 128.843959
129.806977 123.691058 119.887743 119.666775 116.872592 133.938233 67.863152 75.939031 88.278082 99.953998 112.814850 151.794731 148.838925 102.305184 99.804793 107.399669 120.982441 103.227358 122.043390 127.735860 107.997830 94.580579 104.286832 111.532495 130.105875 122.209889 119.422135 123.376528 117.143872 103.694393 117.957979 126.608727 98.217522 129.965461 155.418451 152.472017 104.336035 123.471203 138.218357 149.126365 148.650459 150.692949 172.198467 167.848403 139.992716 133.317950 149.440829 158.430153 166.208315 132.612739 134.123172 147.218128 154.997790 160.444866 186.864944 158.322194 198.409398 207.165715 191.763107 158.915126 134.455761 157.033032 203.931963 177.688874 183.657155 179.511417 163.911805 153.733746 159.698351 162.123113 174.237188 129.799848 100.829958 111.085204 125.230014 132.235289 112.858098 126.645354 113.679208 123.937944 121.829188 130.688902 121.215416 134.048452 144.762554 154.393996 159.036904 174.618283 161.611862 150.890499 157.198899 135.431896 156.514991 137.927623 142.765888 129.250567 142.681983 133.065400 112.478305 141.291834 134.672732 141.180248 128.318333 107.579088 117.136640 117.907610 134.038290 130.281995 131.764921 113.551020 108.933631 111.661113 128.836032 85.468249 121.670260 101.672530 99.642062 115.715237 116.694236 114.003229 126.682761 126.495927 135.400968 146.808608 107.399950 97.728251 87.621582 77.756983 135.155016 120.185539 102.616895 87.368073 94.650395 102.030013 56.045872 118.188677 127.430480 112.054408 126.313449 0.000000 15.167490 54.185106 63.247263 84.826568 102.943149 143.922119 124.650926 106.412644 111.706950 83.411980 115.013005 98.986018 81.482793 177.696100 141.890976 158.126964 143.859586 132.255372 94.554131 106.380447 119.229580 109.466374 151.184872 134.417202 98.300565 144.340836 141.867754 165.500931 140.953939 122.861602 125.127752
118.256375 108.523568 104.720253 114.784960 101.705102 119.590236 52.695662 68.265701 73.110592 84.786508 97.647360 145.059553 138.344736 87.137694 84.637303 99.914571 105.814951 88.059867 106.875900 112.568370 111.693083 115.222752 117.794922 125.040585 150.748048 114.724791 132.930225 144.018701 144.454522 131.005043 136.083983 135.607292 120.500781 146.892610 144.372182 155.066246 133.916246 124.702283 137.578210 152.821618 162.126273 166.315663 191.706357 155.067056 152.145124 145.470358 149.522772 158.953179 170.731384 120.926285 122.436718 135.531674 143.311336 159.367412 176.435542 164.210084 183.241907 204.600275 191.247551 160.703292 154.797892 172.190573 209.644480 175.421530 184.479212 177.244073 164.733862 151.466401 168.512438 148.820021 159.069697 145.169025 130.547248 99.398750 113.543560 137.075047 97.690608 115.331729 131.592095 140.851125 135.796560 127.368684 133.933139 118.880962 129.595064 159.139857 155.037836 169.986309 170.738033 160.016671 161.982845 144.558067 142.662229 122.760132 162.557378 153.719438 167.150855 117.897910 136.947176 130.840333 151.428465 148.631786 128.519942 132.433780 101.969150 102.740120 133.215475 131.220203 140.031707 121.817806 108.610705 96.493622 113.668542 70.300758 112.750254 92.752523 99.843671 105.305799 114.164989 116.842147 129.521678 131.833873 124.204766 145.764211 96.203747 86.532049 96.083171 99.618635 119.987526 105.018048 87.449404 92.550972 105.298585 107.212912 61.228771 103.021187 112.262990 96.886917 111.145958 120.008289 0.000000 39.017615 48.079773 69.659077 87.775658 128.754629 109.483435 91.245153 111.205749 82.910779 110.832059 83.818528 66.315302 162.528609 151.017147 171.814204 157.546825 157.081082 124.134341 103.686136 104.062090 108.965173 139.988669 139.600100 83.133074 132.965571 128.924088 157.269443 129.267485 127.927113 113.441298
90.598585 87.935148 84.131834 87.127170 81.116683 92.512619 32.107243 34.513417 52.522172 64.198089 71.210096 114.230246 115.333693 69.489450 64.048884 79.670392 85.226531 80.679323 91.967181 108.192114 91.104664 98.012251 100.146679 107.392341 131.542384 94.480612 115.281982 126.808201 123.866102 110.416624 115.495563 115.018873 100.696086 127.187305 110.647220 129.765158 113.327826 104.113864 119.707689 132.233199 128.401311 139.283385 166.250730 146.079389 128.977506 122.302740 138.425620 147.414944 155.193106 112.040102 129.020913 142.115869 129.807247 137.227434 159.901753 155.222417 175.336030 192.401567 184.287997 164.242269 143.584631 151.602154 197.445772 153.999418 163.057100 155.821961 143.311750 130.044290 158.650254 128.617881 138.610090 138.679670 109.958829 108.040891 98.164274 116.509066 77.102188 96.216958 108.537349 114.178647 108.138769 99.710893 112.606751 110.975084 121.689186 134.178885 142.089332 140.949926 149.583888 133.360592 137.845945 123.403922 117.947259 101.605988 136.559746 123.044425 136.475841 113.318375 106.272163 91.822718 116.385118 133.920486 101.568290 116.787913 82.741848 98.160585 105.668864 96.776763 105.086421 92.280648 75.428399 68.835832 86.010751 65.761125 85.798601 65.800871 72.892019 88.965194 93.622190 77.824531 90.504063 98.610088 105.253177 126.812623 86.978135 77.306436 57.065556 81.349351 105.122930 97.194553 48.431789 53.862841 66.280970 68.524781 22.540640 64.003572 88.697059 87.353687 78.706078 80.990673 91.086086 0.000000 59.302231 72.388753 90.505334 117.316712 98.045519 81.259460 80.952985 85.008963 97.635124 62.776017 55.155983 141.374465 125.769206 138.089242 123.821863 141.247164 103.545922 83.441957 83.473671 98.571590 125.024659 100.911970 78.593441 108.469177 89.906473 125.825832 130.209745 89.356370 117.835633
106.607139 96.531396 92.728082 103.795429 89.712931 75.068156 40.703491 42.480645 61.118420 72.794337 87.696370 120.265599 126.352565 39.057921 49.511319 51.834798 71.073481 55.788502 71.765999 79.903742 77.044370 78.321369 69.715149 76.960812 103.706790 66.645018 84.850452 101.494829 105.802389 92.352911 99.823607 100.481308 86.980275 98.812837 116.252756 106.986472 98.827110 86.910732 89.498437 107.270477 120.269017 118.900055 143.626584 146.622632 118.766945 112.092179 101.442999 110.873406 122.651611 109.289499 115.331120 128.426075 125.423442 139.674977 144.164177 148.861402 175.398774 181.023905 168.550420 146.638146 146.954759 160.198402 174.911803 162.816088 171.873771 164.638632 152.128421 138.860960 167.246502 128.680625 155.278350 131.529423 118.555077 105.290288 82.590020 104.803681 85.698436 93.466355 112.363506 125.838275 114.370831 103.964696 114.237156 111.037828 121.751930 139.000460 142.152076 157.618186 166.252148 150.028852 154.514205 140.072182 134.615519 118.274247 153.228006 139.712685 153.144101 128.636145 122.940423 108.490978 133.053378 133.585414 118.236550 111.256751 97.690486 113.478355 114.583229 108.316412 113.804843 100.910800 75.491143 85.504091 102.679011 81.038993 102.466861 82.469131 89.560278 105.633454 110.290450 87.354465 100.033997 108.140021 114.783111 129.077812 97.966144 93.974696 73.733816 98.017610 71.907753 56.938275 65.100049 70.531101 82.949229 85.193041 39.208900 79.742665 64.183217 48.807144 63.066185 75.187270 49.148794 16.668260 0.000000 21.579304 39.695885 80.674856 61.403662 43.165380 64.171744 36.532536 62.752286 35.738755 18.235529 158.042724 142.437465 133.599661 125.571786 120.066660 89.045205 55.606363 57.873976 61.651136 119.136905 115.576957 91.264737 116.550379 106.574732 142.494092 133.490530 96.335885 115.085030
116.507427 107.968797 104.165482 110.910117 101.150331 108.731992 74.367327 76.144482 72.555821 84.231737 99.133770 121.527786 137.789965 71.886644 66.446077 82.067585 97.609720 83.076516 98.108738 110.589307 77.036195 89.787050 80.027753 87.273415 120.179611 96.877805 95.163056 114.609875 115.970482 102.521004 116.784589 94.740807 93.140844 106.909240 128.595267 128.567114 99.259357 100.980512 116.574337 118.164730 131.163270 131.146141 151.722986 166.113037 143.238777 139.168079 135.106835 144.398807 156.177012 131.186555 142.619134 155.714089 149.840895 173.200379 171.452191 156.140820 190.337104 205.480035 186.686429 166.935693 163.618279 171.635802 201.750588 170.471539 179.529222 172.294083 159.783872 146.516411 178.683902 149.698389 167.744162 148.464181 129.992477 126.968240 116.253857 122.102131 97.135837 116.250607 128.260211 125.561604 134.035096 125.599503 135.796419 129.820025 136.690260 147.537041 160.367087 154.308082 162.942044 148.126885 153.178499 136.762078 131.305415 114.964143 151.695979 149.339352 145.311736 129.830398 148.566204 139.764675 131.051208 114.513939 103.384847 118.604470 113.901638 114.672608 125.281632 125.701729 118.444577 116.261388 96.508907 94.744674 87.988302 82.233246 127.859992 110.611374 99.921129 108.840103 101.998637 104.611945 103.601680 97.534064 111.321998 107.498508 78.213894 73.649281 78.230298 86.256384 50.328449 35.358971 63.937975 70.334963 85.893737 97.449747 51.465606 62.257849 49.319880 35.866194 45.364889 53.607966 27.569490 50.332096 33.663836 0.000000 18.116581 73.319597 54.048404 21.586076 54.933087 52.416062 75.705183 69.402591 51.899366 154.732620 139.127361 145.845747 137.965077 127.178695 89.477453 85.839150 85.800121 74.949079 97.557601 127.411944 82.417181 144.898059 103.264628 157.645842 144.201864 118.281336 136.982085
98.390846 89.852216 86.048901 94.919431 83.033750 100.918884 63.488816 70.828255 54.439240 66.115156 81.017189 126.388201 119.673384 71.406518 65.965951 81.587459 87.143599 81.810878 79.992158 96.781567 86.743582 99.494437 89.735140 96.980802 129.886998 96.397679 104.870443 124.317262 125.677869 112.228391 117.412631 104.448194 102.848231 116.616627 138.302654 137.342109 108.966744 104.260248 119.854073 127.872117 121.238401 140.853528 161.430373 147.996456 140.901873 134.227107 139.262724 148.693131 160.471336 113.957170 130.937981 144.032936 131.724314 155.161355 169.592725 154.333752 188.652807 206.452454 191.212996 165.706581 145.501698 153.519221 199.943521 176.070122 185.127804 175.437553 165.382454 152.114993 160.567321 141.934658 169.465764 140.845786 111.875896 109.957958 101.175051 118.426134 79.019256 98.134026 110.143630 126.774536 115.931031 107.503155 117.679838 124.291861 135.005963 152.254493 155.406109 162.309567 146.935698 150.982218 145.638207 144.763564 139.306901 122.965629 159.697465 156.324323 127.195155 129.108261 145.903215 142.050684 140.758595 124.221326 110.480819 125.700442 113.179501 113.950471 125.076194 111.354674 120.166178 101.952277 88.745176 76.628093 93.803013 81.511110 123.960605 103.962874 81.804548 97.877723 106.736913 113.313174 113.309067 107.241451 121.029385 117.205895 87.921281 83.356668 86.931528 95.963771 60.035836 45.066358 72.712967 80.042350 95.601124 91.235901 56.982734 70.959078 53.653822 45.573581 54.066118 62.309195 11.210351 50.227966 39.713603 9.707387 0.000000 83.026984 63.755791 30.287306 59.124861 55.517777 81.820721 58.301806 37.303964 162.734106 147.128847 144.923291 133.939475 136.886082 99.184840 85.359024 79.950920 56.832498 107.264988 135.354063 92.124568 144.175922 111.266114 162.680343 138.158201 108.061584 119.752701
135.971505 127.432875 123.629560 132.500090 120.614409 138.499543 96.229078 98.635252 92.019899 103.695815 118.597848 151.422277 157.254043 101.781134 96.340568 111.962076 124.724258 112.971007 117.572816 134.362226 106.930685 119.681541 109.922243 117.167906 150.074102 126.772296 125.057547 144.504365 145.864973 132.415494 146.679080 124.635298 123.035335 136.803730 149.556339 144.010138 129.153848 130.875003 126.522103 118.197126 131.195666 158.255774 181.617477 178.714827 150.859139 144.184373 157.091567 166.521974 156.682023 151.537829 168.518640 169.785258 169.304973 190.677664 195.435495 164.291018 197.224111 218.032138 216.580920 185.119239 183.082357 191.099880 209.900787 200.366030 209.423712 202.188573 189.678363 176.410902 198.147980 179.515317 197.638653 178.358672 149.456555 147.538617 138.755710 151.996622 116.599915 135.714685 147.724289 155.456095 153.511689 145.083813 155.260497 156.022668 166.584751 177.431532 190.261578 184.202573 184.516357 178.021376 183.072990 166.656569 161.199906 144.858634 171.706084 158.190762 164.775814 122.369234 141.418500 137.600077 156.040491 144.408430 129.606487 144.826110 134.371003 107.211444 155.147623 148.935333 148.339068 139.532936 126.325835 114.208752 110.575054 112.127737 148.329357 129.922706 119.385207 135.061743 131.893128 130.833585 133.496171 127.428555 141.216489 137.392999 108.108385 103.543772 104.451938 116.150875 80.222940 65.253462 93.832466 100.229454 115.759728 127.344238 81.360097 88.479489 79.214370 65.760684 71.586529 68.591734 48.791010 64.121835 63.558327 29.894491 37.580659 0.000000 83.942894 47.807716 84.827578 82.310553 105.599674 95.882465 74.884623 184.627111 169.021852 152.264853 137.997474 157.073185 119.371944 115.733641 115.694612 94.413156 127.452091 157.306435 112.311672 137.436895 133.159119 187.540333 166.788616 145.642243 157.333359
150.553693 140.477950 136.674635 151.771283 130.007172 147.892305 100.171689 95.512735 111.291092 116.740890 130.531305 155.285007 170.299118 88.151643 104.324060 119.945568 106.751339 104.882224 108.222700 125.012110 110.793416 123.544271 118.808871 126.054534 157.850151 134.755788 133.944174 150.588551 149.727703 136.278225 137.603464 139.564578 120.729321 147.906559 142.787249 156.080195 132.576155 132.527881 138.592159 137.468320 150.466860 167.993777 192.720306 184.727574 167.860667 161.185901 175.007031 184.437438 175.953217 157.697985 164.424842 177.519797 185.299459 165.925968 192.041782 183.562211 208.473527 221.100102 214.274905 199.590305 187.246837 158.030687 216.723389 195.395254 202.038286 198.021611 182.292936 179.269889 165.078787 185.878369 195.859844 176.644152 154.130053 150.338889 151.800785 153.649500 129.644990 148.759760 135.266409 156.191584 149.062412 157.922126 142.802617 174.643796 181.514031 192.360812 199.349820 190.097714 203.787550 191.481742 198.002270 181.585849 176.129186 159.787915 190.977277 177.461956 184.047007 141.640427 160.689694 156.871271 175.311684 159.337710 148.208618 163.428241 150.030368 126.482637 170.105403 164.606813 163.268348 153.225085 141.332678 133.479946 129.846247 127.057018 123.325410 133.089390 138.656400 135.767268 144.626459 145.888978 148.425451 142.357835 156.145769 152.322279 123.037665 118.473052 123.054069 127.505726 95.152220 80.182742 108.761746 115.158734 130.717508 113.819853 90.605087 101.550065 81.974492 70.614545 84.873586 87.862928 68.062203 68.064447 78.487607 44.823771 56.851852 19.271193 0.000000 66.409847 92.492598 97.239833 117.565027 69.487800 73.048271 199.556392 182.482218 170.229270 155.961892 160.495493 122.794251 109.617146 91.623021 113.684350 142.381372 168.976416 127.240952 156.708088 148.088400 183.075587 166.712067 134.651442 163.493515
122.673080 122.544633 129.667582 95.767399 122.208533 129.244028 87.066608 77.302131 98.057920 109.733837 124.010631 148.764333 148.917290 81.630969 99.733081 115.354589 100.230665 98.361550 101.702026 118.491436 104.272742 117.023597 112.288197 119.533860 151.329478 130.164809 123.337024 142.783843 143.207029 129.757551 131.082790 142.599852 114.208647 141.385885 158.825804 149.559521 126.055481 128.217059 132.071485 145.401277 158.399817 161.473103 186.199632 189.195680 161.339993 154.665227 168.389089 177.819495 187.555592 134.325676 151.306487 164.401443 167.996768 180.016147 186.737225 190.344084 185.250702 206.609070 207.754231 159.484830 156.806687 169.504042 210.202715 168.553915 177.611597 170.376458 157.866247 144.598787 176.552142 147.780765 158.813894 148.594342 132.851848 130.326465 144.471275 147.376730 122.637936 118.502532 134.750602 118.110741 126.584233 127.222264 133.357565 120.889757 131.603859 158.100600 161.252215 160.280118 172.438201 156.585019 154.801260 146.258235 144.730680 124.828583 152.773942 142.360019 155.791435 127.912773 142.154422 130.731140 124.112038 116.136699 81.798771 97.018394 105.966275 112.754983 126.904392 128.337107 109.514309 117.884149 94.591282 104.862662 89.611063 80.315622 109.023029 89.025298 96.116446 87.254027 93.200856 83.025869 95.705400 99.156825 110.454515 109.121269 79.836655 75.272041 56.644222 83.384125 51.951209 36.981732 65.560736 68.417338 87.516498 90.754012 56.124236 40.671773 41.869016 26.492944 23.778813 32.021889 47.189380 69.664496 72.131389 68.962535 79.932032 74.942357 55.671164 0.000000 38.654436 70.872916 102.473941 62.967126 73.674046 164.597060 152.717315 176.172710 165.201624 153.974819 116.273577 103.096472 85.102348 96.927310 99.180361 121.010407 75.502098 131.693604 119.617141 156.365971 145.824625 111.585601 130.672027
119.454499 109.378756 105.575441 129.669651 102.560290 120.445424 84.867913 100.437952 73.965780 85.641696 100.543729 145.914741 139.199924 90.933058 85.492491 101.113999 106.670139 102.122931 113.410789 127.919249 112.548271 121.175707 121.590286 122.638081 152.985991 109.902564 130.527722 149.971656 143.836312 138.033080 136.939171 136.462480 124.204239 148.630913 166.116148 158.639332 134.771434 125.557471 141.151296 153.676807 162.515997 146.819281 173.786626 167.522996 170.419804 163.745038 171.981817 181.412224 193.190429 133.483710 150.464521 163.559476 151.250854 174.687895 189.119265 176.666024 204.800355 225.978994 210.739536 185.685877 165.028239 173.045761 222.275793 196.979977 206.037659 194.964093 186.292309 173.024849 180.093861 169.327306 178.363547 160.372326 131.402436 129.484498 120.701591 137.952674 98.545796 117.660566 135.550652 146.534698 142.861012 132.454876 138.431367 140.439409 151.153511 159.676086 164.318994 179.900373 166.893952 156.172589 162.480989 140.713986 165.499257 145.597160 167.690672 154.175351 167.606767 160.071276 164.451874 164.633392 133.515174 135.890949 115.701023 130.920646 139.868527 144.913486 155.522509 152.632270 129.063961 143.229873 126.749785 117.905689 113.756817 112.474124 142.925281 122.927550 110.462165 121.156279 107.106550 116.928121 105.705970 99.638354 120.455085 109.962473 108.454772 103.890159 90.546474 103.808308 80.569327 65.599849 94.178853 100.575841 116.134615 119.177969 84.943072 74.574025 70.292973 54.916901 57.681065 51.973569 46.482837 85.500452 80.991199 50.984983 41.277596 103.560475 84.289281 33.902252 0.000000 44.259504 75.860529 89.658202 71.112900 185.365637 147.173066 161.518888 173.477154 162.690771 124.989529 104.885564 70.015475 70.313898 118.934611 154.912660 109.404350 165.595856 139.166794 178.827891 157.684741 130.777020 139.279241
126.464591 116.388847 112.585533 137.674055 113.442804 122.933645 93.217091 64.934444 84.848294 92.651788 102.857547 129.230235 143.158810 64.062540 62.685942 78.307450 82.662236 62.521007 81.337040 98.126449 86.704313 89.683891 94.378106 78.378577 111.284773 65.643060 86.268218 105.715037 99.576808 107.954883 99.071482 113.655931 94.961921 123.817457 136.434044 128.957228 108.487053 95.875367 111.469193 127.832848 140.831389 143.904675 163.841269 168.593388 140.737700 134.062934 133.368913 142.799319 154.577524 131.697279 122.063624 135.158580 142.938242 158.994318 150.896681 155.082154 206.171639 187.756410 175.282925 159.812769 155.047867 176.365986 192.634287 176.252379 188.487418 179.611458 178.816003 175.887736 179.273085 165.707401 182.567224 144.704046 121.422065 131.677310 122.819690 111.536186 100.663895 124.670657 134.271314 144.530050 146.633571 136.227435 141.807523 143.499724 154.213826 174.681793 179.178852 176.378000 181.899658 171.178296 177.486695 155.719692 149.053920 147.546847 169.444484 157.644457 171.075873 121.822928 140.872195 137.053772 155.494185 146.760036 129.529234 144.748857 130.567057 106.665138 140.521655 138.864487 133.267638 115.053738 116.165729 132.994459 133.834254 102.644471 141.721127 129.959498 131.593702 137.649511 135.401520 139.868066 111.365827 105.298211 126.114941 138.257443 124.059846 119.495233 116.183927 109.708624 96.174401 81.204923 109.783927 104.368551 123.645364 119.646947 73.662806 67.383540 92.077028 83.211870 82.086047 80.268539 74.777806 64.158627 52.513600 73.834942 69.572566 116.399339 99.894356 59.539705 28.294970 0.000000 31.601025 45.398698 31.410152 187.315324 162.178772 150.340322 147.542542 131.542222 98.705149 81.296158 41.695963 26.054394 143.403553 152.034136 115.476787 136.890590 143.370471 181.888206 155.898310 137.787112 137.492810
114.828981 104.753237 100.949923 117.932997 103.635557 112.284459 94.030453 54.285257 75.041047 81.016178 72.586508 101.433784 117.917494 44.668290 39.227723 54.849231 69.963510 55.858163 70.367579 83.370954 56.942193 60.348127 66.713335 46.777552 79.683748 45.813894 54.667193 74.114012 67.975783 79.343207 87.924511 90.197712 73.011239 102.366145 117.739396 108.473112 79.165356 79.292703 94.886529 98.070728 111.069268 120.906083 132.240244 152.010724 123.144776 117.480270 125.717049 135.147456 146.925661 108.239061 115.400780 128.495736 136.275398 149.867775 144.233837 123.481129 174.570614 181.093566 166.556823 147.056714 137.477413 160.054685 169.090898 169.589535 175.103135 171.086460 155.357785 164.252126 159.391470 154.071791 155.191747 121.245828 118.239141 119.904700 91.218665 98.002837 69.062870 113.035047 129.340055 116.383195 124.856687 127.829358 131.630020 145.022885 155.736987 164.391627 167.543242 175.594778 175.219899 164.498536 170.806936 149.039933 153.501008 150.180636 164.731581 151.216259 164.647676 152.228376 168.195373 153.745928 166.730541 151.207125 124.417274 139.636897 136.299616 137.070586 151.397649 144.488883 133.647437 133.510202 112.933670 129.119197 130.129034 104.631225 147.721811 127.724081 133.491213 139.636265 148.495455 139.747741 148.487156 142.419540 163.236271 152.743660 148.901344 139.229646 118.988766 128.165088 122.552086 107.582608 110.354999 92.732941 112.009754 124.094036 78.109894 106.291923 99.085115 97.698087 97.978484 94.754755 89.264023 61.923210 56.960689 73.474464 84.058782 135.915252 118.364351 74.199671 42.781186 38.908383 0.000000 33.763088 35.857240 189.949113 155.499013 118.739297 117.871076 107.084693 69.383451 54.496393 10.094938 44.510858 154.152449 156.481224 117.463540 167.296037 143.750270 166.005264 129.762400 114.533513 114.034592
81.065893 70.990149 67.186835 92.275357 72.683488 81.285202 70.514658 26.024934 46.780724 47.253090 61.043505 85.797206 100.811318 18.663842 36.765955 52.387463 37.263538 35.394424 38.734900 55.524309 41.305615 54.056471 49.321071 56.566733 88.362351 67.197683 64.456374 81.100751 80.239903 66.790424 68.115664 79.632725 51.241520 78.418759 95.858678 86.592394 63.088355 65.249933 69.104359 82.434150 95.432690 98.505977 123.232506 126.228554 98.372866 91.698100 107.820980 116.810304 124.588466 88.210184 94.937041 108.031997 115.811659 128.738951 123.770098 128.467324 161.461135 160.629827 144.787105 135.765184 126.639632 130.967288 147.235589 149.125796 161.360835 152.484875 143.756499 130.489038 138.015388 120.308703 150.991562 118.784059 93.013830 91.095892 82.312985 84.409603 60.157189 79.271959 97.162046 109.449582 104.472406 94.066270 100.042760 116.762562 127.476665 130.628538 133.780154 147.005158 161.196426 150.475063 151.555050 135.016460 128.350687 121.920314 130.968493 117.453171 130.884588 118.465288 137.514554 132.501983 132.967453 126.056804 90.654186 105.873809 102.536528 103.307498 117.634560 121.105999 105.387115 108.614317 85.143797 95.356109 96.365946 70.868136 116.494882 100.665954 99.728125 105.873177 114.732367 119.164833 117.948000 127.802010 132.697115 130.330268 117.843976 108.172278 100.520951 100.186013 103.192523 88.223045 91.887183 58.969853 78.246666 91.842075 52.959574 106.783020 95.993585 80.617512 89.890061 98.133137 69.095129 43.455395 31.810368 52.864074 70.980655 102.152164 93.214030 66.111248 85.028149 68.342904 53.580095 0.000000 10.706920 161.688791 141.475540 113.205583 102.234498 91.007692 53.306450 40.129346 22.135221 54.122526 120.389361 129.865822 83.700452 133.532949 115.489947 142.256223 112.411215 92.388413 94.005715
98.926861 88.851117 85.047803 109.981064 82.032652 91.523493 61.806939 33.524292 53.438142 65.114058 80.016091 104.695637 118.672286 36.716356 31.275789 46.897298 62.439432 44.506914 63.322947 75.419020 66.816992 66.959005 67.373585 74.619247 98.769290 61.707517 82.508888 95.754954 99.403563 85.954085 82.722469 82.245779 76.752897 94.414211 111.899446 104.422630 88.599731 71.340770 86.934595 104.706635 117.705175 112.954149 139.227958 144.058790 116.203102 109.528336 101.958760 111.389167 123.167372 100.287127 104.049532 117.144487 124.924149 136.238308 132.882589 143.645791 178.363667 169.742317 157.268832 128.402617 137.399793 152.518123 172.570239 158.238287 167.151201 161.597365 147.405851 149.756304 151.439536 145.820080 157.840311 113.293894 110.287207 108.717334 100.173953 92.462388 78.018157 97.132927 115.023014 126.690862 115.223419 104.817283 117.903728 124.261920 134.976022 143.271641 147.914549 144.967848 150.489506 139.768144 146.076543 124.309540 117.643768 129.419671 138.034332 142.964548 152.558087 122.986870 137.289849 122.840405 133.818282 115.349884 116.165562 131.385185 110.144548 117.912501 132.239564 116.488778 112.886472 120.560070 95.140414 101.584307 118.759226 85.473140 118.547076 98.549346 105.640493 113.878672 122.737863 108.457913 121.137445 129.243470 135.886560 141.360236 119.069592 110.054911 89.814031 111.329557 92.753239 77.783761 81.180264 73.574856 92.851669 88.236795 42.252654 96.076101 85.286665 69.910593 79.183141 87.426218 69.994280 32.748475 21.103448 42.424790 60.541371 101.778304 82.507111 55.404328 85.275193 57.635984 44.516757 25.511376 0.000000 169.188148 130.768620 127.080212 123.007944 113.528129 78.817827 50.668862 47.646598 43.415606 139.982391 120.623984 98.305456 137.653828 122.654947 158.053330 124.488158 107.692336 106.082658
111.571826 101.191670 111.589193 128.419163 129.494017 142.968673 152.089540 139.223463 159.979253 158.645255 125.431015 130.812643 114.462772 124.895073 171.505964 145.110635 148.891913 120.308479 124.949921 140.886609 117.993682 130.744537 130.197332 137.442995 151.004731 159.920855 145.332635 159.540487 149.690613 143.478491 146.896384 121.191433 127.117729 116.345604 100.905716 119.818378 121.265649 98.572891 113.091522 113.559189 118.659806 123.983102 150.142526 109.057708 124.386946 120.751676 121.811749 117.414355 129.192560 78.584055 59.794985 72.889941 78.982262 96.725679 124.626822 118.200736 92.183208 111.540903 139.480916 100.623129 75.197971 96.615404 116.585108 64.073264 73.130946 65.895807 53.385596 40.118135 70.696037 37.003510 33.380290 53.435808 98.066423 95.814339 109.959149 119.694509 142.475786 101.003163 103.048813 113.372487 120.184355 128.463549 99.983521 47.617180 38.536364 29.491645 25.167289 17.234898 33.547944 28.643638 35.967264 36.050071 35.652298 36.978612 56.042862 83.402327 70.566617 64.078065 78.528202 79.308908 91.733413 80.900118 97.092952 112.312575 93.532838 71.130398 65.091112 54.367236 53.031607 105.336444 123.019172 123.835994 141.010913 113.590085 105.662526 143.387902 140.361710 111.266093 120.125283 137.206680 118.758486 112.943461 130.661336 106.910470 138.910955 142.398105 130.639589 122.426836 175.311832 168.487307 125.733244 132.684343 146.195588 146.797907 144.955613 141.305027 164.250357 164.655142 156.007533 155.510971 168.387541 159.967465 168.582448 183.749719 184.044584 189.338611 170.067418 169.682877 202.398476 178.221168 179.876250 187.595574 175.138281 0.000000 19.644114 128.347737 114.080359 105.601858 130.434940 148.882200 189.971188 182.795683 100.285622 95.611685 122.332182 79.145726 50.669565 51.885320 87.300857 155.269484 84.379585
135.090372 127.058769 137.456291 151.681734 166.565205 166.487219 175.608086 169.583859 186.890233 185.587995 148.949561 158.409712 151.533961 145.815886 198.416944 174.019983 180.838441 160.681885 149.699021 161.336198 141.512228 153.384564 162.143859 160.600193 162.345904 149.530380 166.201938 156.817067 137.134073 154.631887 157.082801 138.272789 148.038542 137.266416 128.335683 143.336924 152.474712 135.644079 145.402711 137.077735 136.897707 156.971848 173.661071 132.576253 150.028467 149.886413 145.330294 140.932901 152.711106 115.655243 96.866174 109.961129 102.500808 122.367200 154.172522 134.694435 114.505236 135.863603 164.806769 127.272058 94.875284 95.538670 140.907808 92.059786 95.295150 93.882329 78.711449 68.104658 94.214582 57.924323 54.301103 76.954353 101.770456 112.025702 126.170512 150.070049 167.303985 127.585852 114.619706 124.878442 133.351934 142.211648 122.155914 58.958353 62.054909 53.010190 48.685835 38.155711 30.376699 8.999524 16.323149 41.395995 65.784937 57.899424 47.246559 63.758213 58.931515 70.342313 58.884088 83.649239 97.079337 97.597845 104.687386 119.907009 75.597095 76.397725 70.437037 77.885782 77.054479 101.430111 119.796608 160.907182 141.690869 106.881259 89.555449 136.679076 123.160445 116.612018 120.067951 147.372525 121.261021 121.938262 114.333281 90.582415 132.722902 142.212810 130.759183 127.534909 155.667718 152.159252 122.820815 135.625499 146.875544 144.739671 153.845062 138.392598 163.086086 161.742714 140.881345 153.043545 165.475112 168.856914 189.233921 169.712379 187.828960 190.119878 170.848684 160.886574 199.486047 204.350164 183.713651 199.613320 198.656827 40.373407 0.000000 155.777705 141.510326 126.522670 153.953486 177.791547 193.808589 206.314229 80.641507 86.456702 113.617828 79.265320 71.590378 79.871843 124.117187 163.665484 116.525248
105.931421 100.295368 110.692891 122.778758 111.320987 129.206121 144.089061 121.050434 141.806223 140.472226 94.686224 86.762436 95.823035 108.742709 153.332935 121.674327 95.817525 77.296269 96.112302 94.023234 77.756331 89.657481 89.139947 96.385609 125.182777 118.161044 101.104264 93.645831 73.962836 68.784515 69.400831 56.603942 62.530239 51.758113 42.352671 38.714873 56.493286 69.629512 44.366001 53.400464 38.477779 15.247702 42.215047 85.996940 58.141252 51.466486 59.421163 52.707048 64.485253 70.567489 87.548300 77.588489 76.872504 81.508620 91.607205 71.573131 99.270772 96.298311 115.993448 84.252326 96.780612 119.357883 101.342517 123.484237 112.091426 141.240145 128.326349 123.360872 115.499525 118.892912 138.561277 101.603399 89.455049 71.863139 86.007949 72.831134 91.539063 85.459686 94.437439 109.583167 118.056660 123.050051 101.973647 144.983034 141.752370 121.533837 132.364363 140.776693 172.488753 167.662324 175.276011 153.880466 155.042851 148.967291 162.366504 193.854716 179.146779 161.714217 177.082454 175.625534 166.302620 164.582129 186.135592 201.355215 161.729844 146.556427 143.549622 120.226158 133.607587 141.143612 127.936511 115.819429 132.994348 157.996229 154.015423 154.028028 161.119176 158.819357 162.076628 176.957776 185.183632 193.109378 199.932747 190.592480 174.016831 164.345133 163.532564 153.667964 181.663759 188.447524 171.356387 157.405216 138.179023 137.769547 152.396060 186.928169 186.590113 189.592549 196.644034 189.317003 180.445510 152.358850 140.785404 162.364709 169.235159 215.978678 202.189067 180.614951 178.313569 162.677691 135.532383 154.402979 158.004600 173.124051 160.339546 0.000000 37.130561 41.014367 71.867465 122.413435 138.110534 151.289824 194.613235 191.996464 170.828545 176.781878 143.710419 133.496325 78.689483 147.252919 60.428386
86.097438 72.194869 82.592392 97.094140 116.002464 130.570769 148.770539 117.537157 138.292947 122.197933 77.374252 69.450464 70.791421 84.871970 141.404360 93.994040 84.199522 73.170952 85.069230 81.060003 44.069426 56.820281 65.504940 72.750603 92.345577 100.296366 80.640244 75.776055 61.998677 69.554235 43.561873 41.672272 60.174075 24.487294 11.558865 29.740460 39.921052 46.955275 27.672528 19.713558 4.790874 26.515777 53.483122 50.730266 24.454346 17.779580 30.686775 40.117181 50.669946 65.434924 65.852440 50.028228 54.667217 64.272871 60.813399 37.886225 88.975710 91.627345 85.199642 47.121765 61.895242 84.472514 83.495994 105.017292 94.977847 111.757163 97.044727 91.942686 88.839351 81.762351 103.675908 96.356274 80.060820 59.606171 73.750981 60.937389 74.845590 75.539150 85.043209 100.188938 108.662430 99.080185 92.579418 117.683692 108.602876 92.082186 95.233802 111.368118 138.801847 130.531764 142.890714 124.578062 117.912290 111.836730 125.235943 165.754217 142.016218 146.338057 148.981955 150.690347 169.617851 151.992262 156.073080 171.292703 152.335615 139.246329 138.359937 122.310719 121.017720 112.892020 106.201542 101.947081 119.122000 137.789746 139.559410 140.155680 147.246828 148.898822 149.819659 148.223388 160.902919 169.008944 175.652034 178.002613 154.182848 144.511149 140.677194 136.974491 168.769552 174.054155 143.255888 137.436776 123.230537 117.801106 135.460414 158.827671 165.556661 178.315487 173.530177 175.814772 153.174691 140.101882 143.593848 151.671727 141.964340 207.004266 192.743587 154.930333 149.097923 145.225119 106.316737 135.939725 138.033877 139.437145 131.037142 14.267379 0.000000 49.472471 56.510684 97.765605 112.271575 124.019005 185.808256 174.674956 150.622062 160.682758 125.527684 103.709871 69.295253 128.767630 63.743617
121.231077 107.328508 117.726031 129.847990 139.226334 157.111468 171.994409 145.206576 165.962365 137.113961 86.857503 78.933715 98.056999 96.977291 130.251859 85.692402 67.794574 67.954556 65.922872 74.331421 64.235624 51.603886 49.099993 56.345655 86.212726 90.238461 61.423421 63.771750 44.088755 49.308538 41.294527 15.589575 21.515872 10.743746 26.474892 30.886151 34.488927 53.012308 62.806167 54.847197 39.924513 34.980647 55.557493 74.618630 59.587985 52.913219 65.820414 65.247575 77.025780 88.316372 105.297183 85.161867 75.899703 60.961489 75.729426 73.019864 112.711683 112.589154 100.115669 86.771301 101.544777 124.122049 117.633360 139.775080 121.305380 143.588941 131.078731 117.811270 128.488886 107.630935 139.704000 119.352282 91.958745 89.612022 103.756832 74.133926 96.915203 103.208569 104.807995 115.066731 123.540223 125.206975 112.344203 143.552276 134.471460 117.950770 121.102385 151.017654 173.935486 156.400347 168.759298 150.446646 143.780873 137.705314 162.475943 195.697834 178.695193 169.279536 179.656429 165.206984 180.393904 177.122656 170.989107 186.208730 157.659193 154.668984 148.629698 146.972530 141.375682 123.161781 141.335181 133.568312 147.639798 156.504417 149.829171 140.718216 147.809364 163.882539 172.741730 183.357027 185.867182 179.799566 200.616296 203.133007 185.213814 179.644788 175.810832 172.108130 175.280084 160.310606 178.389527 172.570415 152.824472 152.934745 167.575448 176.688021 151.813112 164.571938 158.417982 166.993787 139.431143 156.238558 142.977446 137.928179 128.220792 192.770933 179.000039 158.508097 143.881528 132.558806 101.100342 124.528898 130.172588 174.570784 156.905726 49.680254 39.649535 0.000000 30.853098 82.373481 104.410286 110.275457 200.724283 200.543539 161.651012 182.061059 151.396267 129.578455 97.290289 163.901269 78.177268
106.486997 92.584429 102.981951 105.140967 127.845235 138.617596 158.250866 120.253605 141.009395 147.021209 65.164388 57.240600 76.763145 82.374000 122.475585 68.700813 60.502971 40.226649 48.070392 63.752017 46.383144 33.751406 41.808389 41.925549 68.360245 79.902922 43.570941 58.185479 44.905537 31.456058 45.719644 32.054597 3.663392 35.411330 60.864320 57.917886 9.781904 37.573090 43.664226 58.653121 54.096329 56.138818 77.644337 99.981521 72.932734 66.257968 79.992230 81.712597 93.490802 76.935274 93.916084 99.333683 103.972672 98.662731 110.118854 87.191680 137.379267 116.002582 97.208976 96.427220 98.715739 121.293011 117.682706 139.824427 143.916765 141.305969 125.577294 136.058411 121.867309 131.067806 137.069909 105.489417 76.519528 78.230923 89.624915 58.694709 81.475985 78.255598 89.368777 99.627513 108.101006 113.374573 96.904986 155.145520 157.908331 141.387641 144.539257 148.998057 174.506266 172.249508 174.215682 156.790904 154.895066 134.992969 174.541398 186.143776 189.809385 151.427056 169.371514 166.657899 149.540806 169.473324 169.373778 181.162729 139.651712 156.514840 160.517725 142.700278 156.513957 139.626803 126.591101 115.357186 129.787318 138.651937 153.610066 153.565785 160.656932 151.615269 160.474460 187.448400 177.979544 189.635211 192.728659 187.792328 173.785125 164.113427 161.066753 152.966190 172.228367 166.030307 163.645447 157.826335 134.971992 138.190666 153.972248 169.396418 157.532814 167.075280 151.126378 167.354677 119.228139 145.171071 140.208550 151.304850 141.597463 193.587714 184.719740 154.547195 126.029048 118.138700 83.247861 113.932350 119.105102 174.761446 163.249984 63.572834 49.305455 37.701242 0.000000 67.953375 93.342799 127.758720 177.851421 186.927802 149.290720 166.494717 148.683923 124.285651 83.294624 146.790676 66.796170
93.069986 79.167418 89.564941 109.917323 122.975013 139.086640 155.743088 129.447235 143.972524 150.647885 86.281171 78.357383 88.461121 14.603810 132.025054 80.474634 15.467118 16.137991 28.509369 45.298778 42.141603 43.300876 45.261038 52.506701 78.826172 86.399506 60.396341 72.096825 66.856282 53.406804 52.556365 75.470682 47.079477 74.358726 91.798645 82.532361 64.364765 61.200179 65.044326 77.633862 90.632402 94.445944 119.172473 121.102807 94.312833 87.638067 103.760947 112.750271 120.528433 87.924202 75.680608 88.775564 96.555226 112.611302 104.513665 123.727754 156.660846 141.373394 128.899909 116.508752 124.347935 109.170867 146.417600 129.869363 142.104402 133.228442 133.433116 130.410069 116.218967 137.018550 147.000025 118.960112 100.146616 89.219851 103.364662 65.153170 105.103074 87.449228 101.639976 121.453676 116.845432 106.439296 108.220029 148.720776 159.434878 147.338385 150.490000 141.237894 154.945243 169.794824 164.450813 160.053067 157.640609 156.219339 178.031173 172.726766 186.020028 147.185515 155.954504 162.416358 180.856772 177.919390 187.609830 190.712199 170.985126 155.378710 149.339424 129.283267 151.487791 138.593747 113.174091 117.734215 126.958254 139.316734 154.158480 155.942814 163.033962 160.808900 169.668090 174.031389 185.725177 179.657561 189.156415 200.935077 161.155396 151.483698 147.649742 159.948268 172.255847 157.286370 150.228436 144.409325 132.142928 124.773655 142.432963 165.800219 148.788876 161.547702 154.579027 170.807326 147.242127 151.942290 144.731445 151.890447 142.183060 195.246996 175.975802 152.946250 135.578517 128.719852 92.797331 126.560419 128.654571 177.076036 166.512147 109.145550 97.434210 85.159206 54.582861 0.000000 102.892269 112.029456 194.602487 183.890086 152.149050 162.253176 152.372235 134.215767 96.898118 135.740179 77.785098
104.734043 94.658300 90.854985 107.838060 93.540619 102.189521 83.935515 44.190319 64.946109 70.921240 62.491570 102.552633 122.075178 34.573352 29.132786 44.754294 59.868573 45.763225 60.272642 73.276016 64.973765 64.816001 65.230581 72.476243 96.626286 46.874405 80.290009 93.610459 74.865427 83.811081 80.579465 80.102775 74.909671 92.271207 109.756442 102.279626 86.756505 69.197766 84.791591 102.563631 115.562171 110.811145 137.084954 141.915786 114.060098 107.385332 115.622111 125.052518 136.830723 98.144123 105.305842 118.400798 126.180460 142.236536 134.138899 140.050041 181.590615 170.998628 158.525143 136.961776 127.382476 149.959747 170.427235 159.494597 165.008197 160.991522 145.262847 154.157189 149.296532 143.976853 145.096809 111.150890 108.144203 114.764042 81.123727 90.319384 58.967932 102.940110 120.830196 106.288257 114.761749 117.734420 121.535082 134.927947 145.642049 154.296689 157.448304 167.873301 176.251808 165.530446 169.720434 150.071842 143.406070 140.085698 154.636643 141.121322 154.552738 142.133438 158.100435 143.650990 156.635603 141.112187 114.322336 129.541959 126.204678 126.975648 141.302711 134.393946 123.552500 128.258389 102.838732 119.024259 120.034096 94.536287 137.626874 117.629143 123.396275 129.541327 138.400517 129.652803 141.616151 150.438360 156.365265 153.998419 138.806407 129.134708 108.893828 123.854163 113.707975 98.738497 100.260061 82.638003 101.914816 113.999098 68.014957 115.831844 111.048968 95.672895 104.945443 113.188520 87.705341 51.828272 46.865751 63.379526 76.494990 125.820314 108.269413 81.166631 74.226060 53.536924 31.444874 23.668150 25.762302 179.854175 156.530922 125.510751 120.864940 114.675842 76.974601 44.401455 0.000000 60.075638 144.057511 146.386286 107.368603 157.201099 133.655332 155.910326 122.345154 104.438575 103.939654
108.513678 98.437935 94.634620 119.723143 91.619469 107.770145 73.405480 59.553226 63.024959 74.700875 76.803153 103.175841 122.698386 56.655396 51.669083 67.290591 70.708882 68.299522 76.726454 93.515863 79.297169 87.352298 68.323712 75.569375 108.475571 63.833663 83.459016 102.905835 97.983850 90.961474 78.922276 102.639072 89.233074 114.807505 110.379650 102.902834 101.079909 69.820974 85.414799 103.186839 116.185379 133.347442 159.621251 142.538994 114.683306 108.008540 116.245319 125.675726 137.453931 119.221151 127.842140 140.063505 140.225762 154.477297 156.675197 149.280730 181.806276 169.429801 150.636196 156.833026 142.393213 162.104941 171.109926 173.985898 183.043580 175.808441 163.298231 150.030770 167.635803 143.300817 156.512830 133.687187 108.767411 118.543678 104.242150 90.942592 82.086354 106.719745 121.616661 129.406679 128.658097 121.514056 117.090098 117.445330 128.159432 153.620652 156.772268 159.287395 164.809053 149.962670 153.381179 138.629087 131.963315 121.492453 150.472878 155.444725 166.877634 135.664337 148.469948 138.611205 156.751838 143.780293 128.645739 136.294188 104.512664 120.506547 114.467261 112.810093 107.213245 88.999344 90.111335 115.624318 132.799238 100.520476 115.666734 112.589358 105.539308 121.612484 122.591483 119.900476 132.580008 132.393174 141.298215 161.779801 113.297196 103.625498 93.518829 83.654230 104.609742 89.640264 95.220276 88.622193 103.770187 103.284132 57.299991 89.477638 96.885206 81.509133 95.768174 107.889259 81.850783 46.788487 32.701989 54.281293 72.397874 113.376845 94.105651 75.867370 62.537390 69.234525 31.719697 37.991554 28.430409 161.260930 145.088167 131.827432 121.488148 118.735903 91.298004 55.241764 23.118422 0.000000 151.838894 135.671321 113.352792 147.898622 117.316077 155.833812 140.628384 119.836199 121.515364
145.748081 145.619634 149.009248 127.804774 136.067642 133.806242 140.636635 145.797088 161.051565 158.924301 159.067324 207.573443 212.174789 157.357141 151.916574 167.538082 183.080217 168.547014 187.363046 196.059805 190.245670 187.599790 188.014370 195.260032 212.122580 182.348302 201.579389 216.395739 199.182568 206.594870 203.363254 200.951617 197.606608 191.480043 188.944675 179.678392 197.456805 182.565537 193.050932 187.502214 180.275671 187.700186 214.611729 173.526911 161.886888 155.212122 171.335002 180.324326 180.152705 169.724588 164.987889 135.671803 143.451465 159.507542 193.958516 180.343281 125.021444 146.379811 216.743450 163.404991 144.651960 157.405359 151.424017 158.838258 141.273648 161.034520 145.305844 137.155534 142.948024 126.975199 126.180883 127.378833 162.003976 165.725377 172.199261 185.775331 171.828401 153.901444 148.355884 150.400914 157.212782 148.750257 137.011948 108.735029 117.697597 101.743632 106.386541 110.035491 103.374509 98.240136 97.073930 82.781532 98.980441 88.582479 77.611964 65.363316 78.794732 83.461696 51.008603 68.011896 33.493608 16.956338 28.031547 43.251170 63.718185 74.271825 99.032437 100.031254 105.498365 91.527188 73.785717 127.937663 124.147076 85.817226 70.147575 79.586032 86.677180 54.738263 63.597453 70.716686 40.619514 41.296755 33.691773 9.940907 52.081395 98.347043 110.127199 108.127034 75.026210 71.517745 93.762455 95.032725 110.591499 124.186907 119.381735 109.334238 85.478653 90.538973 104.798014 121.026313 125.837618 119.097497 153.150590 135.030948 147.059029 109.478371 90.207177 116.391820 139.112802 173.536604 152.083870 159.694978 163.255448 125.505302 89.240612 191.377033 184.513812 185.362042 193.943216 171.092648 162.178808 169.522425 0.000000 55.659165 94.209954 86.416323 102.171992 121.774745 174.520275 145.018497 175.520119
144.448736 144.320289 154.717811 134.308534 160.749668 155.952441 143.956722 134.192244 154.948034 157.624956 172.526989 195.439044 193.408027 164.487358 163.255256 178.876764 187.652393 179.885695 175.606640 192.396050 167.419847 180.170703 188.855362 187.142786 192.680664 174.708124 195.032427 208.966652 196.028916 192.904656 193.308218 191.064195 183.524497 188.391945 169.502759 160.236475 178.014889 162.084176 171.310331 162.985355 175.983895 198.138924 192.800416 158.483873 177.966303 179.085524 171.237914 166.840520 178.618726 149.619218 138.740240 140.270611 128.408428 151.845469 180.080142 167.626901 139.971824 161.330191 201.700412 168.003798 124.624137 140.832315 166.374397 131.155656 140.213338 132.978199 120.467989 107.200528 120.122202 111.220767 105.887325 102.861973 158.451984 153.324805 162.853835 175.126520 170.529055 151.427016 152.964141 162.798653 155.069950 144.663815 149.409686 89.293113 87.962529 78.917810 74.593455 105.782316 100.185220 78.211513 72.867502 74.626227 78.458236 69.140562 57.089759 43.574438 57.005854 57.335153 26.802176 12.352731 21.080518 41.013036 40.913489 54.589851 39.616176 60.189174 54.149888 92.589561 85.017004 87.554785 89.130915 124.117929 137.639726 70.900340 53.574530 100.698157 93.624452 66.076944 60.201762 82.055367 51.802309 63.457976 66.551423 59.332040 73.250039 103.652656 93.545987 83.681388 124.417343 112.404716 81.990104 96.745543 109.292154 122.887562 113.014350 97.561886 117.097841 101.721768 104.900426 114.548988 124.644401 128.026202 153.253002 150.622609 150.123779 135.316911 120.581932 129.973480 150.295597 148.275832 163.266666 178.542218 167.005463 94.001529 81.085307 189.161073 182.677402 177.648199 179.861106 182.648329 173.361603 174.330226 49.391133 0.000000 77.636909 62.209896 69.837056 115.636909 153.570365 128.148052 154.032810
80.045908 79.917461 90.314983 69.905706 95.183831 94.249475 78.036105 69.789416 90.545206 93.222128 108.124161 142.300258 139.886786 98.566740 102.071917 117.693426 123.249565 115.297322 129.990215 130.774646 129.127698 122.565344 129.223969 136.469631 158.090640 97.071215 130.486818 143.807268 131.626088 135.645848 149.909433 150.911727 135.228457 155.404239 144.996636 149.757860 143.761752 127.893978 139.206414 149.274596 148.946977 160.422607 187.389952 167.768951 128.712612 145.936438 144.132751 149.847082 161.625287 104.022415 121.003226 133.097399 137.693506 153.526294 165.805801 176.911979 154.582166 175.940533 187.624199 156.224582 126.138151 148.715422 180.984738 128.637167 137.694849 130.459710 117.949500 104.682039 147.279607 107.864017 126.574769 117.925806 103.682230 100.023203 105.667127 117.552769 106.126227 88.199271 99.416618 104.138601 95.001227 84.595091 106.952826 90.221220 100.935322 118.183852 121.335468 141.456739 141.820579 124.402022 128.725215 119.517718 115.392311 97.719784 119.121246 105.605925 119.037341 87.996026 104.981950 102.214954 90.131976 96.467591 59.762421 69.125519 72.067266 72.838236 84.277220 94.441681 88.775577 75.256977 54.674535 59.715101 60.002817 40.398874 81.293597 61.295866 31.086149 47.159325 52.161155 48.017562 55.819432 49.751817 66.267698 87.827144 38.266679 28.594981 21.635915 16.485560 54.569609 59.312961 17.587276 28.500591 44.889325 58.484734 47.093733 33.159058 57.852546 56.509174 47.861565 39.425717 54.593207 62.105585 96.214141 86.219781 104.336362 86.472199 67.201006 92.114638 94.252507 119.144201 122.525983 114.139390 101.084845 137.488261 125.976798 145.174905 158.171279 164.851693 133.979847 121.464990 126.261779 119.734569 82.051602 89.862223 0.000000 103.063687 94.353122 116.449224 108.818101 79.316323 109.817946
125.141178 128.489434 137.654424 118.477679 123.457638 141.342772 129.310247 119.631655 140.387444 141.794101 146.457321 166.909926 174.706486 157.233886 151.914156 159.495075 173.091803 166.126091 162.269936 163.354536 175.398863 169.836927 179.543180 168.173023 193.951066 155.738360 176.062664 191.619038 172.821175 164.889617 167.718823 146.271360 176.498451 129.086383 156.308476 154.983055 172.761468 156.255240 160.064666 151.739690 149.761765 153.323284 173.900130 163.112328 166.083870 162.750472 175.657666 171.468975 183.247180 136.282514 125.403536 138.498491 133.036883 156.473924 165.957012 172.255356 128.272669 149.631036 160.932812 157.227880 115.722208 121.862552 154.675241 114.261108 123.318790 106.501072 103.573441 90.305980 120.970110 80.125645 102.005301 91.616309 149.483678 140.781847 118.262899 142.162436 154.698201 132.457253 139.312596 147.567631 136.100187 125.694052 136.072982 90.563515 74.625825 87.436631 89.622381 89.132838 94.654497 83.933134 87.896428 68.474531 61.808758 75.147175 72.118685 58.603364 65.174785 52.191157 41.831102 27.381657 38.150969 58.083487 57.983941 69.618777 20.646413 41.350385 73.505475 87.817066 79.188067 68.585022 70.161152 110.807463 88.276624 51.930576 34.604767 81.728394 74.654689 81.105870 81.838673 77.875510 66.831235 78.486902 81.580349 76.402491 81.406442 71.734744 51.493863 72.584226 113.236755 102.452723 76.254421 80.674817 93.461299 107.056708 105.760879 90.877191 102.116155 107.212274 85.930662 93.819603 108.987093 119.486308 134.283239 143.937914 162.054495 140.413349 121.142156 137.050962 149.393851 163.304758 178.295592 163.665647 152.358987 114.915652 74.933611 159.238270 144.970891 158.979787 173.808317 163.266639 179.898143 156.779721 66.461584 21.636910 58.667146 0.000000 88.838129 102.073165 144.490187 109.178289 142.078044
89.814424 96.978986 107.376508 106.661761 123.720546 139.948981 149.069848 133.449992 154.205782 148.542002 132.129550 125.601988 137.476043 141.201039 165.732493 154.458364 142.566143 135.371867 121.069743 126.481564 118.104764 120.981607 123.871562 131.117224 129.942947 141.485623 139.006865 149.777556 140.966805 131.817162 146.080748 121.227139 133.644719 131.214855 112.061711 102.795428 120.071755 92.247120 107.840945 110.539497 123.538037 140.697876 159.744594 118.659776 124.883677 129.053687 131.053202 130.268782 142.046987 95.082320 82.808256 95.903211 91.836689 99.858171 134.309145 126.696310 87.072476 108.430843 154.659750 116.719307 62.472327 75.169682 113.475048 79.252098 88.309780 81.074641 68.564430 55.296970 79.769917 55.443293 64.479534 50.416115 113.558625 83.487749 97.632559 105.289464 136.150016 99.420728 106.216725 108.261755 115.073623 109.518035 94.872789 26.555396 33.425632 44.272413 57.102458 51.043453 59.677416 44.862257 50.922228 33.497450 28.040787 11.699515 48.431351 79.957747 62.955106 56.466553 73.549087 71.622313 83.511803 87.200429 71.813856 87.033479 72.745245 45.585686 39.546400 30.953673 15.179948 81.922881 114.961158 117.371726 129.899974 104.029409 86.703599 109.918584 117.009732 98.520572 102.751714 114.498994 99.107670 108.961680 113.856785 111.489939 120.555401 134.786594 115.720607 114.815325 165.335587 156.014560 118.121733 132.773649 135.084648 142.585223 147.140039 131.687575 156.381062 145.331612 138.029495 150.191695 143.008464 162.151891 153.161469 174.740774 189.819071 185.000715 165.729522 162.071365 192.781024 174.270381 158.814466 174.591376 156.888493 51.467992 35.862733 129.260653 125.236354 126.835232 130.546022 151.920737 168.909404 193.328962 101.549031 85.863654 110.765978 64.226744 0.000000 54.381214 102.793058 148.805217 97.530297
112.322984 119.487546 129.885068 125.941983 146.229106 140.239775 149.360642 155.448893 169.775571 167.822224 130.144375 150.557940 138.684932 143.220925 181.302283 157.893435 140.574210 138.541166 133.572473 147.002551 122.707042 122.190495 121.879628 129.125291 148.490839 149.435114 137.014932 150.986445 146.475530 133.026051 147.289637 129.359345 134.853608 134.671455 125.127875 117.089479 121.280643 122.795050 119.155267 110.830290 123.828830 148.205261 157.534524 116.449706 133.253497 133.850454 129.203747 124.806353 136.584559 102.806214 84.017144 97.112100 86.374261 109.811302 120.063706 125.592734 76.150040 95.349911 123.289924 120.853394 63.681216 86.258487 100.394116 54.434275 56.939954 52.923279 37.194604 35.211385 75.409396 25.031050 12.784258 50.706909 114.767513 111.889898 101.910914 125.810451 150.166091 121.722295 118.719455 120.764486 127.576354 132.026595 107.375519 45.103288 45.928362 34.205004 32.559288 35.560750 80.555888 60.436784 55.092773 54.375922 61.180989 49.162216 73.932846 113.097949 82.074037 89.606756 100.782097 104.837599 110.059264 120.340631 104.232221 119.451844 111.170268 84.010710 83.416964 61.759235 70.683204 112.728442 137.469718 139.880286 152.408534 131.915936 123.031241 132.594149 139.685297 129.591945 138.451135 146.917360 131.526036 141.380046 146.275150 124.916017 152.973766 165.339204 156.168280 147.955528 175.744869 160.775391 151.261935 152.682084 140.723406 154.318815 163.281464 162.493136 152.277897 165.036723 176.454518 134.914939 150.082429 177.508249 172.441691 194.020996 208.266743 198.736017 179.464824 183.778176 213.610552 196.778941 171.686951 189.755094 172.409382 75.347662 60.835002 139.816109 130.630638 123.927709 135.148300 155.153117 181.781889 187.509043 129.049897 112.981501 136.744222 104.674417 62.853170 0.000000 104.001947 161.507504 101.877746
46.862342 32.959774 43.357296 52.809984 76.767369 67.060343 105.919882 76.051229 95.885343 92.286135 75.328610 67.404822 76.808569 87.006470 107.412055 105.562442 95.767924 84.739354 75.467717 70.331308 55.637828 68.388683 77.073342 84.319005 103.913979 111.864768 92.208646 97.184632 78.499868 81.122637 95.386222 80.085718 71.742477 75.239890 65.994245 85.112182 77.860990 57.070859 72.664684 87.194382 81.480040 74.509750 101.477095 88.084082 96.903577 94.468746 94.866273 101.501040 79.094068 41.942201 44.058781 55.289285 63.068948 79.125024 103.725587 97.227110 105.911911 125.111782 109.609350 68.850734 44.391369 66.968641 130.083080 84.196146 86.701825 82.685150 66.956475 83.825061 69.633959 88.682340 86.172035 32.844517 10.765567 21.020812 35.165623 59.065160 78.566608 34.053223 15.747956 30.893685 39.367177 48.226891 23.284164 89.467650 97.979546 90.799878 86.475522 99.035668 116.978739 109.251492 118.243169 117.850840 111.432965 96.966214 125.544201 126.519122 127.807623 114.210127 109.746860 125.088963 130.979470 119.863166 137.444172 150.517598 83.040361 99.052337 93.013051 83.075623 92.234665 79.340622 53.920965 71.154810 80.750609 79.306747 96.998716 106.809964 113.901112 107.412894 111.234301 127.823745 133.777169 141.890879 142.948771 145.873518 114.947752 105.276054 101.442098 108.624623 102.974276 135.994034 104.020792 98.201680 85.935284 78.566011 93.845504 119.592575 135.657465 137.139121 121.607460 131.564779 141.240077 95.263779 99.309692 120.888997 135.967294 169.087371 153.634522 110.646177 138.546139 110.251169 117.885139 123.501664 103.036716 136.734691 124.309920 89.209356 79.168888 64.496144 68.079086 109.334007 127.980077 132.834205 154.845655 113.306981 92.139063 116.794733 102.337498 87.630758 0.000000 88.328072 31.803097
27.195935 34.360496 44.758019 19.940825 46.381960 49.131301 72.805469 49.447735 70.203525 60.114698 69.381642 97.182085 75.171149 78.567542 81.730236 97.351744 94.964522 95.298123 89.448958 85.656473 89.083254 100.310557 109.224770 116.470433 128.838229 112.161964 124.360074 129.106507 111.945295 105.563870 119.827455 120.405407 105.187904 128.349268 99.439671 104.200896 111.306417 88.508387 93.649449 103.717632 103.390012 128.075836 137.481101 122.211987 122.917957 116.243191 129.285913 130.568634 127.377360 58.465451 75.446261 88.541217 92.136542 112.376955 120.248836 131.355015 121.785276 143.143644 133.822649 100.947436 93.341261 109.732805 148.187849 109.202591 118.260273 111.025134 98.514923 85.247463 114.482718 75.067128 106.602502 79.493493 62.953354 54.466239 58.937152 72.434595 73.018798 42.642306 54.298445 55.579624 53.899865 45.471989 56.808418 57.424331 68.138433 85.386963 88.538578 96.408612 97.160335 86.438973 83.607041 70.980369 69.084532 49.182435 88.979680 104.053783 77.661999 71.443429 87.281521 85.354747 82.724731 102.177305 83.296919 98.516542 69.746504 56.285639 53.278834 29.955371 57.302916 39.921111 21.877645 14.596927 31.771847 45.743756 60.950055 52.805527 54.620648 70.693823 79.553014 97.506678 92.678465 86.610850 107.416153 120.976253 79.415135 69.743436 78.661999 75.061632 102.246562 87.277084 76.163347 70.187600 36.956521 50.551930 65.108423 88.684655 100.124848 104.269962 101.555831 98.001788 100.119084 73.741364 66.440534 88.019838 103.098135 125.237710 105.966517 77.777018 116.431454 102.973070 113.483794 59.903700 70.167557 88.950912 77.439449 126.881693 112.614314 119.294729 101.524513 79.497405 82.038921 112.931992 111.035346 86.042955 58.576072 86.511090 49.234948 95.812812 82.666482 0.000000 64.260981
45.503036 39.866983 50.264505 62.350372 61.049066 78.934199 93.817140 67.029307 87.785097 84.997047 65.742551 57.818763 77.341308 69.220665 99.311808 95.626252 85.831734 74.803164 74.958187 60.745250 45.701638 58.452493 67.137153 74.382815 93.977790 101.928578 82.272456 87.248443 68.913809 71.186447 85.450032 76.877350 61.806288 72.031521 56.408186 55.874549 48.297850 48.909989 45.323103 55.391285 55.063666 85.044350 106.386651 72.085043 69.798160 63.123394 79.246273 80.441690 89.431608 10.139104 27.119915 34.229935 42.009598 58.065674 71.922490 81.228071 110.242058 96.599859 77.806253 47.261994 56.677421 79.254693 98.279983 81.308670 93.543708 84.667748 75.286971 69.262241 55.071140 75.870722 85.852197 41.175014 29.073451 11.434753 25.579564 49.479101 77.507315 25.031300 34.860976 50.006705 58.480197 62.621665 42.397185 98.138442 102.711247 85.911411 89.342173 106.036941 118.961337 122.227873 116.883862 110.521913 112.020661 101.728579 115.822912 133.426330 132.603187 108.890836 116.654068 124.121679 105.874235 125.806753 125.707206 140.926829 101.348246 104.845097 101.838292 78.514828 98.929128 80.715227 67.508126 55.391043 72.565962 97.614631 93.587037 93.599642 100.690790 98.390972 101.648242 131.239626 124.755247 132.680992 139.504361 144.125757 113.588446 103.916747 108.349307 102.324499 122.087297 128.019138 110.928001 105.108889 77.750637 85.473220 102.124139 126.499784 134.298159 145.985500 136.215649 128.888617 144.056107 91.930464 108.850081 118.112552 136.229133 165.979764 146.708571 120.186565 129.672305 102.249306 107.948949 110.640375 107.732679 141.092130 116.980993 78.748556 67.764740 61.287775 58.142896 99.397817 118.043887 128.303699 134.184849 132.420001 110.446947 123.958497 90.029064 73.067939 19.113020 86.824534 0.000000
DEMAND_SECTION
1  0
2  7
3  5
4  10
5  1
6  6
7  3
8  1
9  8
10  5
11  8
12  7
13  8
14  7
15  6
16  7
17  7
18  1
19  2
20  9
21  10
22  6
23  2
24  2
25  8
26  6
27  1
28  6
29  10
30  7
31  4
32  3
33  7
34  3
35  6
36  4
37  2
38  2
39  2
40  10
41  10
42  9
43  3
44  4
45  7
46  6
47  9
48  6
49  2
50  9
51  4
52  6
53  7
54  2
55  5
56  5
57  4
58  1
59  10
60  9
61  4
62  8
63  3
64  10
65  4
66  3
67  9
68  6
69  8
70  10
71  5
72  10
73  9
74  3
75  9
76  9
77  9
78  4
79  5
80  1
81  4
82  2
83  8
84  10
85  1
86  6
87  4
88  9
89  2
90  7
91  1
92  4
93  6
94  9
95  2
96  7
97  8
98  7
99  7
100  2
101  2
102  1
103  3
104  3
105  1
106  5
107  7
108  1
109  1
110  7
111  1
112  6
113  3
114  10
115  10
116  9
117  5
118  1
119  9
120  4
121  1
122  5
123  5
124  3
125  3
126  3
127  8
128  7
129  2
130  8
131  1
132  4
133  9
134  1
135  2
136  1
137  10
138  5
139  1
140  2
141  10
142  3
143  1
144  1
145  9
146  4
147  10
148  5
149  8
150  5
151  9
152  1
153  2
154  1
155  5
156  4
157  6
158  5
159  6
160  8
161  1
162  10
163  4
164  9
165  2
166  5
167  1
168  6
169  6
170  6
171  2
DEPOT_SECTION
1
-1
EOF
