NAME: ftv170
TYPE : ACVRP
COMMENT : COMMENT: Asymmetric TSP (Fischetti) with demands added, capacity=80
DIMENSION: 171
EDGE_WEIGHT_TYPE : EXPLICIT
EDGE_WEIGHT_FORMAT : FULL_MATRIX
CAPACITY : 80
EDGE_WEIGHT_SECTION
0.000000 9.000000 15.000000 19.000000 39.000000 50.000000 67.000000 55.000000 75.000000 58.000000 67.000000 85.000000 99.000000 100.000000 95.000000 111.000000 125.000000 110.000000 103.000000 91.000000 100.000000 109.000000 123.000000 134.000000 156.000000 130.000000 143.000000 153.000000 140.000000 126.000000 144.000000 132.000000 122.000000 121.000000 111.000000 99.000000 112.000000 84.000000 78.000000 88.000000 100.000000 134.000000 159.000000 119.000000 125.000000 115.000000 126.000000 137.000000 150.000000 51.000000 65.000000 80.000000 91.000000 105.000000 148.000000 127.000000 167.000000 180.000000 167.000000 98.000000 85.000000 100.000000 188.000000 134.000000 153.000000 132.000000 119.000000 117.000000 104.000000 115.000000 140.000000 67.000000 47.000000 35.000000 49.000000 68.000000 79.000000 22.000000 35.000000 29.000000 22.000000 13.000000 40.000000 82.000000 94.000000 133.000000 140.000000 127.000000 141.000000 123.000000 130.000000 106.000000 97.000000 85.000000 115.000000 131.000000 128.000000 95.000000 114.000000 109.000000 127.000000 143.000000 131.000000 143.000000 89.000000 82.000000 74.000000 61.000000 67.000000 49.000000 29.000000 21.000000 39.000000 58.000000 72.000000 77.000000 90.000000 101.000000 109.000000 127.000000 137.000000 136.000000 152.000000 165.000000 111.000000 96.000000 85.000000 78.000000 140.000000 131.000000 91.000000 91.000000 46.000000 59.000000 69.000000 106.000000 128.000000 138.000000 118.000000 132.000000 134.000000 85.000000 86.000000 111.000000 122.000000 176.000000 159.000000 128.000000 142.000000 115.000000 140.000000 106.000000 91.000000 153.000000 112.000000 127.000000 107.000000 114.000000 117.000000 115.000000 123.000000 147.000000 158.000000 122.000000 67.000000 109.000000 76.000000 124.000000 60.000000 68.000000 45.000000
9.000000 0.000000 6.000000 26.000000 46.000000 57.000000 74.000000 62.000000 82.000000 65.000000 74.000000 76.000000 90.000000 104.000000 102.000000 118.000000 132.000000 114.000000 94.000000 82.000000 91.000000 100.000000 114.000000 125.000000 147.000000 137.000000 134.000000 144.000000 131.000000 117.000000 135.000000 123.000000 113.000000 112.000000 102.000000 90.000000 103.000000 75.000000 69.000000 79.000000 91.000000 125.000000 150.000000 110.000000 116.000000 106.000000 117.000000 128.000000 141.000000 42.000000 56.000000 71.000000 82.000000 96.000000 139.000000 118.000000 158.000000 171.000000 158.000000 89.000000 76.000000 91.000000 179.000000 125.000000 144.000000 123.000000 110.000000 108.000000 95.000000 118.000000 131.000000 58.000000 38.000000 26.000000 40.000000 59.000000 86.000000 13.000000 26.000000 38.000000 31.000000 22.000000 34.000000 91.000000 103.000000 136.000000 143.000000 136.000000 150.000000 132.000000 139.000000 115.000000 106.000000 94.000000 124.000000 140.000000 137.000000 104.000000 123.000000 118.000000 136.000000 152.000000 140.000000 152.000000 98.000000 91.000000 83.000000 70.000000 76.000000 58.000000 38.000000 30.000000 48.000000 67.000000 81.000000 86.000000 99.000000 110.000000 118.000000 136.000000 146.000000 145.000000 161.000000 174.000000 120.000000 105.000000 94.000000 87.000000 149.000000 140.000000 100.000000 100.000000 55.000000 68.000000 78.000000 115.000000 137.000000 147.000000 127.000000 141.000000 141.000000 94.000000 93.000000 118.000000 129.000000 185.000000 168.000000 135.000000 149.000000 122.000000 147.000000 113.000000 98.000000 162.000000 121.000000 118.000000 98.000000 105.000000 108.000000 122.000000 130.000000 154.000000 167.000000 131.000000 76.000000 118.000000 85.000000 115.000000 51.000000 75.000000 36.000000
15.000000 6.000000 0.000000 20.000000 40.000000 51.000000 68.000000 56.000000 76.000000 59.000000 68.000000 82.000000 96.000000 101.000000 96.000000 112.000000 126.000000 111.000000 100.000000 88.000000 97.000000 106.000000 120.000000 131.000000 153.000000 131.000000 140.000000 150.000000 137.000000 123.000000 141.000000 129.000000 119.000000 118.000000 108.000000 96.000000 109.000000 81.000000 75.000000 85.000000 97.000000 131.000000 156.000000 116.000000 122.000000 112.000000 123.000000 134.000000 147.000000 48.000000 62.000000 77.000000 88.000000 102.000000 145.000000 124.000000 164.000000 177.000000 164.000000 95.000000 82.000000 97.000000 185.000000 131.000000 150.000000 129.000000 116.000000 114.000000 101.000000 124.000000 137.000000 64.000000 44.000000 32.000000 46.000000 65.000000 80.000000 19.000000 32.000000 44.000000 37.000000 28.000000 40.000000 97.000000 109.000000 142.000000 149.000000 142.000000 156.000000 138.000000 145.000000 121.000000 112.000000 100.000000 130.000000 146.000000 143.000000 110.000000 129.000000 124.000000 142.000000 158.000000 146.000000 158.000000 104.000000 97.000000 89.000000 76.000000 82.000000 64.000000 44.000000 36.000000 54.000000 73.000000 87.000000 92.000000 105.000000 116.000000 124.000000 142.000000 152.000000 151.000000 167.000000 180.000000 126.000000 111.000000 100.000000 93.000000 155.000000 146.000000 106.000000 100.000000 61.000000 68.000000 78.000000 121.000000 143.000000 151.000000 133.000000 147.000000 135.000000 94.000000 87.000000 112.000000 123.000000 191.000000 174.000000 129.000000 143.000000 116.000000 141.000000 107.000000 92.000000 168.000000 127.000000 124.000000 104.000000 111.000000 114.000000 116.000000 124.000000 148.000000 173.000000 137.000000 82.000000 124.000000 91.000000 121.000000 57.000000 69.000000 42.000000
75.000000 66.000000 60.000000 0.000000 20.000000 31.000000 48.000000 36.000000 56.000000 39.000000 48.000000 112.000000 126.000000 81.000000 76.000000 92.000000 106.000000 91.000000 102.000000 112.000000 118.000000 109.000000 123.000000 134.000000 156.000000 111.000000 140.000000 153.000000 140.000000 126.000000 144.000000 149.000000 126.000000 160.000000 168.000000 156.000000 144.000000 141.000000 135.000000 145.000000 157.000000 190.000000 215.000000 176.000000 182.000000 172.000000 183.000000 194.000000 207.000000 108.000000 122.000000 137.000000 148.000000 162.000000 205.000000 184.000000 224.000000 237.000000 224.000000 155.000000 142.000000 157.000000 245.000000 190.000000 209.000000 188.000000 175.000000 161.000000 161.000000 151.000000 177.000000 124.000000 104.000000 92.000000 76.000000 95.000000 60.000000 79.000000 92.000000 104.000000 97.000000 88.000000 100.000000 118.000000 130.000000 169.000000 176.000000 163.000000 177.000000 159.000000 166.000000 142.000000 133.000000 121.000000 151.000000 167.000000 164.000000 131.000000 150.000000 145.000000 163.000000 179.000000 167.000000 179.000000 125.000000 118.000000 110.000000 97.000000 103.000000 85.000000 65.000000 57.000000 75.000000 94.000000 108.000000 113.000000 126.000000 137.000000 145.000000 163.000000 173.000000 172.000000 188.000000 201.000000 147.000000 132.000000 121.000000 114.000000 160.000000 151.000000 127.000000 80.000000 82.000000 48.000000 58.000000 142.000000 141.000000 131.000000 148.000000 162.000000 115.000000 74.000000 67.000000 92.000000 103.000000 196.000000 179.000000 109.000000 123.000000 96.000000 121.000000 87.000000 72.000000 189.000000 148.000000 184.000000 164.000000 161.000000 131.000000 96.000000 104.000000 128.000000 194.000000 158.000000 103.000000 145.000000 112.000000 168.000000 117.000000 49.000000 102.000000
55.000000 46.000000 40.000000 53.000000 0.000000 11.000000 28.000000 16.000000 36.000000 19.000000 28.000000 92.000000 106.000000 61.000000 56.000000 72.000000 86.000000 71.000000 82.000000 92.000000 98.000000 89.000000 103.000000 114.000000 136.000000 91.000000 120.000000 133.000000 120.000000 106.000000 124.000000 129.000000 106.000000 140.000000 148.000000 136.000000 124.000000 121.000000 115.000000 125.000000 137.000000 170.000000 195.000000 156.000000 162.000000 152.000000 163.000000 174.000000 187.000000 88.000000 102.000000 117.000000 128.000000 142.000000 185.000000 164.000000 204.000000 217.000000 204.000000 135.000000 122.000000 137.000000 225.000000 170.000000 189.000000 168.000000 155.000000 141.000000 141.000000 131.000000 157.000000 104.000000 84.000000 72.000000 56.000000 75.000000 40.000000 59.000000 72.000000 84.000000 77.000000 68.000000 80.000000 98.000000 110.000000 149.000000 156.000000 143.000000 157.000000 139.000000 146.000000 122.000000 113.000000 101.000000 131.000000 147.000000 144.000000 111.000000 130.000000 125.000000 143.000000 159.000000 147.000000 159.000000 105.000000 98.000000 90.000000 77.000000 83.000000 65.000000 45.000000 37.000000 55.000000 74.000000 88.000000 93.000000 106.000000 117.000000 125.000000 143.000000 153.000000 152.000000 168.000000 181.000000 127.000000 112.000000 101.000000 94.000000 140.000000 131.000000 107.000000 60.000000 62.000000 28.000000 38.000000 122.000000 121.000000 111.000000 128.000000 142.000000 95.000000 54.000000 47.000000 72.000000 83.000000 176.000000 159.000000 89.000000 103.000000 76.000000 101.000000 67.000000 52.000000 169.000000 128.000000 164.000000 144.000000 141.000000 111.000000 76.000000 84.000000 108.000000 174.000000 138.000000 83.000000 125.000000 92.000000 148.000000 97.000000 29.000000 82.000000
47.000000 56.000000 62.000000 42.000000 62.000000 0.000000 56.000000 66.000000 86.000000 81.000000 90.000000 132.000000 146.000000 111.000000 106.000000 122.000000 136.000000 121.000000 132.000000 138.000000 147.000000 139.000000 153.000000 164.000000 186.000000 141.000000 170.000000 183.000000 170.000000 156.000000 174.000000 179.000000 156.000000 168.000000 158.000000 146.000000 159.000000 131.000000 125.000000 135.000000 147.000000 181.000000 206.000000 166.000000 172.000000 162.000000 173.000000 184.000000 197.000000 98.000000 112.000000 127.000000 138.000000 152.000000 195.000000 174.000000 193.000000 215.000000 214.000000 145.000000 132.000000 147.000000 223.000000 159.000000 178.000000 157.000000 144.000000 130.000000 151.000000 120.000000 146.000000 114.000000 94.000000 82.000000 96.000000 115.000000 102.000000 69.000000 82.000000 76.000000 69.000000 60.000000 87.000000 87.000000 99.000000 138.000000 145.000000 132.000000 146.000000 128.000000 135.000000 111.000000 102.000000 90.000000 120.000000 136.000000 133.000000 100.000000 119.000000 114.000000 132.000000 148.000000 136.000000 148.000000 94.000000 87.000000 79.000000 66.000000 72.000000 54.000000 34.000000 26.000000 44.000000 63.000000 77.000000 82.000000 95.000000 106.000000 114.000000 132.000000 142.000000 141.000000 157.000000 170.000000 116.000000 101.000000 90.000000 83.000000 145.000000 136.000000 96.000000 49.000000 51.000000 17.000000 27.000000 111.000000 133.000000 139.000000 123.000000 137.000000 123.000000 43.000000 75.000000 100.000000 111.000000 181.000000 164.000000 117.000000 131.000000 104.000000 129.000000 95.000000 80.000000 158.000000 117.000000 174.000000 154.000000 161.000000 161.000000 126.000000 112.000000 136.000000 163.000000 127.000000 72.000000 114.000000 81.000000 137.000000 107.000000 18.000000 92.000000
82.000000 73.000000 67.000000 87.000000 72.000000 83.000000 0.000000 10.000000 30.000000 46.000000 55.000000 119.000000 133.000000 55.000000 50.000000 66.000000 80.000000 65.000000 76.000000 86.000000 92.000000 83.000000 97.000000 108.000000 130.000000 85.000000 114.000000 127.000000 114.000000 100.000000 118.000000 123.000000 100.000000 134.000000 155.000000 158.000000 118.000000 117.000000 137.000000 147.000000 159.000000 164.000000 189.000000 183.000000 184.000000 174.000000 185.000000 196.000000 209.000000 115.000000 129.000000 144.000000 155.000000 169.000000 212.000000 191.000000 231.000000 244.000000 231.000000 162.000000 149.000000 164.000000 252.000000 198.000000 217.000000 196.000000 183.000000 181.000000 168.000000 191.000000 204.000000 131.000000 111.000000 99.000000 83.000000 102.000000 67.000000 86.000000 99.000000 111.000000 104.000000 95.000000 107.000000 164.000000 176.000000 209.000000 216.000000 209.000000 223.000000 205.000000 212.000000 188.000000 179.000000 167.000000 197.000000 212.000000 210.000000 176.000000 195.000000 190.000000 208.000000 224.000000 182.000000 194.000000 140.000000 163.000000 156.000000 143.000000 149.000000 131.000000 111.000000 103.000000 121.000000 109.000000 151.000000 128.000000 141.000000 152.000000 160.000000 178.000000 188.000000 187.000000 203.000000 216.000000 162.000000 147.000000 136.000000 129.000000 131.000000 122.000000 142.000000 94.000000 113.000000 100.000000 72.000000 131.000000 112.000000 102.000000 119.000000 133.000000 86.000000 56.000000 38.000000 63.000000 74.000000 167.000000 150.000000 80.000000 94.000000 67.000000 73.000000 39.000000 24.000000 235.000000 194.000000 176.000000 165.000000 135.000000 105.000000 70.000000 56.000000 99.000000 209.000000 203.000000 118.000000 190.000000 158.000000 188.000000 124.000000 101.000000 109.000000
72.000000 63.000000 57.000000 77.000000 62.000000 73.000000 90.000000 0.000000 20.000000 36.000000 45.000000 109.000000 123.000000 45.000000 40.000000 56.000000 70.000000 55.000000 66.000000 76.000000 82.000000 73.000000 87.000000 98.000000 120.000000 75.000000 104.000000 117.000000 104.000000 90.000000 108.000000 113.000000 90.000000 124.000000 145.000000 148.000000 108.000000 107.000000 127.000000 137.000000 149.000000 154.000000 179.000000 173.000000 174.000000 164.000000 175.000000 186.000000 199.000000 105.000000 119.000000 134.000000 145.000000 159.000000 202.000000 181.000000 221.000000 234.000000 221.000000 152.000000 139.000000 154.000000 242.000000 188.000000 207.000000 186.000000 173.000000 171.000000 158.000000 181.000000 194.000000 121.000000 101.000000 89.000000 73.000000 92.000000 57.000000 76.000000 89.000000 101.000000 94.000000 85.000000 97.000000 154.000000 166.000000 199.000000 206.000000 199.000000 213.000000 195.000000 202.000000 178.000000 169.000000 157.000000 187.000000 203.000000 200.000000 167.000000 186.000000 181.000000 199.000000 215.000000 203.000000 215.000000 161.000000 154.000000 146.000000 133.000000 139.000000 121.000000 101.000000 93.000000 111.000000 130.000000 144.000000 149.000000 162.000000 173.000000 181.000000 199.000000 209.000000 208.000000 224.000000 237.000000 183.000000 168.000000 157.000000 150.000000 184.000000 175.000000 163.000000 122.000000 118.000000 90.000000 100.000000 178.000000 165.000000 155.000000 172.000000 186.000000 139.000000 109.000000 91.000000 116.000000 127.000000 220.000000 203.000000 133.000000 147.000000 120.000000 96.000000 62.000000 77.000000 225.000000 184.000000 166.000000 155.000000 125.000000 95.000000 60.000000 79.000000 129.000000 230.000000 194.000000 139.000000 181.000000 148.000000 178.000000 114.000000 91.000000 99.000000
52.000000 43.000000 37.000000 57.000000 42.000000 53.000000 70.000000 58.000000 0.000000 16.000000 25.000000 89.000000 103.000000 25.000000 20.000000 36.000000 50.000000 35.000000 46.000000 56.000000 62.000000 53.000000 67.000000 78.000000 100.000000 55.000000 84.000000 97.000000 84.000000 70.000000 88.000000 93.000000 70.000000 104.000000 125.000000 128.000000 88.000000 87.000000 107.000000 117.000000 129.000000 134.000000 159.000000 153.000000 154.000000 144.000000 155.000000 166.000000 179.000000 85.000000 99.000000 114.000000 125.000000 139.000000 182.000000 161.000000 201.000000 214.000000 201.000000 132.000000 119.000000 134.000000 222.000000 168.000000 187.000000 166.000000 153.000000 151.000000 138.000000 161.000000 174.000000 101.000000 81.000000 69.000000 53.000000 72.000000 37.000000 56.000000 69.000000 81.000000 74.000000 65.000000 77.000000 134.000000 146.000000 179.000000 186.000000 179.000000 193.000000 175.000000 182.000000 158.000000 149.000000 137.000000 167.000000 183.000000 180.000000 147.000000 166.000000 161.000000 179.000000 195.000000 183.000000 195.000000 141.000000 134.000000 126.000000 113.000000 119.000000 101.000000 81.000000 73.000000 91.000000 110.000000 124.000000 129.000000 142.000000 153.000000 161.000000 179.000000 189.000000 188.000000 204.000000 217.000000 163.000000 148.000000 137.000000 130.000000 164.000000 155.000000 143.000000 102.000000 98.000000 70.000000 80.000000 158.000000 145.000000 135.000000 152.000000 166.000000 119.000000 89.000000 71.000000 96.000000 107.000000 200.000000 183.000000 113.000000 127.000000 100.000000 76.000000 42.000000 57.000000 205.000000 164.000000 146.000000 135.000000 105.000000 75.000000 40.000000 59.000000 109.000000 210.000000 174.000000 119.000000 161.000000 128.000000 158.000000 94.000000 71.000000 79.000000
36.000000 27.000000 21.000000 41.000000 26.000000 37.000000 54.000000 42.000000 62.000000 0.000000 9.000000 73.000000 87.000000 87.000000 82.000000 98.000000 112.000000 97.000000 91.000000 79.000000 88.000000 97.000000 111.000000 122.000000 144.000000 117.000000 131.000000 141.000000 128.000000 114.000000 132.000000 133.000000 110.000000 139.000000 129.000000 117.000000 118.000000 102.000000 96.000000 106.000000 118.000000 152.000000 177.000000 137.000000 143.000000 133.000000 144.000000 155.000000 168.000000 69.000000 83.000000 98.000000 109.000000 123.000000 166.000000 145.000000 185.000000 198.000000 185.000000 116.000000 103.000000 118.000000 206.000000 152.000000 171.000000 150.000000 137.000000 135.000000 122.000000 145.000000 158.000000 85.000000 65.000000 53.000000 37.000000 56.000000 21.000000 40.000000 53.000000 65.000000 58.000000 49.000000 61.000000 118.000000 130.000000 163.000000 170.000000 163.000000 177.000000 159.000000 166.000000 142.000000 133.000000 121.000000 151.000000 167.000000 164.000000 131.000000 150.000000 145.000000 163.000000 179.000000 167.000000 179.000000 125.000000 118.000000 110.000000 97.000000 103.000000 85.000000 65.000000 57.000000 75.000000 94.000000 108.000000 113.000000 126.000000 137.000000 145.000000 163.000000 173.000000 172.000000 188.000000 201.000000 147.000000 132.000000 121.000000 114.000000 166.000000 157.000000 127.000000 86.000000 82.000000 54.000000 64.000000 142.000000 147.000000 137.000000 154.000000 168.000000 121.000000 80.000000 73.000000 98.000000 109.000000 202.000000 185.000000 115.000000 129.000000 102.000000 127.000000 93.000000 78.000000 189.000000 148.000000 145.000000 125.000000 132.000000 105.000000 102.000000 110.000000 134.000000 194.000000 158.000000 103.000000 145.000000 112.000000 142.000000 78.000000 55.000000 63.000000
188.000000 179.000000 185.000000 205.000000 225.000000 236.000000 253.000000 229.000000 249.000000 244.000000 0.000000 64.000000 78.000000 92.000000 230.000000 149.000000 120.000000 102.000000 82.000000 70.000000 79.000000 88.000000 102.000000 113.000000 135.000000 146.000000 122.000000 132.000000 119.000000 105.000000 123.000000 124.000000 101.000000 133.000000 154.000000 145.000000 109.000000 104.000000 124.000000 134.000000 146.000000 163.000000 188.000000 188.000000 171.000000 161.000000 172.000000 183.000000 196.000000 137.000000 151.000000 166.000000 177.000000 191.000000 217.000000 196.000000 236.000000 249.000000 236.000000 184.000000 196.000000 211.000000 257.000000 245.000000 251.000000 243.000000 230.000000 228.000000 215.000000 238.000000 251.000000 187.000000 167.000000 153.000000 28.000000 47.000000 12.000000 166.000000 179.000000 198.000000 205.000000 201.000000 187.000000 270.000000 268.000000 256.000000 263.000000 265.000000 293.000000 311.000000 318.000000 294.000000 285.000000 273.000000 303.000000 319.000000 316.000000 283.000000 302.000000 297.000000 315.000000 331.000000 319.000000 331.000000 277.000000 270.000000 262.000000 249.000000 255.000000 237.000000 217.000000 209.000000 227.000000 246.000000 260.000000 265.000000 278.000000 289.000000 297.000000 315.000000 325.000000 324.000000 340.000000 353.000000 299.000000 284.000000 273.000000 266.000000 310.000000 301.000000 279.000000 279.000000 234.000000 247.000000 257.000000 294.000000 291.000000 281.000000 298.000000 312.000000 273.000000 254.000000 236.000000 261.000000 261.000000 346.000000 329.000000 259.000000 232.000000 205.000000 174.000000 208.000000 222.000000 305.000000 300.000000 173.000000 153.000000 126.000000 96.000000 153.000000 191.000000 207.000000 346.000000 310.000000 255.000000 297.000000 264.000000 235.000000 158.000000 254.000000 143.000000
146.000000 137.000000 143.000000 163.000000 183.000000 194.000000 211.000000 187.000000 207.000000 202.000000 10.000000 0.000000 14.000000 28.000000 188.000000 107.000000 78.000000 38.000000 18.000000 28.000000 37.000000 46.000000 60.000000 71.000000 93.000000 104.000000 80.000000 90.000000 77.000000 63.000000 81.000000 82.000000 59.000000 91.000000 112.000000 103.000000 67.000000 62.000000 82.000000 92.000000 104.000000 121.000000 146.000000 146.000000 129.000000 119.000000 130.000000 141.000000 154.000000 95.000000 109.000000 124.000000 135.000000 149.000000 175.000000 154.000000 194.000000 207.000000 194.000000 142.000000 154.000000 169.000000 215.000000 203.000000 209.000000 201.000000 188.000000 186.000000 173.000000 196.000000 209.000000 145.000000 125.000000 111.000000 38.000000 57.000000 22.000000 124.000000 137.000000 156.000000 163.000000 159.000000 145.000000 228.000000 226.000000 214.000000 221.000000 223.000000 251.000000 269.000000 276.000000 252.000000 243.000000 231.000000 261.000000 277.000000 274.000000 241.000000 260.000000 255.000000 273.000000 289.000000 277.000000 289.000000 235.000000 228.000000 220.000000 207.000000 213.000000 195.000000 175.000000 167.000000 185.000000 204.000000 218.000000 223.000000 236.000000 247.000000 255.000000 273.000000 283.000000 282.000000 298.000000 311.000000 257.000000 242.000000 231.000000 224.000000 268.000000 259.000000 237.000000 237.000000 192.000000 205.000000 215.000000 252.000000 249.000000 239.000000 256.000000 270.000000 231.000000 212.000000 194.000000 219.000000 219.000000 304.000000 287.000000 217.000000 190.000000 163.000000 132.000000 166.000000 180.000000 263.000000 258.000000 131.000000 111.000000 84.000000 54.000000 111.000000 149.000000 165.000000 304.000000 268.000000 213.000000 255.000000 222.000000 193.000000 116.000000 212.000000 101.000000
138.000000 129.000000 135.000000 155.000000 175.000000 186.000000 203.000000 179.000000 199.000000 194.000000 92.000000 82.000000 0.000000 14.000000 180.000000 99.000000 70.000000 24.000000 10.000000 20.000000 29.000000 38.000000 52.000000 63.000000 85.000000 96.000000 72.000000 82.000000 69.000000 55.000000 73.000000 74.000000 51.000000 83.000000 104.000000 95.000000 59.000000 54.000000 74.000000 84.000000 96.000000 113.000000 138.000000 138.000000 121.000000 111.000000 122.000000 133.000000 146.000000 87.000000 101.000000 116.000000 127.000000 141.000000 167.000000 146.000000 186.000000 199.000000 186.000000 134.000000 146.000000 161.000000 207.000000 195.000000 201.000000 193.000000 180.000000 178.000000 165.000000 188.000000 201.000000 137.000000 117.000000 103.000000 117.000000 65.000000 104.000000 116.000000 129.000000 148.000000 155.000000 151.000000 137.000000 220.000000 218.000000 206.000000 213.000000 215.000000 243.000000 261.000000 268.000000 244.000000 235.000000 223.000000 253.000000 269.000000 266.000000 233.000000 252.000000 247.000000 265.000000 281.000000 269.000000 281.000000 227.000000 220.000000 212.000000 199.000000 205.000000 187.000000 167.000000 159.000000 177.000000 196.000000 210.000000 215.000000 228.000000 239.000000 247.000000 265.000000 275.000000 274.000000 290.000000 303.000000 249.000000 234.000000 223.000000 216.000000 260.000000 251.000000 229.000000 229.000000 184.000000 197.000000 207.000000 244.000000 241.000000 231.000000 248.000000 262.000000 223.000000 204.000000 186.000000 211.000000 211.000000 296.000000 279.000000 209.000000 182.000000 155.000000 124.000000 158.000000 172.000000 255.000000 250.000000 123.000000 103.000000 76.000000 46.000000 103.000000 141.000000 157.000000 296.000000 260.000000 205.000000 247.000000 214.000000 185.000000 108.000000 204.000000 93.000000
146.000000 137.000000 143.000000 163.000000 183.000000 194.000000 211.000000 169.000000 189.000000 202.000000 100.000000 90.000000 104.000000 0.000000 170.000000 89.000000 60.000000 10.000000 21.000000 31.000000 37.000000 28.000000 42.000000 53.000000 75.000000 86.000000 62.000000 72.000000 59.000000 45.000000 63.000000 68.000000 45.000000 79.000000 100.000000 103.000000 63.000000 62.000000 82.000000 92.000000 104.000000 109.000000 134.000000 146.000000 129.000000 119.000000 130.000000 141.000000 154.000000 95.000000 109.000000 124.000000 135.000000 149.000000 175.000000 154.000000 194.000000 207.000000 194.000000 142.000000 154.000000 169.000000 215.000000 203.000000 209.000000 201.000000 188.000000 186.000000 173.000000 196.000000 209.000000 145.000000 125.000000 111.000000 125.000000 73.000000 112.000000 124.000000 137.000000 156.000000 163.000000 159.000000 145.000000 228.000000 226.000000 214.000000 221.000000 223.000000 251.000000 269.000000 276.000000 252.000000 243.000000 231.000000 261.000000 277.000000 274.000000 241.000000 260.000000 255.000000 273.000000 289.000000 277.000000 289.000000 235.000000 228.000000 220.000000 207.000000 213.000000 195.000000 175.000000 167.000000 185.000000 204.000000 218.000000 223.000000 236.000000 247.000000 255.000000 273.000000 283.000000 282.000000 298.000000 311.000000 257.000000 242.000000 231.000000 224.000000 250.000000 241.000000 237.000000 232.000000 192.000000 205.000000 210.000000 250.000000 231.000000 221.000000 238.000000 252.000000 213.000000 194.000000 176.000000 201.000000 201.000000 286.000000 269.000000 199.000000 172.000000 145.000000 114.000000 148.000000 162.000000 263.000000 258.000000 121.000000 110.000000 80.000000 50.000000 93.000000 131.000000 147.000000 304.000000 268.000000 213.000000 255.000000 222.000000 193.000000 116.000000 212.000000 101.000000
115.000000 106.000000 100.000000 120.000000 105.000000 116.000000 91.000000 43.000000 63.000000 79.000000 88.000000 95.000000 109.000000 5.000000 0.000000 16.000000 30.000000 15.000000 26.000000 36.000000 42.000000 33.000000 47.000000 58.000000 80.000000 35.000000 64.000000 77.000000 64.000000 50.000000 68.000000 73.000000 50.000000 84.000000 105.000000 108.000000 68.000000 67.000000 87.000000 97.000000 109.000000 114.000000 139.000000 151.000000 134.000000 124.000000 135.000000 146.000000 159.000000 100.000000 114.000000 129.000000 140.000000 154.000000 180.000000 159.000000 199.000000 212.000000 199.000000 147.000000 159.000000 174.000000 220.000000 208.000000 214.000000 206.000000 193.000000 191.000000 178.000000 201.000000 214.000000 150.000000 130.000000 116.000000 116.000000 78.000000 100.000000 119.000000 132.000000 144.000000 137.000000 128.000000 140.000000 197.000000 209.000000 219.000000 226.000000 228.000000 256.000000 238.000000 245.000000 221.000000 212.000000 200.000000 230.000000 225.000000 238.000000 189.000000 208.000000 203.000000 221.000000 237.000000 195.000000 207.000000 153.000000 176.000000 189.000000 176.000000 182.000000 164.000000 144.000000 136.000000 154.000000 122.000000 164.000000 141.000000 154.000000 165.000000 173.000000 191.000000 201.000000 200.000000 216.000000 229.000000 175.000000 160.000000 149.000000 142.000000 144.000000 135.000000 155.000000 107.000000 126.000000 133.000000 85.000000 144.000000 125.000000 115.000000 132.000000 146.000000 99.000000 69.000000 51.000000 76.000000 87.000000 180.000000 163.000000 93.000000 107.000000 80.000000 56.000000 22.000000 37.000000 268.000000 227.000000 126.000000 115.000000 85.000000 55.000000 20.000000 39.000000 89.000000 222.000000 216.000000 131.000000 203.000000 191.000000 198.000000 121.000000 134.000000 106.000000
164.000000 155.000000 159.000000 179.000000 164.000000 175.000000 149.000000 102.000000 122.000000 138.000000 118.000000 108.000000 122.000000 20.000000 103.000000 0.000000 14.000000 28.000000 39.000000 49.000000 55.000000 46.000000 60.000000 57.000000 79.000000 19.000000 48.000000 61.000000 74.000000 63.000000 81.000000 86.000000 63.000000 97.000000 118.000000 121.000000 81.000000 80.000000 100.000000 110.000000 122.000000 127.000000 152.000000 164.000000 147.000000 137.000000 148.000000 159.000000 172.000000 113.000000 127.000000 142.000000 153.000000 167.000000 193.000000 172.000000 212.000000 225.000000 212.000000 160.000000 172.000000 187.000000 233.000000 221.000000 227.000000 219.000000 206.000000 204.000000 191.000000 214.000000 227.000000 163.000000 143.000000 129.000000 143.000000 91.000000 130.000000 142.000000 155.000000 174.000000 181.000000 177.000000 163.000000 246.000000 244.000000 232.000000 239.000000 241.000000 269.000000 287.000000 294.000000 270.000000 261.000000 249.000000 279.000000 283.000000 292.000000 247.000000 266.000000 261.000000 279.000000 295.000000 253.000000 265.000000 211.000000 234.000000 238.000000 225.000000 231.000000 213.000000 193.000000 185.000000 203.000000 180.000000 222.000000 199.000000 212.000000 223.000000 231.000000 249.000000 247.000000 240.000000 256.000000 273.000000 215.000000 218.000000 207.000000 200.000000 183.000000 174.000000 198.000000 165.000000 184.000000 192.000000 143.000000 183.000000 164.000000 154.000000 171.000000 185.000000 146.000000 127.000000 109.000000 134.000000 134.000000 219.000000 202.000000 132.000000 105.000000 78.000000 47.000000 81.000000 95.000000 281.000000 276.000000 139.000000 128.000000 98.000000 68.000000 4.000000 64.000000 80.000000 280.000000 274.000000 189.000000 261.000000 240.000000 211.000000 134.000000 193.000000 119.000000
150.000000 141.000000 147.000000 167.000000 187.000000 198.000000 215.000000 173.000000 193.000000 206.000000 104.000000 94.000000 108.000000 113.000000 174.000000 93.000000 0.000000 14.000000 25.000000 35.000000 41.000000 32.000000 46.000000 57.000000 79.000000 90.000000 66.000000 76.000000 63.000000 49.000000 67.000000 72.000000 49.000000 83.000000 104.000000 107.000000 67.000000 66.000000 86.000000 96.000000 108.000000 113.000000 138.000000 150.000000 133.000000 123.000000 134.000000 145.000000 158.000000 99.000000 113.000000 128.000000 139.000000 153.000000 179.000000 158.000000 198.000000 211.000000 198.000000 146.000000 158.000000 173.000000 219.000000 207.000000 213.000000 205.000000 192.000000 190.000000 177.000000 200.000000 213.000000 149.000000 129.000000 115.000000 129.000000 77.000000 116.000000 128.000000 141.000000 160.000000 167.000000 163.000000 149.000000 232.000000 230.000000 218.000000 225.000000 227.000000 255.000000 273.000000 280.000000 256.000000 247.000000 235.000000 265.000000 281.000000 278.000000 245.000000 264.000000 259.000000 277.000000 293.000000 281.000000 293.000000 239.000000 232.000000 224.000000 211.000000 217.000000 199.000000 179.000000 171.000000 189.000000 208.000000 222.000000 227.000000 240.000000 251.000000 259.000000 277.000000 287.000000 286.000000 302.000000 315.000000 261.000000 246.000000 235.000000 228.000000 254.000000 245.000000 241.000000 236.000000 196.000000 209.000000 214.000000 254.000000 235.000000 225.000000 242.000000 256.000000 217.000000 198.000000 180.000000 205.000000 205.000000 290.000000 273.000000 203.000000 176.000000 149.000000 118.000000 152.000000 166.000000 267.000000 262.000000 125.000000 114.000000 84.000000 54.000000 97.000000 135.000000 151.000000 308.000000 272.000000 217.000000 259.000000 226.000000 197.000000 120.000000 216.000000 105.000000
136.000000 127.000000 133.000000 153.000000 173.000000 184.000000 201.000000 159.000000 179.000000 192.000000 90.000000 80.000000 94.000000 99.000000 160.000000 79.000000 50.000000 0.000000 11.000000 21.000000 27.000000 18.000000 32.000000 43.000000 65.000000 76.000000 52.000000 62.000000 49.000000 35.000000 53.000000 58.000000 35.000000 69.000000 90.000000 93.000000 53.000000 52.000000 72.000000 82.000000 94.000000 99.000000 124.000000 136.000000 119.000000 109.000000 120.000000 131.000000 144.000000 85.000000 99.000000 114.000000 125.000000 139.000000 165.000000 144.000000 184.000000 197.000000 184.000000 132.000000 144.000000 159.000000 205.000000 193.000000 199.000000 191.000000 178.000000 176.000000 163.000000 186.000000 199.000000 135.000000 115.000000 101.000000 115.000000 63.000000 102.000000 114.000000 127.000000 146.000000 153.000000 149.000000 135.000000 218.000000 216.000000 204.000000 211.000000 213.000000 241.000000 259.000000 266.000000 242.000000 233.000000 221.000000 251.000000 267.000000 264.000000 231.000000 250.000000 245.000000 263.000000 279.000000 267.000000 279.000000 225.000000 218.000000 210.000000 197.000000 203.000000 185.000000 165.000000 157.000000 175.000000 194.000000 208.000000 213.000000 226.000000 237.000000 245.000000 263.000000 273.000000 272.000000 288.000000 301.000000 247.000000 232.000000 221.000000 214.000000 240.000000 231.000000 227.000000 222.000000 182.000000 195.000000 200.000000 240.000000 221.000000 211.000000 228.000000 242.000000 203.000000 184.000000 166.000000 191.000000 191.000000 276.000000 259.000000 189.000000 162.000000 135.000000 104.000000 138.000000 152.000000 253.000000 248.000000 111.000000 100.000000 70.000000 40.000000 83.000000 121.000000 137.000000 294.000000 258.000000 203.000000 245.000000 212.000000 183.000000 106.000000 202.000000 91.000000
128.000000 119.000000 125.000000 145.000000 165.000000 176.000000 193.000000 169.000000 189.000000 184.000000 82.000000 72.000000 86.000000 100.000000 170.000000 89.000000 60.000000 46.000000 0.000000 10.000000 19.000000 28.000000 42.000000 53.000000 75.000000 86.000000 62.000000 72.000000 59.000000 45.000000 63.000000 64.000000 41.000000 73.000000 94.000000 85.000000 49.000000 44.000000 64.000000 74.000000 86.000000 103.000000 128.000000 128.000000 111.000000 101.000000 112.000000 123.000000 136.000000 77.000000 91.000000 106.000000 117.000000 131.000000 157.000000 136.000000 176.000000 189.000000 176.000000 124.000000 136.000000 151.000000 197.000000 185.000000 191.000000 183.000000 170.000000 168.000000 155.000000 178.000000 191.000000 127.000000 107.000000 93.000000 107.000000 55.000000 94.000000 106.000000 119.000000 138.000000 145.000000 141.000000 127.000000 210.000000 208.000000 196.000000 203.000000 205.000000 233.000000 251.000000 258.000000 234.000000 225.000000 213.000000 243.000000 259.000000 256.000000 223.000000 242.000000 237.000000 255.000000 271.000000 259.000000 271.000000 217.000000 210.000000 202.000000 189.000000 195.000000 177.000000 157.000000 149.000000 167.000000 186.000000 200.000000 205.000000 218.000000 229.000000 237.000000 255.000000 265.000000 264.000000 280.000000 293.000000 239.000000 224.000000 213.000000 206.000000 250.000000 241.000000 219.000000 219.000000 174.000000 187.000000 197.000000 234.000000 231.000000 221.000000 238.000000 252.000000 213.000000 194.000000 176.000000 201.000000 201.000000 286.000000 269.000000 199.000000 172.000000 145.000000 114.000000 148.000000 162.000000 245.000000 240.000000 113.000000 93.000000 66.000000 36.000000 93.000000 131.000000 147.000000 286.000000 250.000000 195.000000 237.000000 204.000000 175.000000 98.000000 194.000000 83.000000
118.000000 109.000000 115.000000 135.000000 155.000000 166.000000 183.000000 159.000000 179.000000 174.000000 72.000000 62.000000 76.000000 90.000000 160.000000 79.000000 50.000000 36.000000 47.000000 0.000000 9.000000 18.000000 32.000000 43.000000 65.000000 76.000000 52.000000 62.000000 49.000000 35.000000 53.000000 54.000000 31.000000 63.000000 84.000000 75.000000 39.000000 34.000000 54.000000 64.000000 76.000000 93.000000 118.000000 118.000000 101.000000 91.000000 102.000000 113.000000 126.000000 67.000000 81.000000 96.000000 107.000000 121.000000 147.000000 126.000000 166.000000 179.000000 166.000000 114.000000 126.000000 141.000000 187.000000 175.000000 181.000000 173.000000 160.000000 158.000000 145.000000 168.000000 181.000000 117.000000 97.000000 83.000000 97.000000 45.000000 84.000000 96.000000 109.000000 128.000000 135.000000 131.000000 117.000000 200.000000 198.000000 186.000000 193.000000 195.000000 223.000000 241.000000 248.000000 224.000000 215.000000 203.000000 233.000000 249.000000 246.000000 213.000000 232.000000 227.000000 245.000000 261.000000 249.000000 261.000000 207.000000 200.000000 192.000000 179.000000 185.000000 167.000000 147.000000 139.000000 157.000000 176.000000 190.000000 195.000000 208.000000 219.000000 227.000000 245.000000 255.000000 254.000000 270.000000 283.000000 229.000000 214.000000 203.000000 196.000000 240.000000 231.000000 209.000000 209.000000 164.000000 177.000000 187.000000 224.000000 221.000000 211.000000 228.000000 242.000000 203.000000 184.000000 166.000000 191.000000 191.000000 276.000000 259.000000 189.000000 162.000000 135.000000 104.000000 138.000000 152.000000 235.000000 230.000000 103.000000 83.000000 56.000000 26.000000 83.000000 121.000000 137.000000 276.000000 240.000000 185.000000 227.000000 194.000000 165.000000 88.000000 184.000000 73.000000
109.000000 100.000000 106.000000 126.000000 146.000000 157.000000 174.000000 150.000000 170.000000 165.000000 63.000000 53.000000 67.000000 81.000000 151.000000 70.000000 41.000000 27.000000 38.000000 48.000000 0.000000 9.000000 23.000000 34.000000 56.000000 67.000000 43.000000 53.000000 40.000000 26.000000 44.000000 45.000000 22.000000 54.000000 75.000000 66.000000 30.000000 25.000000 45.000000 55.000000 67.000000 84.000000 109.000000 109.000000 92.000000 82.000000 93.000000 104.000000 117.000000 58.000000 72.000000 87.000000 98.000000 112.000000 138.000000 117.000000 157.000000 170.000000 157.000000 105.000000 117.000000 132.000000 178.000000 166.000000 172.000000 164.000000 151.000000 149.000000 136.000000 159.000000 172.000000 108.000000 88.000000 74.000000 88.000000 36.000000 75.000000 87.000000 100.000000 119.000000 126.000000 122.000000 108.000000 191.000000 189.000000 177.000000 184.000000 186.000000 214.000000 232.000000 239.000000 215.000000 206.000000 194.000000 224.000000 240.000000 237.000000 204.000000 223.000000 218.000000 236.000000 252.000000 240.000000 252.000000 198.000000 191.000000 183.000000 170.000000 176.000000 158.000000 138.000000 130.000000 148.000000 167.000000 181.000000 186.000000 199.000000 210.000000 218.000000 236.000000 246.000000 245.000000 261.000000 274.000000 220.000000 205.000000 194.000000 187.000000 231.000000 222.000000 200.000000 200.000000 155.000000 168.000000 178.000000 215.000000 212.000000 202.000000 219.000000 233.000000 194.000000 175.000000 157.000000 182.000000 182.000000 267.000000 250.000000 180.000000 153.000000 126.000000 95.000000 129.000000 143.000000 226.000000 221.000000 94.000000 74.000000 47.000000 17.000000 74.000000 112.000000 128.000000 267.000000 231.000000 176.000000 218.000000 185.000000 156.000000 79.000000 175.000000 64.000000
118.000000 109.000000 115.000000 135.000000 155.000000 166.000000 183.000000 141.000000 161.000000 174.000000 72.000000 62.000000 76.000000 81.000000 142.000000 61.000000 32.000000 18.000000 29.000000 39.000000 9.000000 0.000000 14.000000 25.000000 47.000000 58.000000 34.000000 44.000000 31.000000 17.000000 35.000000 40.000000 17.000000 51.000000 72.000000 75.000000 35.000000 34.000000 54.000000 64.000000 76.000000 81.000000 106.000000 118.000000 101.000000 91.000000 102.000000 113.000000 126.000000 67.000000 81.000000 96.000000 107.000000 121.000000 147.000000 126.000000 166.000000 179.000000 166.000000 114.000000 126.000000 141.000000 187.000000 175.000000 181.000000 173.000000 160.000000 158.000000 145.000000 168.000000 181.000000 117.000000 97.000000 83.000000 97.000000 45.000000 84.000000 96.000000 109.000000 128.000000 135.000000 131.000000 117.000000 200.000000 198.000000 186.000000 193.000000 195.000000 223.000000 241.000000 248.000000 224.000000 215.000000 203.000000 233.000000 249.000000 246.000000 213.000000 232.000000 227.000000 245.000000 261.000000 249.000000 261.000000 207.000000 200.000000 192.000000 179.000000 185.000000 167.000000 147.000000 139.000000 157.000000 176.000000 190.000000 195.000000 208.000000 219.000000 227.000000 245.000000 255.000000 254.000000 270.000000 283.000000 229.000000 214.000000 203.000000 196.000000 222.000000 213.000000 209.000000 204.000000 164.000000 177.000000 182.000000 222.000000 203.000000 193.000000 210.000000 224.000000 185.000000 166.000000 148.000000 173.000000 173.000000 258.000000 241.000000 171.000000 144.000000 117.000000 86.000000 120.000000 134.000000 235.000000 230.000000 93.000000 82.000000 52.000000 22.000000 65.000000 103.000000 119.000000 276.000000 240.000000 185.000000 227.000000 194.000000 165.000000 88.000000 184.000000 73.000000
132.000000 123.000000 129.000000 149.000000 169.000000 180.000000 174.000000 127.000000 147.000000 163.000000 86.000000 76.000000 90.000000 67.000000 128.000000 47.000000 18.000000 32.000000 43.000000 53.000000 23.000000 14.000000 0.000000 11.000000 33.000000 44.000000 20.000000 33.000000 45.000000 31.000000 49.000000 54.000000 31.000000 65.000000 86.000000 89.000000 49.000000 48.000000 68.000000 78.000000 90.000000 95.000000 120.000000 132.000000 115.000000 105.000000 116.000000 127.000000 140.000000 81.000000 95.000000 110.000000 121.000000 135.000000 161.000000 140.000000 180.000000 193.000000 180.000000 128.000000 140.000000 155.000000 201.000000 189.000000 195.000000 187.000000 174.000000 172.000000 159.000000 182.000000 195.000000 131.000000 111.000000 97.000000 111.000000 59.000000 98.000000 110.000000 123.000000 142.000000 149.000000 145.000000 131.000000 214.000000 212.000000 200.000000 207.000000 209.000000 237.000000 255.000000 262.000000 238.000000 229.000000 217.000000 247.000000 263.000000 260.000000 227.000000 246.000000 241.000000 259.000000 275.000000 263.000000 275.000000 221.000000 214.000000 206.000000 193.000000 199.000000 181.000000 161.000000 153.000000 171.000000 190.000000 204.000000 209.000000 222.000000 233.000000 241.000000 259.000000 269.000000 265.000000 281.000000 297.000000 240.000000 228.000000 217.000000 210.000000 208.000000 199.000000 223.000000 190.000000 178.000000 191.000000 168.000000 208.000000 189.000000 179.000000 196.000000 210.000000 171.000000 152.000000 134.000000 159.000000 159.000000 244.000000 227.000000 157.000000 130.000000 103.000000 72.000000 106.000000 120.000000 249.000000 244.000000 107.000000 96.000000 66.000000 36.000000 51.000000 89.000000 105.000000 290.000000 254.000000 199.000000 241.000000 208.000000 179.000000 102.000000 198.000000 87.000000
143.000000 134.000000 140.000000 160.000000 178.000000 189.000000 163.000000 116.000000 136.000000 152.000000 97.000000 87.000000 101.000000 56.000000 117.000000 36.000000 29.000000 43.000000 54.000000 64.000000 34.000000 25.000000 11.000000 0.000000 22.000000 33.000000 9.000000 22.000000 35.000000 42.000000 50.000000 65.000000 42.000000 76.000000 97.000000 100.000000 60.000000 59.000000 79.000000 89.000000 101.000000 106.000000 131.000000 143.000000 126.000000 116.000000 127.000000 138.000000 151.000000 92.000000 106.000000 121.000000 132.000000 146.000000 172.000000 151.000000 191.000000 204.000000 191.000000 139.000000 151.000000 166.000000 212.000000 200.000000 206.000000 198.000000 185.000000 183.000000 170.000000 193.000000 206.000000 142.000000 122.000000 108.000000 122.000000 70.000000 109.000000 121.000000 134.000000 153.000000 160.000000 156.000000 142.000000 225.000000 223.000000 211.000000 218.000000 220.000000 248.000000 266.000000 273.000000 249.000000 240.000000 228.000000 258.000000 274.000000 271.000000 238.000000 257.000000 252.000000 270.000000 286.000000 267.000000 279.000000 225.000000 225.000000 217.000000 204.000000 210.000000 192.000000 172.000000 164.000000 182.000000 194.000000 215.000000 213.000000 226.000000 237.000000 245.000000 263.000000 261.000000 254.000000 270.000000 287.000000 229.000000 232.000000 221.000000 214.000000 197.000000 188.000000 212.000000 179.000000 189.000000 202.000000 157.000000 197.000000 178.000000 168.000000 185.000000 199.000000 160.000000 141.000000 123.000000 148.000000 148.000000 233.000000 216.000000 146.000000 119.000000 92.000000 61.000000 95.000000 109.000000 260.000000 255.000000 118.000000 107.000000 77.000000 47.000000 40.000000 78.000000 94.000000 294.000000 265.000000 203.000000 252.000000 219.000000 190.000000 113.000000 207.000000 98.000000
166.000000 157.000000 151.000000 171.000000 156.000000 167.000000 141.000000 94.000000 114.000000 130.000000 132.000000 122.000000 136.000000 34.000000 95.000000 14.000000 28.000000 42.000000 53.000000 63.000000 69.000000 60.000000 60.000000 49.000000 0.000000 11.000000 40.000000 53.000000 66.000000 77.000000 81.000000 98.000000 77.000000 109.000000 130.000000 135.000000 95.000000 94.000000 114.000000 124.000000 136.000000 139.000000 164.000000 178.000000 161.000000 151.000000 162.000000 173.000000 186.000000 127.000000 141.000000 156.000000 167.000000 181.000000 207.000000 186.000000 226.000000 239.000000 226.000000 174.000000 186.000000 201.000000 247.000000 235.000000 241.000000 233.000000 220.000000 218.000000 205.000000 228.000000 241.000000 177.000000 157.000000 143.000000 157.000000 105.000000 144.000000 156.000000 169.000000 188.000000 188.000000 179.000000 177.000000 248.000000 258.000000 246.000000 253.000000 255.000000 283.000000 289.000000 296.000000 272.000000 263.000000 251.000000 281.000000 275.000000 288.000000 239.000000 258.000000 253.000000 271.000000 287.000000 245.000000 257.000000 203.000000 226.000000 240.000000 227.000000 233.000000 215.000000 195.000000 187.000000 205.000000 172.000000 214.000000 191.000000 204.000000 215.000000 223.000000 241.000000 239.000000 232.000000 248.000000 265.000000 207.000000 210.000000 199.000000 192.000000 175.000000 166.000000 190.000000 157.000000 176.000000 184.000000 135.000000 175.000000 156.000000 146.000000 163.000000 177.000000 138.000000 119.000000 101.000000 126.000000 126.000000 211.000000 194.000000 124.000000 97.000000 70.000000 39.000000 73.000000 87.000000 295.000000 278.000000 151.000000 140.000000 112.000000 82.000000 18.000000 56.000000 72.000000 272.000000 266.000000 181.000000 253.000000 242.000000 225.000000 148.000000 185.000000 133.000000
155.000000 146.000000 140.000000 160.000000 145.000000 156.000000 130.000000 83.000000 103.000000 119.000000 128.000000 125.000000 139.000000 89.000000 84.000000 74.000000 67.000000 81.000000 92.000000 102.000000 72.000000 63.000000 49.000000 38.000000 60.000000 0.000000 29.000000 42.000000 55.000000 69.000000 70.000000 87.000000 80.000000 98.000000 119.000000 131.000000 98.000000 97.000000 117.000000 127.000000 136.000000 128.000000 153.000000 178.000000 161.000000 151.000000 162.000000 173.000000 186.000000 130.000000 144.000000 159.000000 170.000000 184.000000 207.000000 186.000000 226.000000 239.000000 226.000000 177.000000 189.000000 204.000000 247.000000 238.000000 241.000000 236.000000 223.000000 221.000000 208.000000 231.000000 244.000000 180.000000 160.000000 146.000000 156.000000 108.000000 140.000000 159.000000 172.000000 184.000000 177.000000 168.000000 180.000000 237.000000 249.000000 249.000000 256.000000 258.000000 286.000000 278.000000 285.000000 261.000000 252.000000 240.000000 270.000000 264.000000 277.000000 228.000000 247.000000 242.000000 260.000000 276.000000 234.000000 246.000000 192.000000 215.000000 229.000000 216.000000 222.000000 204.000000 184.000000 176.000000 194.000000 161.000000 203.000000 180.000000 193.000000 204.000000 212.000000 230.000000 228.000000 221.000000 237.000000 254.000000 196.000000 199.000000 188.000000 181.000000 164.000000 155.000000 179.000000 146.000000 165.000000 173.000000 124.000000 164.000000 145.000000 135.000000 152.000000 166.000000 127.000000 108.000000 90.000000 115.000000 115.000000 200.000000 183.000000 113.000000 86.000000 59.000000 28.000000 62.000000 76.000000 298.000000 267.000000 140.000000 129.000000 115.000000 85.000000 78.000000 45.000000 61.000000 261.000000 255.000000 170.000000 242.000000 231.000000 228.000000 151.000000 174.000000 136.000000
152.000000 143.000000 149.000000 169.000000 174.000000 185.000000 159.000000 112.000000 132.000000 148.000000 106.000000 96.000000 110.000000 65.000000 113.000000 45.000000 38.000000 52.000000 63.000000 73.000000 43.000000 34.000000 20.000000 9.000000 31.000000 29.000000 0.000000 13.000000 26.000000 40.000000 41.000000 58.000000 51.000000 69.000000 90.000000 102.000000 69.000000 68.000000 88.000000 98.000000 107.000000 99.000000 124.000000 149.000000 132.000000 122.000000 133.000000 144.000000 157.000000 101.000000 115.000000 130.000000 141.000000 155.000000 178.000000 157.000000 197.000000 210.000000 197.000000 148.000000 160.000000 175.000000 218.000000 209.000000 212.000000 207.000000 194.000000 192.000000 179.000000 202.000000 215.000000 151.000000 131.000000 117.000000 131.000000 79.000000 118.000000 130.000000 143.000000 162.000000 169.000000 165.000000 151.000000 234.000000 232.000000 220.000000 227.000000 229.000000 257.000000 275.000000 282.000000 258.000000 249.000000 237.000000 267.000000 283.000000 280.000000 247.000000 266.000000 261.000000 279.000000 295.000000 263.000000 275.000000 221.000000 234.000000 226.000000 213.000000 219.000000 201.000000 181.000000 173.000000 191.000000 190.000000 224.000000 209.000000 222.000000 233.000000 241.000000 259.000000 257.000000 250.000000 266.000000 283.000000 225.000000 228.000000 217.000000 210.000000 193.000000 184.000000 208.000000 175.000000 194.000000 202.000000 153.000000 193.000000 174.000000 164.000000 181.000000 195.000000 156.000000 137.000000 119.000000 144.000000 144.000000 229.000000 212.000000 142.000000 115.000000 88.000000 57.000000 91.000000 105.000000 269.000000 264.000000 111.000000 100.000000 86.000000 56.000000 49.000000 74.000000 90.000000 290.000000 274.000000 199.000000 261.000000 228.000000 199.000000 122.000000 203.000000 107.000000
162.000000 153.000000 159.000000 179.000000 187.000000 198.000000 172.000000 125.000000 145.000000 161.000000 116.000000 106.000000 120.000000 78.000000 126.000000 58.000000 51.000000 62.000000 73.000000 83.000000 53.000000 44.000000 33.000000 22.000000 44.000000 42.000000 13.000000 0.000000 13.000000 27.000000 28.000000 45.000000 61.000000 56.000000 77.000000 89.000000 79.000000 78.000000 98.000000 106.000000 94.000000 86.000000 111.000000 136.000000 119.000000 109.000000 120.000000 131.000000 144.000000 111.000000 125.000000 140.000000 147.000000 161.000000 165.000000 144.000000 184.000000 197.000000 184.000000 158.000000 170.000000 185.000000 205.000000 219.000000 199.000000 217.000000 204.000000 202.000000 189.000000 212.000000 225.000000 161.000000 141.000000 127.000000 141.000000 89.000000 128.000000 140.000000 153.000000 172.000000 179.000000 175.000000 161.000000 244.000000 242.000000 230.000000 237.000000 239.000000 267.000000 285.000000 292.000000 268.000000 259.000000 247.000000 277.000000 293.000000 290.000000 257.000000 276.000000 271.000000 289.000000 305.000000 276.000000 288.000000 234.000000 244.000000 236.000000 223.000000 229.000000 211.000000 191.000000 183.000000 201.000000 203.000000 234.000000 222.000000 235.000000 246.000000 254.000000 272.000000 270.000000 263.000000 279.000000 296.000000 238.000000 241.000000 230.000000 223.000000 206.000000 197.000000 221.000000 188.000000 207.000000 215.000000 166.000000 206.000000 187.000000 177.000000 194.000000 208.000000 169.000000 150.000000 132.000000 157.000000 157.000000 242.000000 225.000000 155.000000 128.000000 101.000000 70.000000 104.000000 118.000000 279.000000 274.000000 98.000000 87.000000 96.000000 66.000000 62.000000 87.000000 103.000000 303.000000 284.000000 212.000000 271.000000 238.000000 209.000000 132.000000 216.000000 117.000000
149.000000 140.000000 146.000000 166.000000 186.000000 197.000000 185.000000 138.000000 158.000000 174.000000 103.000000 93.000000 107.000000 78.000000 139.000000 58.000000 43.000000 49.000000 60.000000 70.000000 40.000000 31.000000 25.000000 22.000000 44.000000 55.000000 26.000000 13.000000 0.000000 14.000000 15.000000 32.000000 48.000000 43.000000 64.000000 76.000000 66.000000 65.000000 85.000000 93.000000 81.000000 73.000000 98.000000 123.000000 106.000000 96.000000 107.000000 118.000000 131.000000 98.000000 112.000000 127.000000 134.000000 148.000000 152.000000 131.000000 171.000000 184.000000 171.000000 145.000000 157.000000 172.000000 192.000000 206.000000 186.000000 204.000000 191.000000 189.000000 176.000000 199.000000 212.000000 148.000000 128.000000 114.000000 128.000000 76.000000 115.000000 127.000000 140.000000 159.000000 166.000000 162.000000 148.000000 231.000000 229.000000 217.000000 224.000000 226.000000 254.000000 272.000000 279.000000 255.000000 246.000000 234.000000 264.000000 280.000000 277.000000 244.000000 263.000000 258.000000 276.000000 292.000000 280.000000 292.000000 238.000000 231.000000 223.000000 210.000000 216.000000 198.000000 178.000000 170.000000 188.000000 207.000000 221.000000 226.000000 239.000000 250.000000 258.000000 276.000000 283.000000 276.000000 292.000000 309.000000 251.000000 245.000000 234.000000 227.000000 219.000000 210.000000 234.000000 201.000000 195.000000 208.000000 179.000000 219.000000 200.000000 190.000000 207.000000 221.000000 182.000000 163.000000 145.000000 170.000000 170.000000 255.000000 238.000000 168.000000 141.000000 114.000000 83.000000 117.000000 131.000000 266.000000 261.000000 85.000000 74.000000 83.000000 53.000000 62.000000 100.000000 116.000000 307.000000 271.000000 216.000000 258.000000 225.000000 196.000000 119.000000 215.000000 104.000000
135.000000 126.000000 132.000000 152.000000 172.000000 183.000000 185.000000 138.000000 158.000000 174.000000 89.000000 79.000000 93.000000 78.000000 139.000000 58.000000 29.000000 35.000000 46.000000 56.000000 26.000000 17.000000 11.000000 22.000000 44.000000 55.000000 31.000000 27.000000 14.000000 0.000000 18.000000 35.000000 34.000000 46.000000 67.000000 79.000000 52.000000 51.000000 71.000000 81.000000 84.000000 76.000000 101.000000 126.000000 109.000000 99.000000 110.000000 121.000000 134.000000 84.000000 98.000000 113.000000 124.000000 138.000000 155.000000 134.000000 174.000000 187.000000 174.000000 131.000000 143.000000 158.000000 195.000000 192.000000 189.000000 190.000000 177.000000 175.000000 162.000000 185.000000 198.000000 134.000000 114.000000 100.000000 114.000000 62.000000 101.000000 113.000000 126.000000 145.000000 152.000000 148.000000 134.000000 217.000000 215.000000 203.000000 210.000000 212.000000 240.000000 258.000000 265.000000 241.000000 232.000000 220.000000 250.000000 266.000000 263.000000 230.000000 249.000000 244.000000 262.000000 278.000000 266.000000 278.000000 224.000000 217.000000 209.000000 196.000000 202.000000 184.000000 164.000000 156.000000 174.000000 193.000000 207.000000 212.000000 225.000000 236.000000 244.000000 262.000000 272.000000 271.000000 287.000000 300.000000 246.000000 231.000000 220.000000 213.000000 219.000000 210.000000 226.000000 201.000000 181.000000 194.000000 179.000000 219.000000 200.000000 190.000000 207.000000 221.000000 182.000000 163.000000 145.000000 170.000000 170.000000 255.000000 238.000000 168.000000 141.000000 114.000000 83.000000 117.000000 131.000000 252.000000 247.000000 88.000000 77.000000 69.000000 39.000000 62.000000 100.000000 116.000000 293.000000 257.000000 202.000000 244.000000 211.000000 182.000000 105.000000 201.000000 90.000000
164.000000 155.000000 161.000000 181.000000 201.000000 212.000000 200.000000 153.000000 173.000000 189.000000 118.000000 108.000000 122.000000 93.000000 154.000000 73.000000 58.000000 64.000000 75.000000 85.000000 55.000000 46.000000 40.000000 37.000000 59.000000 70.000000 41.000000 28.000000 15.000000 29.000000 0.000000 17.000000 40.000000 28.000000 49.000000 61.000000 58.000000 80.000000 88.000000 78.000000 66.000000 58.000000 83.000000 108.000000 91.000000 81.000000 92.000000 103.000000 116.000000 113.000000 127.000000 127.000000 119.000000 133.000000 137.000000 116.000000 156.000000 169.000000 156.000000 145.000000 157.000000 172.000000 177.000000 202.000000 171.000000 203.000000 191.000000 189.000000 176.000000 199.000000 212.000000 163.000000 143.000000 129.000000 143.000000 91.000000 130.000000 142.000000 155.000000 174.000000 181.000000 177.000000 163.000000 239.000000 229.000000 217.000000 224.000000 226.000000 253.000000 271.000000 278.000000 257.000000 248.000000 241.000000 266.000000 295.000000 279.000000 259.000000 278.000000 273.000000 291.000000 307.000000 295.000000 307.000000 253.000000 246.000000 238.000000 225.000000 231.000000 213.000000 193.000000 185.000000 203.000000 222.000000 236.000000 241.000000 254.000000 265.000000 273.000000 291.000000 298.000000 291.000000 307.000000 324.000000 266.000000 260.000000 249.000000 242.000000 234.000000 225.000000 249.000000 216.000000 210.000000 223.000000 194.000000 234.000000 215.000000 205.000000 222.000000 236.000000 197.000000 178.000000 160.000000 185.000000 185.000000 270.000000 253.000000 183.000000 156.000000 129.000000 98.000000 132.000000 146.000000 265.000000 263.000000 70.000000 59.000000 75.000000 45.000000 77.000000 115.000000 131.000000 322.000000 286.000000 231.000000 273.000000 240.000000 196.000000 134.000000 230.000000 119.000000
154.000000 145.000000 151.000000 171.000000 191.000000 202.000000 217.000000 170.000000 190.000000 206.000000 108.000000 98.000000 112.000000 110.000000 171.000000 90.000000 72.000000 58.000000 69.000000 79.000000 49.000000 40.000000 54.000000 54.000000 76.000000 87.000000 58.000000 45.000000 32.000000 46.000000 17.000000 0.000000 23.000000 11.000000 32.000000 44.000000 41.000000 70.000000 71.000000 61.000000 49.000000 41.000000 66.000000 91.000000 74.000000 64.000000 75.000000 86.000000 99.000000 103.000000 117.000000 110.000000 102.000000 116.000000 120.000000 99.000000 139.000000 152.000000 139.000000 128.000000 140.000000 155.000000 160.000000 185.000000 154.000000 186.000000 174.000000 172.000000 159.000000 182.000000 195.000000 153.000000 133.000000 119.000000 133.000000 81.000000 120.000000 132.000000 145.000000 164.000000 171.000000 167.000000 153.000000 222.000000 212.000000 200.000000 207.000000 209.000000 236.000000 254.000000 261.000000 240.000000 231.000000 224.000000 249.000000 285.000000 262.000000 249.000000 268.000000 263.000000 281.000000 297.000000 285.000000 297.000000 243.000000 236.000000 228.000000 215.000000 221.000000 203.000000 183.000000 175.000000 193.000000 212.000000 226.000000 231.000000 244.000000 255.000000 263.000000 281.000000 291.000000 290.000000 306.000000 319.000000 265.000000 250.000000 239.000000 232.000000 251.000000 242.000000 245.000000 233.000000 200.000000 213.000000 211.000000 251.000000 232.000000 222.000000 239.000000 253.000000 214.000000 195.000000 177.000000 202.000000 202.000000 287.000000 270.000000 200.000000 173.000000 146.000000 115.000000 149.000000 163.000000 248.000000 246.000000 53.000000 42.000000 58.000000 28.000000 94.000000 132.000000 148.000000 312.000000 276.000000 221.000000 263.000000 230.000000 179.000000 124.000000 220.000000 109.000000
131.000000 122.000000 128.000000 148.000000 168.000000 179.000000 196.000000 158.000000 178.000000 187.000000 85.000000 75.000000 89.000000 98.000000 159.000000 78.000000 49.000000 35.000000 46.000000 56.000000 26.000000 17.000000 31.000000 42.000000 64.000000 75.000000 51.000000 61.000000 48.000000 34.000000 40.000000 23.000000 0.000000 34.000000 55.000000 67.000000 18.000000 47.000000 67.000000 77.000000 72.000000 64.000000 89.000000 114.000000 97.000000 87.000000 98.000000 109.000000 122.000000 80.000000 94.000000 109.000000 120.000000 134.000000 143.000000 122.000000 162.000000 175.000000 162.000000 127.000000 139.000000 154.000000 183.000000 188.000000 177.000000 186.000000 173.000000 171.000000 158.000000 181.000000 194.000000 130.000000 110.000000 96.000000 110.000000 58.000000 97.000000 109.000000 122.000000 141.000000 148.000000 144.000000 130.000000 213.000000 211.000000 199.000000 206.000000 208.000000 236.000000 254.000000 261.000000 237.000000 228.000000 216.000000 246.000000 262.000000 259.000000 226.000000 245.000000 240.000000 258.000000 274.000000 262.000000 274.000000 220.000000 213.000000 205.000000 192.000000 198.000000 180.000000 160.000000 152.000000 170.000000 189.000000 203.000000 208.000000 221.000000 232.000000 240.000000 258.000000 268.000000 267.000000 283.000000 296.000000 242.000000 227.000000 216.000000 209.000000 239.000000 230.000000 222.000000 221.000000 177.000000 190.000000 199.000000 237.000000 220.000000 210.000000 227.000000 241.000000 202.000000 183.000000 165.000000 190.000000 190.000000 275.000000 258.000000 188.000000 161.000000 134.000000 103.000000 137.000000 151.000000 248.000000 243.000000 76.000000 65.000000 35.000000 5.000000 82.000000 120.000000 136.000000 289.000000 253.000000 198.000000 240.000000 207.000000 178.000000 101.000000 197.000000 86.000000
152.000000 143.000000 149.000000 169.000000 189.000000 200.000000 217.000000 181.000000 201.000000 208.000000 113.000000 103.000000 117.000000 121.000000 182.000000 101.000000 83.000000 69.000000 80.000000 90.000000 60.000000 51.000000 65.000000 65.000000 87.000000 98.000000 69.000000 56.000000 43.000000 57.000000 28.000000 11.000000 34.000000 0.000000 21.000000 33.000000 46.000000 75.000000 60.000000 50.000000 38.000000 30.000000 55.000000 80.000000 63.000000 53.000000 64.000000 75.000000 88.000000 101.000000 115.000000 99.000000 91.000000 105.000000 109.000000 88.000000 128.000000 141.000000 128.000000 117.000000 129.000000 144.000000 149.000000 174.000000 143.000000 175.000000 163.000000 161.000000 148.000000 171.000000 184.000000 151.000000 131.000000 117.000000 131.000000 86.000000 125.000000 130.000000 143.000000 162.000000 169.000000 165.000000 151.000000 211.000000 201.000000 189.000000 196.000000 198.000000 225.000000 243.000000 250.000000 229.000000 220.000000 213.000000 238.000000 283.000000 251.000000 247.000000 266.000000 261.000000 279.000000 295.000000 283.000000 295.000000 241.000000 234.000000 226.000000 213.000000 219.000000 201.000000 181.000000 173.000000 191.000000 210.000000 224.000000 229.000000 242.000000 253.000000 261.000000 279.000000 289.000000 288.000000 304.000000 317.000000 263.000000 248.000000 237.000000 230.000000 262.000000 253.000000 243.000000 243.000000 198.000000 211.000000 221.000000 258.000000 243.000000 233.000000 250.000000 264.000000 225.000000 206.000000 188.000000 213.000000 213.000000 298.000000 281.000000 211.000000 184.000000 157.000000 126.000000 160.000000 174.000000 237.000000 235.000000 42.000000 31.000000 48.000000 39.000000 105.000000 143.000000 159.000000 310.000000 274.000000 219.000000 261.000000 222.000000 168.000000 122.000000 218.000000 107.000000
131.000000 122.000000 128.000000 148.000000 168.000000 179.000000 196.000000 184.000000 204.000000 187.000000 92.000000 82.000000 96.000000 110.000000 203.000000 122.000000 104.000000 90.000000 100.000000 88.000000 79.000000 72.000000 86.000000 86.000000 108.000000 119.000000 90.000000 77.000000 64.000000 78.000000 49.000000 32.000000 55.000000 21.000000 0.000000 12.000000 25.000000 54.000000 39.000000 29.000000 17.000000 23.000000 48.000000 59.000000 42.000000 32.000000 43.000000 54.000000 67.000000 80.000000 94.000000 78.000000 70.000000 84.000000 88.000000 67.000000 107.000000 120.000000 107.000000 96.000000 108.000000 123.000000 128.000000 153.000000 122.000000 154.000000 142.000000 140.000000 127.000000 150.000000 163.000000 130.000000 110.000000 96.000000 110.000000 65.000000 104.000000 109.000000 122.000000 141.000000 148.000000 144.000000 130.000000 190.000000 180.000000 168.000000 175.000000 177.000000 204.000000 222.000000 229.000000 208.000000 199.000000 192.000000 217.000000 262.000000 230.000000 226.000000 245.000000 240.000000 258.000000 274.000000 262.000000 274.000000 220.000000 213.000000 205.000000 192.000000 198.000000 180.000000 160.000000 152.000000 170.000000 189.000000 203.000000 208.000000 221.000000 232.000000 240.000000 258.000000 268.000000 267.000000 283.000000 296.000000 242.000000 227.000000 216.000000 209.000000 271.000000 262.000000 222.000000 222.000000 177.000000 190.000000 200.000000 237.000000 259.000000 254.000000 249.000000 263.000000 246.000000 216.000000 209.000000 234.000000 234.000000 307.000000 290.000000 232.000000 205.000000 178.000000 147.000000 181.000000 195.000000 216.000000 214.000000 30.000000 10.000000 27.000000 60.000000 126.000000 164.000000 180.000000 289.000000 253.000000 198.000000 240.000000 201.000000 147.000000 101.000000 197.000000 86.000000
126.000000 117.000000 123.000000 143.000000 163.000000 174.000000 191.000000 179.000000 199.000000 182.000000 80.000000 70.000000 84.000000 98.000000 204.000000 123.000000 105.000000 91.000000 88.000000 76.000000 67.000000 73.000000 87.000000 87.000000 109.000000 120.000000 91.000000 78.000000 65.000000 79.000000 50.000000 33.000000 56.000000 22.000000 12.000000 0.000000 13.000000 42.000000 51.000000 41.000000 29.000000 35.000000 60.000000 71.000000 54.000000 44.000000 55.000000 66.000000 79.000000 75.000000 89.000000 90.000000 82.000000 96.000000 100.000000 79.000000 119.000000 132.000000 119.000000 108.000000 120.000000 135.000000 140.000000 165.000000 134.000000 166.000000 154.000000 152.000000 139.000000 162.000000 175.000000 125.000000 105.000000 91.000000 105.000000 53.000000 92.000000 104.000000 117.000000 136.000000 143.000000 139.000000 125.000000 202.000000 192.000000 180.000000 187.000000 189.000000 216.000000 234.000000 241.000000 220.000000 211.000000 204.000000 229.000000 257.000000 242.000000 221.000000 240.000000 235.000000 253.000000 269.000000 257.000000 269.000000 215.000000 208.000000 200.000000 187.000000 193.000000 175.000000 155.000000 147.000000 165.000000 184.000000 198.000000 203.000000 216.000000 227.000000 235.000000 253.000000 263.000000 262.000000 278.000000 291.000000 237.000000 222.000000 211.000000 204.000000 266.000000 257.000000 217.000000 217.000000 172.000000 185.000000 195.000000 232.000000 254.000000 255.000000 244.000000 258.000000 247.000000 211.000000 210.000000 235.000000 235.000000 302.000000 285.000000 233.000000 206.000000 179.000000 148.000000 182.000000 196.000000 228.000000 226.000000 42.000000 22.000000 15.000000 61.000000 127.000000 165.000000 181.000000 284.000000 248.000000 193.000000 235.000000 202.000000 159.000000 96.000000 192.000000 81.000000
113.000000 104.000000 110.000000 130.000000 150.000000 161.000000 178.000000 166.000000 186.000000 169.000000 67.000000 57.000000 71.000000 85.000000 192.000000 111.000000 93.000000 79.000000 75.000000 63.000000 54.000000 61.000000 75.000000 75.000000 97.000000 108.000000 79.000000 66.000000 53.000000 67.000000 38.000000 21.000000 44.000000 24.000000 45.000000 57.000000 0.000000 29.000000 49.000000 59.000000 62.000000 54.000000 79.000000 104.000000 87.000000 77.000000 88.000000 99.000000 112.000000 62.000000 76.000000 91.000000 102.000000 116.000000 133.000000 112.000000 152.000000 165.000000 152.000000 109.000000 121.000000 136.000000 173.000000 170.000000 167.000000 168.000000 155.000000 153.000000 140.000000 163.000000 176.000000 112.000000 92.000000 78.000000 92.000000 40.000000 79.000000 91.000000 104.000000 123.000000 130.000000 126.000000 112.000000 195.000000 193.000000 181.000000 188.000000 190.000000 218.000000 236.000000 243.000000 219.000000 210.000000 198.000000 228.000000 244.000000 241.000000 208.000000 227.000000 222.000000 240.000000 256.000000 244.000000 256.000000 202.000000 195.000000 187.000000 174.000000 180.000000 162.000000 142.000000 134.000000 152.000000 171.000000 185.000000 190.000000 203.000000 214.000000 222.000000 240.000000 250.000000 249.000000 265.000000 278.000000 224.000000 209.000000 198.000000 191.000000 253.000000 244.000000 204.000000 204.000000 159.000000 172.000000 182.000000 219.000000 241.000000 243.000000 231.000000 245.000000 235.000000 198.000000 197.000000 222.000000 223.000000 289.000000 272.000000 221.000000 194.000000 167.000000 136.000000 170.000000 184.000000 230.000000 225.000000 66.000000 55.000000 17.000000 49.000000 115.000000 153.000000 169.000000 271.000000 235.000000 180.000000 222.000000 189.000000 160.000000 83.000000 179.000000 68.000000
84.000000 75.000000 81.000000 101.000000 121.000000 132.000000 149.000000 137.000000 157.000000 140.000000 38.000000 28.000000 42.000000 56.000000 176.000000 95.000000 66.000000 52.000000 46.000000 34.000000 25.000000 34.000000 48.000000 59.000000 81.000000 92.000000 68.000000 78.000000 65.000000 51.000000 69.000000 70.000000 47.000000 63.000000 53.000000 41.000000 54.000000 0.000000 20.000000 30.000000 42.000000 76.000000 101.000000 84.000000 67.000000 57.000000 68.000000 79.000000 92.000000 33.000000 47.000000 62.000000 73.000000 87.000000 113.000000 92.000000 132.000000 145.000000 132.000000 80.000000 92.000000 107.000000 153.000000 141.000000 147.000000 139.000000 126.000000 124.000000 111.000000 134.000000 147.000000 83.000000 63.000000 49.000000 63.000000 11.000000 50.000000 62.000000 75.000000 94.000000 101.000000 97.000000 83.000000 166.000000 164.000000 152.000000 159.000000 161.000000 189.000000 207.000000 214.000000 190.000000 181.000000 169.000000 199.000000 215.000000 212.000000 179.000000 198.000000 193.000000 211.000000 227.000000 215.000000 227.000000 173.000000 166.000000 158.000000 145.000000 151.000000 133.000000 113.000000 105.000000 123.000000 142.000000 156.000000 161.000000 174.000000 185.000000 193.000000 211.000000 221.000000 220.000000 236.000000 249.000000 195.000000 180.000000 169.000000 162.000000 224.000000 215.000000 175.000000 175.000000 130.000000 143.000000 153.000000 190.000000 212.000000 222.000000 202.000000 216.000000 216.000000 169.000000 168.000000 193.000000 204.000000 260.000000 243.000000 205.000000 178.000000 151.000000 120.000000 154.000000 168.000000 201.000000 196.000000 69.000000 49.000000 56.000000 42.000000 99.000000 137.000000 153.000000 242.000000 206.000000 151.000000 193.000000 160.000000 131.000000 54.000000 150.000000 39.000000
104.000000 95.000000 101.000000 121.000000 141.000000 152.000000 169.000000 157.000000 177.000000 160.000000 58.000000 48.000000 62.000000 76.000000 196.000000 115.000000 86.000000 72.000000 66.000000 54.000000 45.000000 54.000000 68.000000 79.000000 101.000000 112.000000 88.000000 98.000000 85.000000 71.000000 71.000000 54.000000 67.000000 43.000000 33.000000 21.000000 34.000000 20.000000 0.000000 10.000000 22.000000 56.000000 81.000000 64.000000 47.000000 37.000000 48.000000 59.000000 72.000000 53.000000 67.000000 82.000000 75.000000 89.000000 93.000000 72.000000 112.000000 125.000000 112.000000 100.000000 112.000000 127.000000 133.000000 158.000000 127.000000 159.000000 146.000000 144.000000 131.000000 154.000000 167.000000 103.000000 83.000000 69.000000 83.000000 31.000000 70.000000 82.000000 95.000000 114.000000 121.000000 117.000000 103.000000 186.000000 184.000000 172.000000 179.000000 181.000000 209.000000 227.000000 234.000000 210.000000 201.000000 189.000000 219.000000 235.000000 232.000000 199.000000 218.000000 213.000000 231.000000 247.000000 235.000000 247.000000 193.000000 186.000000 178.000000 165.000000 171.000000 153.000000 133.000000 125.000000 143.000000 162.000000 176.000000 181.000000 194.000000 205.000000 213.000000 231.000000 241.000000 240.000000 256.000000 269.000000 215.000000 200.000000 189.000000 182.000000 244.000000 235.000000 195.000000 195.000000 150.000000 163.000000 173.000000 210.000000 232.000000 242.000000 222.000000 236.000000 236.000000 189.000000 188.000000 213.000000 224.000000 280.000000 263.000000 225.000000 198.000000 171.000000 140.000000 174.000000 188.000000 221.000000 216.000000 49.000000 29.000000 36.000000 62.000000 119.000000 157.000000 173.000000 262.000000 226.000000 171.000000 213.000000 180.000000 151.000000 74.000000 170.000000 59.000000
114.000000 105.000000 111.000000 131.000000 151.000000 162.000000 179.000000 167.000000 187.000000 170.000000 68.000000 58.000000 72.000000 86.000000 206.000000 125.000000 96.000000 82.000000 76.000000 64.000000 55.000000 64.000000 78.000000 89.000000 111.000000 122.000000 98.000000 106.000000 93.000000 81.000000 78.000000 61.000000 77.000000 50.000000 29.000000 31.000000 44.000000 30.000000 10.000000 0.000000 12.000000 51.000000 76.000000 54.000000 37.000000 27.000000 38.000000 49.000000 62.000000 63.000000 77.000000 73.000000 65.000000 79.000000 83.000000 62.000000 102.000000 115.000000 102.000000 91.000000 103.000000 118.000000 123.000000 148.000000 117.000000 149.000000 137.000000 135.000000 122.000000 145.000000 158.000000 113.000000 93.000000 79.000000 93.000000 41.000000 80.000000 92.000000 105.000000 124.000000 131.000000 127.000000 113.000000 185.000000 175.000000 163.000000 170.000000 172.000000 199.000000 217.000000 224.000000 203.000000 194.000000 187.000000 212.000000 245.000000 225.000000 209.000000 228.000000 223.000000 241.000000 257.000000 245.000000 257.000000 203.000000 196.000000 188.000000 175.000000 181.000000 163.000000 143.000000 135.000000 153.000000 172.000000 186.000000 191.000000 204.000000 215.000000 223.000000 241.000000 251.000000 250.000000 266.000000 279.000000 225.000000 210.000000 199.000000 192.000000 254.000000 245.000000 205.000000 205.000000 160.000000 173.000000 183.000000 220.000000 242.000000 252.000000 232.000000 246.000000 246.000000 199.000000 198.000000 223.000000 234.000000 290.000000 273.000000 235.000000 208.000000 181.000000 150.000000 184.000000 198.000000 211.000000 209.000000 39.000000 19.000000 46.000000 72.000000 129.000000 167.000000 183.000000 272.000000 236.000000 181.000000 223.000000 190.000000 142.000000 84.000000 180.000000 69.000000
114.000000 105.000000 111.000000 131.000000 151.000000 162.000000 179.000000 167.000000 187.000000 170.000000 80.000000 70.000000 84.000000 98.000000 207.000000 137.000000 108.000000 94.000000 88.000000 76.000000 67.000000 76.000000 90.000000 101.000000 123.000000 134.000000 107.000000 94.000000 81.000000 93.000000 66.000000 49.000000 72.000000 38.000000 17.000000 29.000000 42.000000 42.000000 22.000000 12.000000 0.000000 39.000000 64.000000 42.000000 25.000000 15.000000 26.000000 37.000000 50.000000 63.000000 77.000000 61.000000 53.000000 67.000000 71.000000 50.000000 90.000000 103.000000 90.000000 79.000000 91.000000 106.000000 111.000000 136.000000 105.000000 137.000000 125.000000 123.000000 110.000000 133.000000 146.000000 113.000000 93.000000 79.000000 93.000000 53.000000 92.000000 92.000000 105.000000 124.000000 131.000000 127.000000 113.000000 173.000000 163.000000 151.000000 158.000000 160.000000 187.000000 205.000000 212.000000 191.000000 182.000000 175.000000 200.000000 245.000000 213.000000 209.000000 228.000000 223.000000 241.000000 257.000000 245.000000 257.000000 203.000000 196.000000 188.000000 175.000000 181.000000 163.000000 143.000000 135.000000 153.000000 172.000000 186.000000 191.000000 204.000000 215.000000 223.000000 241.000000 251.000000 250.000000 266.000000 279.000000 225.000000 210.000000 199.000000 192.000000 254.000000 245.000000 205.000000 205.000000 160.000000 173.000000 183.000000 220.000000 242.000000 252.000000 232.000000 246.000000 246.000000 199.000000 198.000000 223.000000 234.000000 290.000000 273.000000 240.000000 220.000000 193.000000 162.000000 196.000000 203.000000 199.000000 197.000000 27.000000 7.000000 44.000000 77.000000 141.000000 179.000000 195.000000 272.000000 236.000000 181.000000 223.000000 184.000000 130.000000 84.000000 180.000000 69.000000
153.000000 144.000000 150.000000 170.000000 190.000000 201.000000 218.000000 206.000000 226.000000 209.000000 115.000000 105.000000 119.000000 133.000000 212.000000 131.000000 113.000000 99.000000 110.000000 111.000000 90.000000 81.000000 95.000000 95.000000 117.000000 128.000000 99.000000 86.000000 73.000000 87.000000 58.000000 41.000000 64.000000 30.000000 23.000000 35.000000 48.000000 77.000000 61.000000 51.000000 39.000000 0.000000 25.000000 81.000000 64.000000 54.000000 65.000000 76.000000 89.000000 102.000000 116.000000 100.000000 92.000000 94.000000 85.000000 64.000000 104.000000 117.000000 104.000000 113.000000 125.000000 140.000000 125.000000 150.000000 119.000000 151.000000 159.000000 157.000000 144.000000 167.000000 180.000000 152.000000 132.000000 118.000000 132.000000 88.000000 127.000000 131.000000 144.000000 163.000000 170.000000 166.000000 152.000000 207.000000 197.000000 185.000000 192.000000 194.000000 201.000000 219.000000 226.000000 225.000000 216.000000 209.000000 234.000000 282.000000 247.000000 248.000000 265.000000 262.000000 280.000000 296.000000 284.000000 296.000000 242.000000 235.000000 227.000000 214.000000 220.000000 202.000000 182.000000 174.000000 192.000000 211.000000 225.000000 230.000000 243.000000 254.000000 262.000000 280.000000 290.000000 289.000000 305.000000 318.000000 264.000000 249.000000 238.000000 231.000000 292.000000 283.000000 244.000000 244.000000 199.000000 212.000000 222.000000 259.000000 273.000000 263.000000 271.000000 285.000000 255.000000 236.000000 218.000000 243.000000 243.000000 328.000000 311.000000 241.000000 214.000000 187.000000 156.000000 190.000000 204.000000 213.000000 231.000000 12.000000 32.000000 50.000000 69.000000 135.000000 173.000000 189.000000 311.000000 275.000000 220.000000 262.000000 218.000000 164.000000 123.000000 219.000000 108.000000
133.000000 124.000000 130.000000 150.000000 170.000000 181.000000 198.000000 186.000000 206.000000 189.000000 129.000000 119.000000 133.000000 147.000000 226.000000 156.000000 138.000000 124.000000 135.000000 125.000000 115.000000 106.000000 120.000000 120.000000 142.000000 153.000000 124.000000 111.000000 98.000000 112.000000 83.000000 66.000000 89.000000 55.000000 48.000000 60.000000 73.000000 91.000000 71.000000 61.000000 49.000000 25.000000 0.000000 61.000000 44.000000 34.000000 45.000000 56.000000 69.000000 82.000000 96.000000 80.000000 72.000000 69.000000 60.000000 39.000000 79.000000 92.000000 79.000000 88.000000 100.000000 115.000000 100.000000 125.000000 94.000000 126.000000 134.000000 132.000000 119.000000 142.000000 155.000000 132.000000 112.000000 98.000000 112.000000 102.000000 141.000000 111.000000 124.000000 143.000000 150.000000 146.000000 132.000000 182.000000 172.000000 160.000000 167.000000 169.000000 176.000000 194.000000 201.000000 200.000000 191.000000 184.000000 209.000000 257.000000 222.000000 228.000000 240.000000 242.000000 260.000000 276.000000 264.000000 276.000000 222.000000 215.000000 207.000000 194.000000 200.000000 182.000000 162.000000 154.000000 172.000000 191.000000 205.000000 210.000000 223.000000 234.000000 242.000000 260.000000 270.000000 269.000000 285.000000 298.000000 244.000000 229.000000 218.000000 211.000000 273.000000 264.000000 224.000000 224.000000 179.000000 192.000000 202.000000 239.000000 261.000000 271.000000 251.000000 265.000000 265.000000 218.000000 217.000000 242.000000 253.000000 309.000000 292.000000 259.000000 239.000000 212.000000 181.000000 215.000000 222.000000 188.000000 206.000000 37.000000 56.000000 75.000000 94.000000 160.000000 198.000000 214.000000 291.000000 255.000000 200.000000 242.000000 193.000000 139.000000 103.000000 199.000000 88.000000
129.000000 120.000000 126.000000 146.000000 166.000000 177.000000 194.000000 182.000000 202.000000 185.000000 125.000000 115.000000 129.000000 143.000000 222.000000 182.000000 153.000000 139.000000 133.000000 121.000000 112.000000 121.000000 135.000000 146.000000 168.000000 179.000000 152.000000 139.000000 126.000000 138.000000 111.000000 94.000000 117.000000 83.000000 62.000000 74.000000 87.000000 87.000000 67.000000 57.000000 45.000000 72.000000 47.000000 0.000000 20.000000 30.000000 41.000000 52.000000 65.000000 78.000000 84.000000 76.000000 68.000000 38.000000 29.000000 8.000000 48.000000 61.000000 48.000000 57.000000 69.000000 84.000000 69.000000 94.000000 63.000000 95.000000 103.000000 101.000000 88.000000 111.000000 124.000000 128.000000 108.000000 94.000000 108.000000 98.000000 137.000000 107.000000 120.000000 139.000000 146.000000 142.000000 128.000000 151.000000 141.000000 129.000000 136.000000 138.000000 145.000000 163.000000 170.000000 169.000000 160.000000 153.000000 178.000000 226.000000 191.000000 201.000000 209.000000 215.000000 233.000000 246.000000 247.000000 259.000000 218.000000 204.000000 196.000000 183.000000 171.000000 178.000000 158.000000 150.000000 168.000000 187.000000 201.000000 206.000000 219.000000 230.000000 238.000000 256.000000 266.000000 265.000000 281.000000 268.000000 240.000000 225.000000 214.000000 207.000000 269.000000 260.000000 220.000000 220.000000 175.000000 188.000000 198.000000 235.000000 257.000000 267.000000 247.000000 261.000000 261.000000 214.000000 213.000000 238.000000 249.000000 305.000000 288.000000 255.000000 265.000000 238.000000 207.000000 233.000000 218.000000 157.000000 175.000000 72.000000 52.000000 89.000000 122.000000 186.000000 224.000000 240.000000 274.000000 228.000000 196.000000 215.000000 162.000000 108.000000 99.000000 195.000000 84.000000
109.000000 100.000000 106.000000 126.000000 146.000000 157.000000 174.000000 162.000000 182.000000 165.000000 105.000000 95.000000 109.000000 123.000000 202.000000 162.000000 133.000000 119.000000 113.000000 101.000000 92.000000 101.000000 115.000000 126.000000 148.000000 159.000000 132.000000 119.000000 106.000000 118.000000 91.000000 74.000000 97.000000 63.000000 42.000000 54.000000 67.000000 67.000000 47.000000 37.000000 25.000000 64.000000 84.000000 37.000000 0.000000 10.000000 21.000000 32.000000 45.000000 58.000000 72.000000 56.000000 48.000000 62.000000 66.000000 45.000000 85.000000 98.000000 85.000000 74.000000 86.000000 101.000000 106.000000 131.000000 100.000000 132.000000 120.000000 118.000000 105.000000 128.000000 141.000000 108.000000 88.000000 74.000000 88.000000 78.000000 117.000000 87.000000 100.000000 119.000000 126.000000 122.000000 108.000000 168.000000 158.000000 146.000000 153.000000 155.000000 182.000000 200.000000 207.000000 186.000000 177.000000 170.000000 195.000000 240.000000 208.000000 204.000000 223.000000 218.000000 236.000000 252.000000 240.000000 252.000000 198.000000 191.000000 183.000000 170.000000 176.000000 158.000000 138.000000 130.000000 148.000000 167.000000 181.000000 186.000000 199.000000 210.000000 218.000000 236.000000 246.000000 245.000000 261.000000 274.000000 220.000000 205.000000 194.000000 187.000000 249.000000 240.000000 200.000000 200.000000 155.000000 168.000000 178.000000 215.000000 237.000000 247.000000 227.000000 241.000000 241.000000 194.000000 193.000000 218.000000 229.000000 285.000000 268.000000 235.000000 245.000000 218.000000 187.000000 213.000000 198.000000 194.000000 192.000000 52.000000 32.000000 69.000000 102.000000 166.000000 204.000000 220.000000 267.000000 231.000000 176.000000 218.000000 179.000000 125.000000 79.000000 175.000000 64.000000
99.000000 90.000000 96.000000 116.000000 136.000000 147.000000 164.000000 152.000000 172.000000 155.000000 95.000000 85.000000 99.000000 113.000000 192.000000 152.000000 123.000000 109.000000 103.000000 91.000000 82.000000 91.000000 105.000000 116.000000 138.000000 149.000000 122.000000 109.000000 96.000000 108.000000 81.000000 64.000000 87.000000 53.000000 32.000000 44.000000 57.000000 57.000000 37.000000 27.000000 15.000000 54.000000 74.000000 27.000000 10.000000 0.000000 11.000000 22.000000 35.000000 48.000000 62.000000 46.000000 38.000000 52.000000 56.000000 35.000000 75.000000 88.000000 75.000000 64.000000 76.000000 91.000000 96.000000 121.000000 90.000000 122.000000 110.000000 108.000000 95.000000 118.000000 131.000000 98.000000 78.000000 64.000000 78.000000 68.000000 107.000000 77.000000 90.000000 109.000000 116.000000 112.000000 98.000000 158.000000 148.000000 136.000000 143.000000 145.000000 172.000000 190.000000 197.000000 176.000000 167.000000 160.000000 185.000000 230.000000 198.000000 194.000000 213.000000 208.000000 226.000000 242.000000 230.000000 242.000000 188.000000 181.000000 173.000000 160.000000 166.000000 148.000000 128.000000 120.000000 138.000000 157.000000 171.000000 176.000000 189.000000 200.000000 208.000000 226.000000 236.000000 235.000000 251.000000 264.000000 210.000000 195.000000 184.000000 177.000000 239.000000 230.000000 190.000000 190.000000 145.000000 158.000000 168.000000 205.000000 227.000000 237.000000 217.000000 231.000000 231.000000 184.000000 183.000000 208.000000 219.000000 275.000000 258.000000 225.000000 235.000000 208.000000 177.000000 203.000000 188.000000 184.000000 182.000000 42.000000 22.000000 59.000000 92.000000 156.000000 194.000000 210.000000 257.000000 221.000000 166.000000 208.000000 169.000000 115.000000 69.000000 165.000000 54.000000
88.000000 79.000000 85.000000 105.000000 125.000000 136.000000 153.000000 141.000000 161.000000 144.000000 95.000000 85.000000 99.000000 113.000000 181.000000 152.000000 123.000000 109.000000 103.000000 91.000000 82.000000 91.000000 105.000000 116.000000 138.000000 149.000000 125.000000 133.000000 120.000000 108.000000 105.000000 88.000000 104.000000 77.000000 56.000000 58.000000 71.000000 57.000000 37.000000 27.000000 39.000000 78.000000 102.000000 55.000000 64.000000 54.000000 0.000000 11.000000 24.000000 37.000000 51.000000 35.000000 27.000000 41.000000 84.000000 63.000000 103.000000 116.000000 103.000000 53.000000 65.000000 80.000000 124.000000 114.000000 118.000000 112.000000 99.000000 97.000000 84.000000 107.000000 120.000000 87.000000 67.000000 53.000000 67.000000 68.000000 107.000000 66.000000 79.000000 98.000000 105.000000 101.000000 87.000000 147.000000 137.000000 125.000000 132.000000 134.000000 162.000000 180.000000 187.000000 165.000000 156.000000 149.000000 174.000000 219.000000 187.000000 183.000000 202.000000 197.000000 215.000000 231.000000 219.000000 231.000000 177.000000 170.000000 162.000000 149.000000 155.000000 137.000000 117.000000 109.000000 127.000000 146.000000 160.000000 165.000000 178.000000 189.000000 197.000000 215.000000 225.000000 224.000000 240.000000 253.000000 199.000000 184.000000 173.000000 166.000000 228.000000 219.000000 179.000000 179.000000 134.000000 147.000000 157.000000 194.000000 216.000000 226.000000 206.000000 220.000000 220.000000 173.000000 172.000000 197.000000 208.000000 264.000000 247.000000 214.000000 228.000000 201.000000 177.000000 192.000000 177.000000 174.000000 171.000000 66.000000 46.000000 73.000000 99.000000 156.000000 194.000000 210.000000 246.000000 210.000000 155.000000 197.000000 158.000000 104.000000 58.000000 154.000000 43.000000
77.000000 68.000000 74.000000 94.000000 114.000000 125.000000 142.000000 130.000000 150.000000 133.000000 84.000000 74.000000 88.000000 102.000000 170.000000 141.000000 112.000000 98.000000 92.000000 80.000000 71.000000 80.000000 94.000000 105.000000 127.000000 138.000000 114.000000 122.000000 109.000000 97.000000 94.000000 77.000000 93.000000 66.000000 45.000000 47.000000 60.000000 46.000000 26.000000 16.000000 28.000000 67.000000 91.000000 44.000000 53.000000 43.000000 51.000000 0.000000 13.000000 26.000000 40.000000 24.000000 16.000000 30.000000 73.000000 52.000000 92.000000 105.000000 92.000000 42.000000 54.000000 69.000000 113.000000 103.000000 107.000000 101.000000 88.000000 86.000000 73.000000 96.000000 109.000000 76.000000 56.000000 42.000000 56.000000 57.000000 96.000000 55.000000 68.000000 87.000000 94.000000 90.000000 76.000000 136.000000 126.000000 114.000000 121.000000 123.000000 151.000000 169.000000 176.000000 154.000000 145.000000 138.000000 163.000000 208.000000 176.000000 172.000000 191.000000 186.000000 204.000000 220.000000 208.000000 220.000000 166.000000 159.000000 151.000000 138.000000 144.000000 126.000000 106.000000 98.000000 116.000000 135.000000 149.000000 154.000000 167.000000 178.000000 186.000000 204.000000 214.000000 213.000000 229.000000 242.000000 188.000000 173.000000 162.000000 155.000000 217.000000 208.000000 168.000000 168.000000 123.000000 136.000000 146.000000 183.000000 205.000000 215.000000 195.000000 209.000000 209.000000 162.000000 161.000000 186.000000 197.000000 253.000000 236.000000 203.000000 217.000000 190.000000 166.000000 181.000000 166.000000 163.000000 160.000000 55.000000 35.000000 62.000000 88.000000 145.000000 183.000000 199.000000 235.000000 199.000000 144.000000 186.000000 147.000000 93.000000 47.000000 143.000000 32.000000
64.000000 55.000000 61.000000 81.000000 101.000000 112.000000 129.000000 117.000000 137.000000 120.000000 84.000000 74.000000 88.000000 102.000000 157.000000 141.000000 112.000000 98.000000 92.000000 80.000000 71.000000 80.000000 94.000000 105.000000 127.000000 138.000000 114.000000 124.000000 111.000000 97.000000 111.000000 94.000000 93.000000 83.000000 73.000000 61.000000 74.000000 46.000000 40.000000 50.000000 62.000000 96.000000 97.000000 50.000000 70.000000 77.000000 57.000000 68.000000 0.000000 13.000000 27.000000 11.000000 22.000000 36.000000 79.000000 58.000000 98.000000 111.000000 98.000000 29.000000 41.000000 56.000000 119.000000 90.000000 109.000000 88.000000 75.000000 73.000000 60.000000 83.000000 96.000000 63.000000 43.000000 29.000000 43.000000 57.000000 96.000000 42.000000 55.000000 74.000000 81.000000 77.000000 63.000000 123.000000 113.000000 101.000000 108.000000 110.000000 138.000000 156.000000 163.000000 141.000000 132.000000 125.000000 150.000000 195.000000 163.000000 159.000000 178.000000 173.000000 191.000000 207.000000 195.000000 207.000000 153.000000 146.000000 138.000000 125.000000 131.000000 113.000000 93.000000 85.000000 103.000000 122.000000 136.000000 141.000000 154.000000 165.000000 173.000000 191.000000 201.000000 200.000000 216.000000 229.000000 175.000000 160.000000 149.000000 142.000000 204.000000 195.000000 155.000000 155.000000 110.000000 123.000000 133.000000 170.000000 192.000000 202.000000 182.000000 196.000000 196.000000 149.000000 148.000000 173.000000 184.000000 240.000000 223.000000 190.000000 204.000000 177.000000 166.000000 168.000000 153.000000 150.000000 147.000000 89.000000 69.000000 76.000000 88.000000 145.000000 183.000000 199.000000 222.000000 186.000000 131.000000 173.000000 134.000000 80.000000 34.000000 130.000000 19.000000
51.000000 42.000000 48.000000 68.000000 88.000000 99.000000 116.000000 104.000000 124.000000 107.000000 71.000000 61.000000 75.000000 89.000000 144.000000 128.000000 99.000000 85.000000 79.000000 67.000000 58.000000 67.000000 81.000000 92.000000 114.000000 125.000000 101.000000 111.000000 98.000000 84.000000 98.000000 81.000000 80.000000 70.000000 60.000000 48.000000 61.000000 33.000000 27.000000 37.000000 49.000000 83.000000 108.000000 68.000000 74.000000 64.000000 75.000000 86.000000 99.000000 0.000000 14.000000 29.000000 40.000000 54.000000 97.000000 76.000000 116.000000 129.000000 116.000000 47.000000 59.000000 74.000000 137.000000 108.000000 127.000000 106.000000 93.000000 91.000000 78.000000 101.000000 114.000000 50.000000 30.000000 16.000000 30.000000 44.000000 83.000000 29.000000 42.000000 61.000000 68.000000 64.000000 50.000000 133.000000 131.000000 119.000000 126.000000 128.000000 156.000000 174.000000 181.000000 157.000000 148.000000 136.000000 166.000000 182.000000 179.000000 146.000000 165.000000 160.000000 178.000000 194.000000 182.000000 194.000000 140.000000 133.000000 125.000000 112.000000 118.000000 100.000000 80.000000 72.000000 90.000000 109.000000 123.000000 128.000000 141.000000 152.000000 160.000000 178.000000 188.000000 187.000000 203.000000 216.000000 162.000000 147.000000 136.000000 129.000000 191.000000 182.000000 142.000000 142.000000 97.000000 110.000000 120.000000 157.000000 179.000000 189.000000 169.000000 183.000000 183.000000 136.000000 135.000000 160.000000 171.000000 227.000000 210.000000 177.000000 191.000000 164.000000 153.000000 155.000000 140.000000 168.000000 163.000000 76.000000 56.000000 63.000000 75.000000 132.000000 170.000000 186.000000 209.000000 173.000000 118.000000 160.000000 127.000000 98.000000 21.000000 117.000000 6.000000
65.000000 56.000000 62.000000 82.000000 102.000000 113.000000 130.000000 118.000000 138.000000 121.000000 85.000000 75.000000 89.000000 103.000000 158.000000 142.000000 113.000000 99.000000 93.000000 81.000000 72.000000 81.000000 95.000000 106.000000 128.000000 139.000000 115.000000 125.000000 112.000000 98.000000 112.000000 95.000000 94.000000 84.000000 74.000000 62.000000 75.000000 47.000000 41.000000 51.000000 63.000000 97.000000 101.000000 54.000000 74.000000 78.000000 61.000000 72.000000 85.000000 14.000000 0.000000 15.000000 26.000000 40.000000 83.000000 62.000000 102.000000 115.000000 102.000000 33.000000 45.000000 60.000000 123.000000 94.000000 113.000000 92.000000 79.000000 77.000000 64.000000 87.000000 100.000000 64.000000 44.000000 30.000000 44.000000 58.000000 97.000000 43.000000 56.000000 75.000000 82.000000 78.000000 64.000000 127.000000 117.000000 105.000000 112.000000 114.000000 142.000000 160.000000 167.000000 145.000000 136.000000 129.000000 154.000000 196.000000 167.000000 160.000000 179.000000 174.000000 192.000000 208.000000 196.000000 208.000000 154.000000 147.000000 139.000000 126.000000 132.000000 114.000000 94.000000 86.000000 104.000000 123.000000 137.000000 142.000000 155.000000 166.000000 174.000000 192.000000 202.000000 201.000000 217.000000 230.000000 176.000000 161.000000 150.000000 143.000000 205.000000 196.000000 156.000000 156.000000 111.000000 124.000000 134.000000 171.000000 193.000000 203.000000 183.000000 197.000000 197.000000 150.000000 149.000000 174.000000 185.000000 241.000000 224.000000 191.000000 205.000000 178.000000 167.000000 169.000000 154.000000 154.000000 151.000000 90.000000 70.000000 77.000000 89.000000 146.000000 184.000000 200.000000 223.000000 187.000000 132.000000 174.000000 138.000000 84.000000 35.000000 131.000000 20.000000
110.000000 101.000000 107.000000 127.000000 147.000000 158.000000 175.000000 163.000000 183.000000 166.000000 130.000000 120.000000 134.000000 148.000000 203.000000 187.000000 158.000000 144.000000 138.000000 126.000000 117.000000 126.000000 140.000000 151.000000 173.000000 184.000000 160.000000 170.000000 157.000000 143.000000 150.000000 133.000000 139.000000 122.000000 101.000000 104.000000 117.000000 92.000000 83.000000 73.000000 84.000000 111.000000 86.000000 39.000000 59.000000 69.000000 46.000000 57.000000 70.000000 59.000000 45.000000 0.000000 11.000000 25.000000 68.000000 47.000000 87.000000 100.000000 87.000000 18.000000 30.000000 45.000000 108.000000 79.000000 98.000000 77.000000 64.000000 62.000000 49.000000 72.000000 85.000000 109.000000 89.000000 75.000000 89.000000 103.000000 142.000000 88.000000 101.000000 120.000000 127.000000 123.000000 109.000000 112.000000 102.000000 90.000000 97.000000 99.000000 127.000000 145.000000 152.000000 130.000000 121.000000 114.000000 139.000000 198.000000 152.000000 162.000000 181.000000 176.000000 194.000000 210.000000 208.000000 220.000000 193.000000 165.000000 157.000000 144.000000 132.000000 159.000000 139.000000 131.000000 149.000000 168.000000 182.000000 187.000000 200.000000 211.000000 219.000000 237.000000 235.000000 242.000000 249.000000 232.000000 221.000000 206.000000 195.000000 188.000000 250.000000 241.000000 201.000000 201.000000 156.000000 169.000000 179.000000 216.000000 238.000000 248.000000 228.000000 242.000000 242.000000 195.000000 194.000000 219.000000 230.000000 286.000000 269.000000 236.000000 250.000000 223.000000 212.000000 214.000000 199.000000 139.000000 136.000000 111.000000 91.000000 119.000000 134.000000 191.000000 229.000000 245.000000 235.000000 189.000000 177.000000 176.000000 123.000000 69.000000 80.000000 176.000000 65.000000
123.000000 114.000000 120.000000 140.000000 160.000000 171.000000 188.000000 176.000000 196.000000 179.000000 130.000000 120.000000 134.000000 148.000000 216.000000 187.000000 158.000000 144.000000 138.000000 126.000000 117.000000 126.000000 140.000000 151.000000 173.000000 184.000000 160.000000 167.000000 154.000000 143.000000 139.000000 122.000000 139.000000 111.000000 90.000000 93.000000 106.000000 92.000000 72.000000 62.000000 73.000000 100.000000 75.000000 28.000000 48.000000 58.000000 35.000000 46.000000 59.000000 72.000000 86.000000 70.000000 0.000000 14.000000 57.000000 36.000000 76.000000 89.000000 76.000000 85.000000 97.000000 112.000000 97.000000 122.000000 91.000000 123.000000 131.000000 129.000000 116.000000 139.000000 152.000000 122.000000 102.000000 88.000000 102.000000 103.000000 142.000000 101.000000 114.000000 133.000000 140.000000 136.000000 122.000000 179.000000 169.000000 157.000000 164.000000 166.000000 173.000000 191.000000 198.000000 197.000000 188.000000 181.000000 206.000000 254.000000 219.000000 218.000000 237.000000 232.000000 250.000000 266.000000 254.000000 266.000000 212.000000 205.000000 197.000000 184.000000 190.000000 172.000000 152.000000 144.000000 162.000000 181.000000 195.000000 200.000000 213.000000 224.000000 232.000000 250.000000 260.000000 259.000000 275.000000 288.000000 234.000000 219.000000 208.000000 201.000000 263.000000 254.000000 214.000000 214.000000 169.000000 182.000000 192.000000 229.000000 251.000000 261.000000 241.000000 255.000000 255.000000 208.000000 207.000000 232.000000 243.000000 299.000000 282.000000 249.000000 263.000000 236.000000 212.000000 227.000000 212.000000 185.000000 203.000000 100.000000 80.000000 108.000000 134.000000 191.000000 229.000000 245.000000 281.000000 245.000000 190.000000 232.000000 190.000000 136.000000 93.000000 189.000000 78.000000
109.000000 100.000000 106.000000 126.000000 146.000000 157.000000 174.000000 162.000000 182.000000 165.000000 116.000000 106.000000 120.000000 134.000000 202.000000 173.000000 144.000000 130.000000 124.000000 112.000000 103.000000 112.000000 126.000000 137.000000 159.000000 170.000000 146.000000 153.000000 140.000000 129.000000 125.000000 108.000000 125.000000 97.000000 76.000000 79.000000 92.000000 78.000000 58.000000 48.000000 59.000000 86.000000 61.000000 14.000000 34.000000 44.000000 21.000000 32.000000 45.000000 58.000000 72.000000 56.000000 48.000000 0.000000 43.000000 22.000000 62.000000 75.000000 62.000000 71.000000 83.000000 98.000000 83.000000 108.000000 77.000000 109.000000 117.000000 115.000000 102.000000 125.000000 138.000000 108.000000 88.000000 74.000000 88.000000 89.000000 128.000000 87.000000 100.000000 119.000000 126.000000 122.000000 108.000000 165.000000 155.000000 143.000000 150.000000 152.000000 159.000000 177.000000 184.000000 183.000000 174.000000 167.000000 192.000000 240.000000 205.000000 204.000000 223.000000 218.000000 236.000000 252.000000 240.000000 252.000000 198.000000 191.000000 183.000000 170.000000 176.000000 158.000000 138.000000 130.000000 148.000000 167.000000 181.000000 186.000000 199.000000 210.000000 218.000000 236.000000 246.000000 245.000000 261.000000 274.000000 220.000000 205.000000 194.000000 187.000000 249.000000 240.000000 200.000000 200.000000 155.000000 168.000000 178.000000 215.000000 237.000000 247.000000 227.000000 241.000000 241.000000 194.000000 193.000000 218.000000 229.000000 285.000000 268.000000 235.000000 249.000000 222.000000 198.000000 213.000000 198.000000 171.000000 189.000000 86.000000 66.000000 94.000000 120.000000 177.000000 215.000000 231.000000 267.000000 231.000000 176.000000 218.000000 176.000000 122.000000 79.000000 175.000000 64.000000
118.000000 109.000000 115.000000 135.000000 155.000000 166.000000 183.000000 171.000000 191.000000 174.000000 125.000000 115.000000 129.000000 143.000000 211.000000 182.000000 153.000000 139.000000 133.000000 121.000000 112.000000 121.000000 135.000000 146.000000 168.000000 179.000000 155.000000 162.000000 149.000000 138.000000 134.000000 117.000000 134.000000 106.000000 85.000000 88.000000 101.000000 87.000000 67.000000 57.000000 68.000000 95.000000 70.000000 23.000000 43.000000 53.000000 30.000000 41.000000 54.000000 67.000000 55.000000 65.000000 57.000000 9.000000 0.000000 31.000000 71.000000 32.000000 19.000000 28.000000 40.000000 55.000000 40.000000 65.000000 60.000000 87.000000 74.000000 72.000000 59.000000 82.000000 95.000000 117.000000 97.000000 83.000000 97.000000 98.000000 137.000000 96.000000 109.000000 128.000000 135.000000 131.000000 117.000000 122.000000 112.000000 100.000000 107.000000 109.000000 137.000000 155.000000 162.000000 140.000000 131.000000 124.000000 149.000000 208.000000 162.000000 172.000000 191.000000 186.000000 204.000000 220.000000 218.000000 230.000000 203.000000 175.000000 167.000000 154.000000 142.000000 167.000000 147.000000 139.000000 157.000000 176.000000 190.000000 195.000000 208.000000 219.000000 227.000000 245.000000 245.000000 252.000000 259.000000 242.000000 229.000000 214.000000 203.000000 196.000000 258.000000 249.000000 209.000000 209.000000 164.000000 177.000000 187.000000 224.000000 246.000000 256.000000 236.000000 250.000000 250.000000 203.000000 202.000000 227.000000 238.000000 294.000000 277.000000 244.000000 258.000000 231.000000 207.000000 222.000000 207.000000 149.000000 146.000000 95.000000 75.000000 103.000000 129.000000 186.000000 224.000000 240.000000 245.000000 199.000000 185.000000 186.000000 133.000000 79.000000 88.000000 184.000000 73.000000
139.000000 130.000000 136.000000 156.000000 176.000000 187.000000 204.000000 192.000000 212.000000 195.000000 146.000000 136.000000 150.000000 164.000000 232.000000 195.000000 174.000000 160.000000 154.000000 142.000000 133.000000 142.000000 156.000000 159.000000 181.000000 192.000000 163.000000 150.000000 137.000000 151.000000 122.000000 105.000000 128.000000 94.000000 87.000000 99.000000 112.000000 108.000000 88.000000 78.000000 88.000000 64.000000 39.000000 44.000000 64.000000 73.000000 51.000000 62.000000 75.000000 88.000000 76.000000 86.000000 78.000000 30.000000 21.000000 0.000000 40.000000 53.000000 40.000000 49.000000 61.000000 76.000000 61.000000 86.000000 55.000000 87.000000 95.000000 93.000000 80.000000 103.000000 116.000000 138.000000 118.000000 104.000000 118.000000 119.000000 158.000000 117.000000 130.000000 149.000000 156.000000 152.000000 138.000000 143.000000 133.000000 121.000000 128.000000 130.000000 137.000000 155.000000 162.000000 161.000000 152.000000 145.000000 170.000000 218.000000 183.000000 193.000000 201.000000 207.000000 225.000000 238.000000 239.000000 251.000000 224.000000 196.000000 188.000000 175.000000 163.000000 188.000000 168.000000 160.000000 178.000000 197.000000 211.000000 216.000000 229.000000 240.000000 248.000000 266.000000 266.000000 273.000000 277.000000 260.000000 250.000000 235.000000 224.000000 217.000000 279.000000 270.000000 230.000000 230.000000 185.000000 198.000000 208.000000 245.000000 267.000000 277.000000 257.000000 271.000000 271.000000 224.000000 223.000000 248.000000 259.000000 315.000000 298.000000 265.000000 278.000000 251.000000 220.000000 243.000000 228.000000 149.000000 167.000000 76.000000 95.000000 114.000000 133.000000 199.000000 237.000000 253.000000 266.000000 220.000000 206.000000 207.000000 154.000000 100.000000 109.000000 205.000000 94.000000
179.000000 170.000000 176.000000 196.000000 216.000000 227.000000 244.000000 232.000000 252.000000 235.000000 186.000000 176.000000 190.000000 204.000000 272.000000 235.000000 214.000000 200.000000 194.000000 182.000000 173.000000 182.000000 196.000000 199.000000 221.000000 232.000000 203.000000 190.000000 177.000000 191.000000 162.000000 145.000000 168.000000 134.000000 127.000000 139.000000 152.000000 148.000000 128.000000 118.000000 128.000000 104.000000 79.000000 84.000000 104.000000 113.000000 91.000000 102.000000 115.000000 128.000000 116.000000 126.000000 118.000000 70.000000 61.000000 40.000000 0.000000 22.000000 80.000000 89.000000 101.000000 46.000000 30.000000 55.000000 15.000000 47.000000 65.000000 70.000000 57.000000 80.000000 93.000000 129.000000 158.000000 144.000000 158.000000 159.000000 198.000000 157.000000 170.000000 189.000000 196.000000 192.000000 178.000000 120.000000 110.000000 98.000000 105.000000 107.000000 97.000000 115.000000 122.000000 138.000000 129.000000 122.000000 147.000000 178.000000 160.000000 170.000000 161.000000 184.000000 202.000000 198.000000 216.000000 228.000000 201.000000 173.000000 165.000000 152.000000 140.000000 228.000000 208.000000 200.000000 218.000000 237.000000 212.000000 256.000000 269.000000 245.000000 253.000000 271.000000 243.000000 250.000000 237.000000 220.000000 275.000000 275.000000 264.000000 257.000000 319.000000 310.000000 270.000000 270.000000 225.000000 238.000000 248.000000 285.000000 307.000000 317.000000 297.000000 311.000000 311.000000 264.000000 263.000000 288.000000 299.000000 355.000000 338.000000 305.000000 318.000000 291.000000 260.000000 283.000000 268.000000 109.000000 128.000000 116.000000 135.000000 154.000000 173.000000 239.000000 277.000000 293.000000 227.000000 197.000000 246.000000 184.000000 131.000000 77.000000 149.000000 245.000000 134.000000
205.000000 196.000000 202.000000 222.000000 242.000000 253.000000 270.000000 258.000000 278.000000 261.000000 225.000000 215.000000 229.000000 243.000000 298.000000 278.000000 253.000000 239.000000 233.000000 221.000000 212.000000 221.000000 235.000000 242.000000 264.000000 275.000000 246.000000 233.000000 220.000000 234.000000 205.000000 188.000000 211.000000 177.000000 170.000000 182.000000 195.000000 187.000000 171.000000 161.000000 171.000000 147.000000 122.000000 127.000000 147.000000 156.000000 134.000000 145.000000 158.000000 154.000000 140.000000 155.000000 161.000000 113.000000 104.000000 83.000000 43.000000 0.000000 123.000000 132.000000 125.000000 24.000000 8.000000 33.000000 28.000000 56.000000 43.000000 48.000000 35.000000 58.000000 71.000000 107.000000 184.000000 170.000000 184.000000 198.000000 237.000000 183.000000 196.000000 215.000000 222.000000 218.000000 204.000000 98.000000 88.000000 76.000000 83.000000 85.000000 106.000000 124.000000 131.000000 116.000000 107.000000 100.000000 125.000000 184.000000 138.000000 148.000000 167.000000 162.000000 180.000000 196.000000 194.000000 206.000000 179.000000 151.000000 143.000000 130.000000 118.000000 213.000000 226.000000 226.000000 244.000000 215.000000 190.000000 234.000000 247.000000 223.000000 231.000000 249.000000 221.000000 228.000000 235.000000 218.000000 253.000000 253.000000 242.000000 235.000000 297.000000 288.000000 248.000000 261.000000 251.000000 264.000000 274.000000 263.000000 285.000000 295.000000 275.000000 289.000000 298.000000 290.000000 289.000000 314.000000 325.000000 333.000000 316.000000 317.000000 344.000000 318.000000 303.000000 309.000000 294.000000 118.000000 122.000000 159.000000 178.000000 197.000000 216.000000 282.000000 320.000000 336.000000 221.000000 175.000000 224.000000 162.000000 109.000000 55.000000 175.000000 271.000000 160.000000
101.000000 92.000000 98.000000 118.000000 138.000000 149.000000 166.000000 154.000000 174.000000 157.000000 121.000000 111.000000 125.000000 139.000000 194.000000 178.000000 149.000000 135.000000 129.000000 117.000000 108.000000 117.000000 131.000000 142.000000 164.000000 175.000000 151.000000 161.000000 148.000000 134.000000 148.000000 131.000000 130.000000 120.000000 110.000000 98.000000 111.000000 83.000000 77.000000 87.000000 99.000000 133.000000 135.000000 90.000000 110.000000 114.000000 97.000000 108.000000 121.000000 50.000000 36.000000 51.000000 62.000000 76.000000 117.000000 96.000000 56.000000 13.000000 0.000000 9.000000 21.000000 36.000000 21.000000 46.000000 41.000000 68.000000 55.000000 53.000000 40.000000 63.000000 76.000000 100.000000 80.000000 66.000000 80.000000 94.000000 133.000000 79.000000 92.000000 111.000000 118.000000 114.000000 100.000000 103.000000 93.000000 81.000000 88.000000 90.000000 118.000000 136.000000 143.000000 121.000000 112.000000 105.000000 130.000000 189.000000 143.000000 153.000000 172.000000 167.000000 185.000000 201.000000 199.000000 211.000000 184.000000 156.000000 148.000000 135.000000 123.000000 150.000000 130.000000 122.000000 140.000000 159.000000 173.000000 178.000000 191.000000 202.000000 210.000000 228.000000 226.000000 233.000000 240.000000 223.000000 212.000000 197.000000 186.000000 179.000000 241.000000 232.000000 192.000000 192.000000 147.000000 160.000000 170.000000 207.000000 229.000000 239.000000 219.000000 233.000000 233.000000 186.000000 185.000000 210.000000 221.000000 277.000000 260.000000 227.000000 241.000000 214.000000 203.000000 205.000000 190.000000 130.000000 127.000000 126.000000 106.000000 113.000000 125.000000 182.000000 220.000000 236.000000 226.000000 180.000000 168.000000 167.000000 114.000000 60.000000 71.000000 167.000000 56.000000
92.000000 83.000000 89.000000 109.000000 129.000000 140.000000 157.000000 145.000000 165.000000 148.000000 112.000000 102.000000 116.000000 130.000000 185.000000 169.000000 140.000000 126.000000 120.000000 108.000000 99.000000 108.000000 122.000000 133.000000 155.000000 166.000000 142.000000 152.000000 139.000000 125.000000 139.000000 122.000000 121.000000 111.000000 101.000000 89.000000 102.000000 74.000000 68.000000 78.000000 90.000000 124.000000 128.000000 81.000000 101.000000 105.000000 88.000000 99.000000 112.000000 41.000000 27.000000 42.000000 53.000000 67.000000 110.000000 89.000000 95.000000 117.000000 129.000000 0.000000 12.000000 27.000000 125.000000 61.000000 80.000000 59.000000 46.000000 44.000000 31.000000 54.000000 67.000000 91.000000 71.000000 57.000000 71.000000 85.000000 124.000000 70.000000 83.000000 102.000000 109.000000 105.000000 91.000000 94.000000 84.000000 72.000000 79.000000 81.000000 109.000000 127.000000 134.000000 112.000000 103.000000 96.000000 121.000000 180.000000 134.000000 144.000000 163.000000 158.000000 176.000000 192.000000 190.000000 202.000000 175.000000 147.000000 139.000000 126.000000 114.000000 141.000000 121.000000 113.000000 131.000000 150.000000 164.000000 169.000000 182.000000 193.000000 201.000000 219.000000 217.000000 224.000000 231.000000 214.000000 203.000000 188.000000 177.000000 170.000000 232.000000 223.000000 183.000000 183.000000 138.000000 151.000000 161.000000 198.000000 220.000000 230.000000 210.000000 224.000000 224.000000 177.000000 176.000000 201.000000 212.000000 268.000000 251.000000 218.000000 232.000000 205.000000 194.000000 196.000000 181.000000 121.000000 118.000000 117.000000 97.000000 104.000000 116.000000 173.000000 211.000000 227.000000 217.000000 171.000000 159.000000 158.000000 105.000000 51.000000 62.000000 158.000000 47.000000
80.000000 71.000000 77.000000 97.000000 117.000000 128.000000 145.000000 133.000000 153.000000 136.000000 100.000000 90.000000 104.000000 118.000000 173.000000 157.000000 128.000000 114.000000 108.000000 96.000000 87.000000 96.000000 110.000000 121.000000 143.000000 154.000000 130.000000 140.000000 127.000000 113.000000 127.000000 110.000000 109.000000 99.000000 89.000000 77.000000 90.000000 62.000000 56.000000 66.000000 78.000000 112.000000 116.000000 69.000000 89.000000 93.000000 76.000000 87.000000 100.000000 29.000000 15.000000 30.000000 41.000000 55.000000 98.000000 77.000000 83.000000 105.000000 117.000000 48.000000 0.000000 15.000000 113.000000 49.000000 68.000000 47.000000 34.000000 32.000000 19.000000 42.000000 55.000000 79.000000 59.000000 45.000000 59.000000 73.000000 112.000000 58.000000 71.000000 90.000000 97.000000 93.000000 79.000000 82.000000 72.000000 60.000000 67.000000 69.000000 97.000000 115.000000 122.000000 100.000000 91.000000 84.000000 109.000000 168.000000 122.000000 132.000000 151.000000 146.000000 164.000000 180.000000 178.000000 190.000000 163.000000 135.000000 127.000000 114.000000 102.000000 129.000000 109.000000 101.000000 119.000000 138.000000 152.000000 157.000000 170.000000 181.000000 189.000000 207.000000 205.000000 212.000000 219.000000 202.000000 191.000000 176.000000 165.000000 158.000000 220.000000 211.000000 171.000000 171.000000 126.000000 139.000000 149.000000 186.000000 208.000000 218.000000 198.000000 212.000000 212.000000 165.000000 164.000000 189.000000 200.000000 256.000000 239.000000 206.000000 220.000000 193.000000 182.000000 184.000000 169.000000 109.000000 106.000000 105.000000 85.000000 92.000000 104.000000 161.000000 199.000000 215.000000 205.000000 159.000000 147.000000 146.000000 93.000000 39.000000 50.000000 146.000000 35.000000
181.000000 172.000000 178.000000 198.000000 218.000000 229.000000 246.000000 234.000000 254.000000 237.000000 201.000000 191.000000 205.000000 219.000000 274.000000 258.000000 229.000000 215.000000 209.000000 197.000000 188.000000 197.000000 211.000000 222.000000 244.000000 255.000000 231.000000 241.000000 228.000000 214.000000 228.000000 211.000000 210.000000 200.000000 190.000000 178.000000 191.000000 163.000000 157.000000 167.000000 179.000000 172.000000 147.000000 152.000000 172.000000 181.000000 159.000000 170.000000 183.000000 130.000000 116.000000 131.000000 142.000000 138.000000 129.000000 108.000000 68.000000 90.000000 148.000000 149.000000 101.000000 0.000000 98.000000 34.000000 53.000000 32.000000 19.000000 24.000000 11.000000 34.000000 47.000000 83.000000 160.000000 146.000000 160.000000 174.000000 213.000000 159.000000 172.000000 191.000000 198.000000 194.000000 180.000000 74.000000 64.000000 52.000000 59.000000 61.000000 82.000000 100.000000 107.000000 92.000000 83.000000 76.000000 101.000000 160.000000 114.000000 124.000000 143.000000 138.000000 156.000000 172.000000 170.000000 182.000000 155.000000 127.000000 119.000000 106.000000 94.000000 189.000000 202.000000 202.000000 220.000000 191.000000 166.000000 210.000000 223.000000 199.000000 207.000000 225.000000 197.000000 204.000000 211.000000 194.000000 229.000000 229.000000 218.000000 211.000000 273.000000 264.000000 224.000000 237.000000 227.000000 240.000000 250.000000 239.000000 261.000000 271.000000 251.000000 265.000000 274.000000 266.000000 265.000000 290.000000 301.000000 309.000000 292.000000 293.000000 320.000000 294.000000 283.000000 285.000000 270.000000 94.000000 98.000000 184.000000 186.000000 193.000000 205.000000 262.000000 300.000000 316.000000 197.000000 151.000000 200.000000 138.000000 85.000000 31.000000 151.000000 247.000000 136.000000
197.000000 188.000000 194.000000 214.000000 234.000000 245.000000 262.000000 250.000000 270.000000 253.000000 217.000000 207.000000 221.000000 235.000000 290.000000 274.000000 245.000000 231.000000 225.000000 213.000000 204.000000 213.000000 227.000000 238.000000 260.000000 271.000000 247.000000 249.000000 236.000000 230.000000 221.000000 204.000000 226.000000 193.000000 186.000000 194.000000 207.000000 179.000000 173.000000 177.000000 187.000000 163.000000 138.000000 143.000000 163.000000 172.000000 150.000000 161.000000 174.000000 146.000000 132.000000 147.000000 158.000000 129.000000 120.000000 99.000000 59.000000 81.000000 139.000000 148.000000 117.000000 16.000000 0.000000 25.000000 44.000000 48.000000 35.000000 40.000000 27.000000 50.000000 63.000000 99.000000 176.000000 162.000000 176.000000 190.000000 229.000000 175.000000 188.000000 207.000000 214.000000 210.000000 196.000000 90.000000 80.000000 68.000000 75.000000 77.000000 98.000000 116.000000 123.000000 108.000000 99.000000 92.000000 117.000000 176.000000 130.000000 140.000000 159.000000 154.000000 172.000000 188.000000 186.000000 198.000000 171.000000 143.000000 135.000000 122.000000 110.000000 205.000000 218.000000 218.000000 236.000000 207.000000 182.000000 226.000000 239.000000 215.000000 223.000000 241.000000 213.000000 220.000000 227.000000 210.000000 245.000000 245.000000 234.000000 227.000000 289.000000 280.000000 240.000000 253.000000 243.000000 256.000000 266.000000 255.000000 277.000000 287.000000 267.000000 281.000000 290.000000 282.000000 281.000000 306.000000 317.000000 325.000000 308.000000 309.000000 336.000000 310.000000 299.000000 301.000000 286.000000 110.000000 114.000000 175.000000 194.000000 209.000000 221.000000 278.000000 316.000000 332.000000 213.000000 167.000000 216.000000 154.000000 101.000000 47.000000 167.000000 263.000000 152.000000
213.000000 204.000000 210.000000 230.000000 250.000000 261.000000 278.000000 266.000000 286.000000 269.000000 220.000000 210.000000 224.000000 238.000000 306.000000 269.000000 248.000000 234.000000 228.000000 216.000000 207.000000 216.000000 230.000000 233.000000 255.000000 266.000000 237.000000 224.000000 211.000000 225.000000 196.000000 179.000000 202.000000 168.000000 161.000000 173.000000 186.000000 182.000000 162.000000 152.000000 162.000000 138.000000 113.000000 118.000000 138.000000 147.000000 125.000000 136.000000 149.000000 162.000000 150.000000 160.000000 152.000000 104.000000 95.000000 74.000000 34.000000 56.000000 114.000000 123.000000 135.000000 80.000000 64.000000 0.000000 19.000000 51.000000 99.000000 104.000000 91.000000 114.000000 127.000000 163.000000 192.000000 178.000000 192.000000 193.000000 232.000000 191.000000 204.000000 223.000000 230.000000 226.000000 212.000000 154.000000 144.000000 132.000000 139.000000 125.000000 101.000000 119.000000 126.000000 144.000000 147.000000 156.000000 161.000000 182.000000 174.000000 184.000000 165.000000 198.000000 216.000000 202.000000 230.000000 242.000000 215.000000 195.000000 187.000000 186.000000 174.000000 249.000000 242.000000 234.000000 252.000000 251.000000 226.000000 270.000000 283.000000 259.000000 267.000000 285.000000 254.000000 257.000000 241.000000 224.000000 282.000000 289.000000 278.000000 271.000000 332.000000 323.000000 284.000000 297.000000 259.000000 272.000000 282.000000 299.000000 321.000000 331.000000 311.000000 325.000000 334.000000 298.000000 297.000000 322.000000 333.000000 368.000000 351.000000 339.000000 352.000000 325.000000 294.000000 317.000000 302.000000 113.000000 132.000000 150.000000 169.000000 188.000000 207.000000 273.000000 311.000000 327.000000 231.000000 211.000000 260.000000 198.000000 165.000000 111.000000 183.000000 279.000000 168.000000
194.000000 185.000000 191.000000 211.000000 231.000000 242.000000 259.000000 247.000000 267.000000 250.000000 201.000000 191.000000 205.000000 219.000000 287.000000 250.000000 229.000000 215.000000 209.000000 197.000000 188.000000 197.000000 211.000000 214.000000 236.000000 247.000000 218.000000 205.000000 192.000000 206.000000 177.000000 160.000000 183.000000 149.000000 142.000000 154.000000 167.000000 163.000000 143.000000 133.000000 143.000000 119.000000 94.000000 99.000000 119.000000 128.000000 106.000000 117.000000 130.000000 143.000000 131.000000 141.000000 133.000000 85.000000 76.000000 55.000000 15.000000 37.000000 95.000000 104.000000 116.000000 61.000000 45.000000 70.000000 0.000000 32.000000 80.000000 85.000000 72.000000 95.000000 108.000000 144.000000 173.000000 159.000000 173.000000 174.000000 213.000000 172.000000 185.000000 204.000000 211.000000 207.000000 193.000000 135.000000 125.000000 113.000000 120.000000 106.000000 82.000000 100.000000 107.000000 125.000000 128.000000 137.000000 142.000000 163.000000 155.000000 165.000000 146.000000 179.000000 197.000000 183.000000 211.000000 223.000000 196.000000 176.000000 168.000000 167.000000 155.000000 230.000000 223.000000 215.000000 233.000000 232.000000 207.000000 251.000000 264.000000 240.000000 248.000000 266.000000 235.000000 238.000000 222.000000 205.000000 263.000000 270.000000 259.000000 252.000000 313.000000 304.000000 265.000000 278.000000 240.000000 253.000000 263.000000 280.000000 302.000000 312.000000 292.000000 306.000000 315.000000 279.000000 278.000000 303.000000 314.000000 349.000000 332.000000 320.000000 333.000000 306.000000 275.000000 298.000000 283.000000 94.000000 113.000000 131.000000 150.000000 169.000000 188.000000 254.000000 292.000000 308.000000 212.000000 192.000000 241.000000 179.000000 146.000000 92.000000 164.000000 260.000000 149.000000
217.000000 208.000000 214.000000 234.000000 254.000000 265.000000 282.000000 270.000000 290.000000 273.000000 233.000000 223.000000 237.000000 251.000000 310.000000 282.000000 261.000000 247.000000 241.000000 229.000000 220.000000 229.000000 243.000000 246.000000 268.000000 279.000000 250.000000 237.000000 224.000000 238.000000 209.000000 192.000000 215.000000 181.000000 174.000000 186.000000 199.000000 195.000000 175.000000 165.000000 175.000000 151.000000 126.000000 131.000000 151.000000 160.000000 138.000000 149.000000 162.000000 166.000000 152.000000 167.000000 165.000000 117.000000 108.000000 87.000000 47.000000 69.000000 127.000000 136.000000 137.000000 93.000000 77.000000 102.000000 32.000000 0.000000 112.000000 113.000000 104.000000 103.000000 88.000000 119.000000 196.000000 182.000000 196.000000 206.000000 245.000000 195.000000 208.000000 227.000000 234.000000 230.000000 216.000000 104.000000 100.000000 88.000000 89.000000 74.000000 50.000000 68.000000 75.000000 93.000000 96.000000 106.000000 110.000000 131.000000 123.000000 133.000000 114.000000 147.000000 165.000000 151.000000 179.000000 191.000000 164.000000 144.000000 136.000000 136.000000 124.000000 198.000000 211.000000 238.000000 256.000000 200.000000 175.000000 219.000000 232.000000 208.000000 216.000000 234.000000 203.000000 206.000000 190.000000 173.000000 231.000000 238.000000 227.000000 220.000000 281.000000 272.000000 233.000000 246.000000 263.000000 276.000000 273.000000 248.000000 270.000000 280.000000 260.000000 274.000000 283.000000 289.000000 301.000000 326.000000 337.000000 317.000000 300.000000 302.000000 329.000000 330.000000 307.000000 321.000000 306.000000 62.000000 81.000000 163.000000 182.000000 201.000000 220.000000 286.000000 324.000000 340.000000 180.000000 160.000000 209.000000 147.000000 115.000000 120.000000 187.000000 283.000000 172.000000
228.000000 219.000000 225.000000 245.000000 265.000000 276.000000 293.000000 281.000000 301.000000 284.000000 235.000000 225.000000 239.000000 253.000000 321.000000 284.000000 263.000000 249.000000 243.000000 231.000000 222.000000 231.000000 245.000000 248.000000 270.000000 281.000000 252.000000 239.000000 226.000000 240.000000 211.000000 194.000000 217.000000 183.000000 176.000000 188.000000 201.000000 197.000000 177.000000 167.000000 177.000000 153.000000 128.000000 133.000000 153.000000 162.000000 140.000000 151.000000 164.000000 177.000000 165.000000 175.000000 167.000000 119.000000 110.000000 89.000000 49.000000 71.000000 129.000000 138.000000 150.000000 95.000000 79.000000 15.000000 34.000000 13.000000 0.000000 119.000000 106.000000 116.000000 101.000000 132.000000 207.000000 193.000000 207.000000 208.000000 247.000000 206.000000 219.000000 238.000000 245.000000 241.000000 227.000000 117.000000 113.000000 101.000000 102.000000 87.000000 63.000000 81.000000 88.000000 106.000000 109.000000 119.000000 123.000000 144.000000 136.000000 146.000000 127.000000 160.000000 178.000000 164.000000 192.000000 204.000000 177.000000 157.000000 149.000000 149.000000 137.000000 211.000000 224.000000 249.000000 267.000000 213.000000 188.000000 232.000000 245.000000 221.000000 229.000000 247.000000 216.000000 219.000000 203.000000 186.000000 244.000000 251.000000 240.000000 233.000000 294.000000 285.000000 246.000000 259.000000 274.000000 287.000000 286.000000 261.000000 283.000000 293.000000 273.000000 287.000000 296.000000 302.000000 312.000000 337.000000 348.000000 330.000000 313.000000 315.000000 342.000000 340.000000 309.000000 332.000000 317.000000 75.000000 94.000000 165.000000 184.000000 203.000000 222.000000 288.000000 326.000000 342.000000 193.000000 173.000000 222.000000 160.000000 128.000000 126.000000 198.000000 294.000000 183.000000
157.000000 148.000000 154.000000 174.000000 194.000000 205.000000 222.000000 210.000000 230.000000 213.000000 177.000000 167.000000 181.000000 195.000000 250.000000 234.000000 205.000000 191.000000 185.000000 173.000000 164.000000 173.000000 187.000000 198.000000 220.000000 231.000000 207.000000 217.000000 204.000000 190.000000 204.000000 187.000000 186.000000 176.000000 166.000000 154.000000 167.000000 139.000000 133.000000 143.000000 155.000000 167.000000 142.000000 146.000000 166.000000 170.000000 153.000000 164.000000 177.000000 106.000000 92.000000 107.000000 118.000000 132.000000 124.000000 103.000000 63.000000 85.000000 143.000000 125.000000 77.000000 92.000000 93.000000 29.000000 48.000000 27.000000 14.000000 0.000000 96.000000 10.000000 23.000000 59.000000 136.000000 122.000000 136.000000 150.000000 189.000000 135.000000 148.000000 167.000000 174.000000 170.000000 156.000000 50.000000 40.000000 28.000000 35.000000 37.000000 77.000000 85.000000 92.000000 68.000000 59.000000 52.000000 77.000000 136.000000 90.000000 100.000000 119.000000 114.000000 132.000000 148.000000 146.000000 158.000000 131.000000 103.000000 95.000000 82.000000 70.000000 165.000000 178.000000 178.000000 196.000000 167.000000 142.000000 186.000000 199.000000 175.000000 183.000000 201.000000 173.000000 180.000000 187.000000 170.000000 205.000000 205.000000 194.000000 187.000000 249.000000 240.000000 200.000000 213.000000 203.000000 216.000000 226.000000 215.000000 237.000000 247.000000 227.000000 241.000000 250.000000 242.000000 241.000000 266.000000 277.000000 285.000000 268.000000 269.000000 296.000000 270.000000 259.000000 261.000000 246.000000 89.000000 74.000000 179.000000 162.000000 169.000000 181.000000 238.000000 276.000000 292.000000 173.000000 127.000000 176.000000 114.000000 61.000000 7.000000 127.000000 223.000000 112.000000
170.000000 161.000000 167.000000 187.000000 207.000000 218.000000 235.000000 223.000000 243.000000 226.000000 190.000000 180.000000 194.000000 208.000000 263.000000 247.000000 218.000000 204.000000 198.000000 186.000000 177.000000 186.000000 200.000000 211.000000 233.000000 244.000000 220.000000 230.000000 217.000000 203.000000 217.000000 200.000000 199.000000 189.000000 179.000000 167.000000 180.000000 152.000000 146.000000 156.000000 168.000000 180.000000 155.000000 159.000000 179.000000 183.000000 166.000000 177.000000 190.000000 119.000000 105.000000 120.000000 131.000000 145.000000 137.000000 116.000000 76.000000 98.000000 156.000000 138.000000 90.000000 105.000000 106.000000 42.000000 61.000000 40.000000 27.000000 13.000000 0.000000 23.000000 36.000000 72.000000 149.000000 135.000000 149.000000 163.000000 202.000000 148.000000 161.000000 180.000000 187.000000 183.000000 169.000000 63.000000 53.000000 41.000000 48.000000 50.000000 90.000000 98.000000 105.000000 81.000000 72.000000 65.000000 90.000000 149.000000 103.000000 113.000000 132.000000 127.000000 145.000000 161.000000 159.000000 171.000000 144.000000 116.000000 108.000000 95.000000 83.000000 178.000000 191.000000 191.000000 209.000000 180.000000 155.000000 199.000000 212.000000 188.000000 196.000000 214.000000 186.000000 193.000000 200.000000 183.000000 218.000000 218.000000 207.000000 200.000000 262.000000 253.000000 213.000000 226.000000 216.000000 229.000000 239.000000 228.000000 250.000000 260.000000 240.000000 254.000000 263.000000 255.000000 254.000000 279.000000 290.000000 298.000000 281.000000 282.000000 309.000000 283.000000 272.000000 274.000000 259.000000 102.000000 87.000000 192.000000 175.000000 182.000000 194.000000 251.000000 289.000000 305.000000 186.000000 140.000000 189.000000 127.000000 74.000000 20.000000 140.000000 236.000000 125.000000
147.000000 138.000000 144.000000 164.000000 184.000000 195.000000 212.000000 200.000000 220.000000 203.000000 167.000000 157.000000 171.000000 185.000000 240.000000 224.000000 195.000000 181.000000 175.000000 163.000000 154.000000 163.000000 177.000000 188.000000 210.000000 221.000000 197.000000 207.000000 194.000000 180.000000 194.000000 177.000000 176.000000 166.000000 156.000000 144.000000 157.000000 129.000000 123.000000 133.000000 145.000000 177.000000 152.000000 136.000000 156.000000 160.000000 143.000000 154.000000 167.000000 96.000000 82.000000 97.000000 108.000000 122.000000 134.000000 113.000000 73.000000 95.000000 153.000000 115.000000 67.000000 82.000000 103.000000 39.000000 58.000000 37.000000 24.000000 10.000000 86.000000 0.000000 33.000000 49.000000 126.000000 112.000000 126.000000 140.000000 179.000000 125.000000 138.000000 157.000000 164.000000 160.000000 146.000000 40.000000 30.000000 18.000000 25.000000 47.000000 87.000000 80.000000 87.000000 63.000000 54.000000 42.000000 72.000000 131.000000 85.000000 95.000000 114.000000 109.000000 127.000000 143.000000 141.000000 153.000000 126.000000 93.000000 85.000000 72.000000 60.000000 160.000000 173.000000 168.000000 186.000000 162.000000 137.000000 181.000000 194.000000 170.000000 178.000000 196.000000 168.000000 175.000000 182.000000 165.000000 200.000000 200.000000 189.000000 182.000000 244.000000 235.000000 195.000000 208.000000 193.000000 206.000000 216.000000 210.000000 232.000000 242.000000 222.000000 236.000000 245.000000 232.000000 231.000000 256.000000 267.000000 280.000000 263.000000 264.000000 287.000000 260.000000 249.000000 251.000000 236.000000 99.000000 69.000000 172.000000 152.000000 159.000000 171.000000 228.000000 266.000000 282.000000 168.000000 122.000000 171.000000 109.000000 51.000000 17.000000 117.000000 213.000000 102.000000
157.000000 148.000000 154.000000 174.000000 194.000000 205.000000 222.000000 210.000000 230.000000 213.000000 177.000000 167.000000 181.000000 195.000000 250.000000 234.000000 205.000000 191.000000 185.000000 173.000000 164.000000 173.000000 187.000000 198.000000 220.000000 231.000000 207.000000 217.000000 204.000000 190.000000 204.000000 187.000000 186.000000 176.000000 166.000000 154.000000 167.000000 139.000000 133.000000 143.000000 155.000000 189.000000 167.000000 146.000000 166.000000 170.000000 153.000000 164.000000 177.000000 106.000000 92.000000 107.000000 118.000000 132.000000 149.000000 128.000000 88.000000 110.000000 168.000000 125.000000 77.000000 92.000000 118.000000 54.000000 73.000000 52.000000 39.000000 25.000000 96.000000 15.000000 0.000000 59.000000 136.000000 122.000000 136.000000 150.000000 189.000000 135.000000 148.000000 167.000000 174.000000 170.000000 156.000000 44.000000 40.000000 28.000000 29.000000 14.000000 80.000000 62.000000 69.000000 45.000000 36.000000 46.000000 54.000000 113.000000 67.000000 77.000000 96.000000 91.000000 109.000000 125.000000 123.000000 135.000000 108.000000 88.000000 80.000000 76.000000 64.000000 142.000000 155.000000 178.000000 196.000000 144.000000 119.000000 163.000000 176.000000 152.000000 160.000000 178.000000 150.000000 157.000000 164.000000 147.000000 182.000000 182.000000 171.000000 164.000000 226.000000 217.000000 177.000000 190.000000 203.000000 216.000000 217.000000 192.000000 214.000000 224.000000 204.000000 218.000000 227.000000 233.000000 241.000000 266.000000 277.000000 262.000000 245.000000 246.000000 273.000000 270.000000 259.000000 261.000000 246.000000 92.000000 51.000000 182.000000 162.000000 169.000000 181.000000 238.000000 276.000000 292.000000 150.000000 104.000000 153.000000 91.000000 55.000000 32.000000 127.000000 223.000000 112.000000
98.000000 89.000000 95.000000 115.000000 135.000000 146.000000 163.000000 151.000000 171.000000 154.000000 118.000000 108.000000 122.000000 136.000000 191.000000 175.000000 146.000000 132.000000 126.000000 114.000000 105.000000 114.000000 128.000000 139.000000 161.000000 172.000000 148.000000 158.000000 145.000000 131.000000 145.000000 128.000000 127.000000 117.000000 107.000000 95.000000 108.000000 80.000000 74.000000 84.000000 96.000000 130.000000 134.000000 87.000000 107.000000 111.000000 94.000000 105.000000 118.000000 47.000000 33.000000 48.000000 59.000000 73.000000 116.000000 95.000000 101.000000 123.000000 135.000000 66.000000 18.000000 33.000000 131.000000 67.000000 86.000000 65.000000 52.000000 50.000000 37.000000 60.000000 73.000000 0.000000 77.000000 63.000000 77.000000 91.000000 130.000000 76.000000 89.000000 108.000000 115.000000 111.000000 97.000000 100.000000 90.000000 78.000000 85.000000 87.000000 115.000000 133.000000 140.000000 118.000000 109.000000 102.000000 127.000000 186.000000 140.000000 150.000000 169.000000 164.000000 182.000000 198.000000 196.000000 208.000000 181.000000 153.000000 145.000000 132.000000 120.000000 147.000000 127.000000 119.000000 137.000000 156.000000 170.000000 175.000000 188.000000 199.000000 207.000000 225.000000 223.000000 230.000000 237.000000 220.000000 209.000000 194.000000 183.000000 176.000000 238.000000 229.000000 189.000000 189.000000 144.000000 157.000000 167.000000 204.000000 226.000000 236.000000 216.000000 230.000000 230.000000 183.000000 182.000000 207.000000 218.000000 274.000000 257.000000 224.000000 238.000000 211.000000 200.000000 202.000000 187.000000 127.000000 124.000000 123.000000 103.000000 110.000000 122.000000 179.000000 217.000000 233.000000 223.000000 177.000000 165.000000 164.000000 111.000000 57.000000 68.000000 164.000000 53.000000
47.000000 38.000000 44.000000 64.000000 84.000000 95.000000 112.000000 100.000000 120.000000 103.000000 74.000000 64.000000 78.000000 92.000000 140.000000 149.000000 120.000000 102.000000 82.000000 70.000000 79.000000 88.000000 102.000000 113.000000 135.000000 146.000000 122.000000 132.000000 119.000000 105.000000 123.000000 111.000000 101.000000 100.000000 90.000000 78.000000 91.000000 63.000000 57.000000 67.000000 79.000000 113.000000 138.000000 98.000000 104.000000 94.000000 105.000000 116.000000 129.000000 30.000000 44.000000 59.000000 70.000000 84.000000 127.000000 106.000000 121.000000 143.000000 146.000000 77.000000 38.000000 53.000000 151.000000 87.000000 106.000000 85.000000 72.000000 70.000000 57.000000 80.000000 93.000000 20.000000 0.000000 14.000000 28.000000 47.000000 86.000000 25.000000 12.000000 31.000000 38.000000 47.000000 20.000000 120.000000 110.000000 98.000000 105.000000 107.000000 135.000000 153.000000 160.000000 138.000000 129.000000 122.000000 147.000000 178.000000 160.000000 142.000000 161.000000 156.000000 174.000000 190.000000 178.000000 190.000000 136.000000 129.000000 121.000000 108.000000 114.000000 96.000000 76.000000 68.000000 86.000000 105.000000 119.000000 124.000000 137.000000 148.000000 156.000000 174.000000 184.000000 183.000000 199.000000 212.000000 158.000000 143.000000 132.000000 125.000000 187.000000 178.000000 138.000000 138.000000 93.000000 106.000000 116.000000 153.000000 175.000000 185.000000 165.000000 179.000000 179.000000 132.000000 131.000000 156.000000 167.000000 223.000000 206.000000 173.000000 187.000000 160.000000 174.000000 151.000000 136.000000 147.000000 144.000000 106.000000 86.000000 93.000000 96.000000 153.000000 168.000000 192.000000 205.000000 169.000000 114.000000 156.000000 123.000000 77.000000 39.000000 113.000000 24.000000
35.000000 26.000000 32.000000 52.000000 72.000000 83.000000 100.000000 88.000000 108.000000 91.000000 60.000000 50.000000 64.000000 78.000000 128.000000 135.000000 106.000000 88.000000 68.000000 56.000000 65.000000 74.000000 88.000000 99.000000 121.000000 132.000000 108.000000 118.000000 105.000000 91.000000 109.000000 97.000000 87.000000 86.000000 76.000000 64.000000 77.000000 49.000000 43.000000 53.000000 65.000000 99.000000 124.000000 84.000000 90.000000 80.000000 91.000000 102.000000 115.000000 16.000000 30.000000 45.000000 56.000000 70.000000 113.000000 92.000000 132.000000 145.000000 132.000000 63.000000 72.000000 87.000000 153.000000 121.000000 140.000000 119.000000 106.000000 104.000000 91.000000 114.000000 127.000000 54.000000 34.000000 0.000000 14.000000 33.000000 72.000000 13.000000 26.000000 45.000000 52.000000 48.000000 34.000000 117.000000 129.000000 132.000000 139.000000 141.000000 169.000000 158.000000 165.000000 141.000000 132.000000 120.000000 150.000000 166.000000 163.000000 130.000000 149.000000 144.000000 162.000000 178.000000 166.000000 178.000000 124.000000 117.000000 109.000000 96.000000 102.000000 84.000000 64.000000 56.000000 74.000000 93.000000 107.000000 112.000000 125.000000 136.000000 144.000000 162.000000 172.000000 171.000000 187.000000 200.000000 146.000000 131.000000 120.000000 113.000000 175.000000 166.000000 126.000000 126.000000 81.000000 94.000000 104.000000 141.000000 163.000000 173.000000 153.000000 167.000000 167.000000 120.000000 119.000000 144.000000 155.000000 211.000000 194.000000 161.000000 175.000000 148.000000 160.000000 139.000000 124.000000 181.000000 147.000000 92.000000 72.000000 79.000000 82.000000 139.000000 156.000000 180.000000 193.000000 157.000000 102.000000 144.000000 111.000000 111.000000 25.000000 101.000000 10.000000
160.000000 151.000000 157.000000 177.000000 197.000000 208.000000 225.000000 201.000000 221.000000 216.000000 46.000000 36.000000 50.000000 64.000000 202.000000 121.000000 92.000000 74.000000 54.000000 42.000000 51.000000 60.000000 74.000000 85.000000 107.000000 118.000000 94.000000 104.000000 91.000000 77.000000 95.000000 96.000000 73.000000 105.000000 126.000000 117.000000 81.000000 76.000000 96.000000 106.000000 118.000000 135.000000 160.000000 160.000000 143.000000 133.000000 144.000000 155.000000 168.000000 109.000000 123.000000 138.000000 149.000000 163.000000 189.000000 168.000000 208.000000 221.000000 208.000000 156.000000 168.000000 183.000000 229.000000 217.000000 223.000000 215.000000 202.000000 200.000000 187.000000 210.000000 223.000000 159.000000 139.000000 125.000000 0.000000 19.000000 58.000000 138.000000 151.000000 170.000000 177.000000 173.000000 159.000000 242.000000 240.000000 228.000000 235.000000 237.000000 265.000000 283.000000 290.000000 266.000000 257.000000 245.000000 275.000000 291.000000 288.000000 255.000000 274.000000 269.000000 287.000000 303.000000 291.000000 303.000000 249.000000 242.000000 234.000000 221.000000 227.000000 209.000000 189.000000 181.000000 199.000000 218.000000 232.000000 237.000000 250.000000 261.000000 269.000000 287.000000 297.000000 296.000000 312.000000 325.000000 271.000000 256.000000 245.000000 238.000000 282.000000 273.000000 251.000000 251.000000 206.000000 219.000000 229.000000 266.000000 263.000000 253.000000 270.000000 284.000000 245.000000 226.000000 208.000000 233.000000 233.000000 318.000000 301.000000 231.000000 204.000000 177.000000 146.000000 180.000000 194.000000 277.000000 272.000000 145.000000 125.000000 98.000000 68.000000 125.000000 163.000000 179.000000 318.000000 282.000000 227.000000 269.000000 236.000000 207.000000 130.000000 226.000000 115.000000
141.000000 132.000000 138.000000 158.000000 178.000000 189.000000 206.000000 182.000000 202.000000 197.000000 27.000000 17.000000 31.000000 45.000000 183.000000 102.000000 73.000000 55.000000 35.000000 23.000000 32.000000 41.000000 55.000000 66.000000 88.000000 99.000000 75.000000 85.000000 72.000000 58.000000 76.000000 77.000000 54.000000 86.000000 107.000000 98.000000 62.000000 57.000000 77.000000 87.000000 99.000000 116.000000 141.000000 141.000000 124.000000 114.000000 125.000000 136.000000 149.000000 90.000000 104.000000 119.000000 130.000000 144.000000 170.000000 149.000000 189.000000 202.000000 189.000000 137.000000 149.000000 164.000000 210.000000 198.000000 204.000000 196.000000 183.000000 181.000000 168.000000 191.000000 204.000000 140.000000 120.000000 106.000000 55.000000 0.000000 39.000000 119.000000 132.000000 151.000000 158.000000 154.000000 140.000000 223.000000 221.000000 209.000000 216.000000 218.000000 246.000000 264.000000 271.000000 247.000000 238.000000 226.000000 256.000000 272.000000 269.000000 236.000000 255.000000 250.000000 268.000000 284.000000 272.000000 284.000000 230.000000 223.000000 215.000000 202.000000 208.000000 190.000000 170.000000 162.000000 180.000000 199.000000 213.000000 218.000000 231.000000 242.000000 250.000000 268.000000 278.000000 277.000000 293.000000 306.000000 252.000000 237.000000 226.000000 219.000000 263.000000 254.000000 232.000000 232.000000 187.000000 200.000000 210.000000 247.000000 244.000000 234.000000 251.000000 265.000000 226.000000 207.000000 189.000000 214.000000 214.000000 299.000000 282.000000 212.000000 185.000000 158.000000 127.000000 161.000000 175.000000 258.000000 253.000000 126.000000 106.000000 79.000000 49.000000 106.000000 144.000000 160.000000 299.000000 263.000000 208.000000 250.000000 217.000000 188.000000 111.000000 207.000000 96.000000
176.000000 167.000000 173.000000 193.000000 213.000000 224.000000 241.000000 217.000000 237.000000 232.000000 62.000000 52.000000 66.000000 80.000000 218.000000 137.000000 108.000000 90.000000 70.000000 58.000000 67.000000 76.000000 90.000000 101.000000 123.000000 134.000000 110.000000 120.000000 107.000000 93.000000 111.000000 112.000000 89.000000 121.000000 142.000000 133.000000 97.000000 92.000000 112.000000 122.000000 134.000000 151.000000 176.000000 176.000000 159.000000 149.000000 160.000000 171.000000 184.000000 125.000000 139.000000 154.000000 165.000000 179.000000 205.000000 184.000000 224.000000 237.000000 224.000000 172.000000 184.000000 199.000000 245.000000 233.000000 239.000000 231.000000 218.000000 216.000000 203.000000 226.000000 239.000000 175.000000 155.000000 141.000000 16.000000 35.000000 0.000000 154.000000 167.000000 186.000000 193.000000 189.000000 175.000000 258.000000 256.000000 244.000000 251.000000 253.000000 281.000000 299.000000 306.000000 282.000000 273.000000 261.000000 291.000000 307.000000 304.000000 271.000000 290.000000 285.000000 303.000000 319.000000 307.000000 319.000000 265.000000 258.000000 250.000000 237.000000 243.000000 225.000000 205.000000 197.000000 215.000000 234.000000 248.000000 253.000000 266.000000 277.000000 285.000000 303.000000 313.000000 312.000000 328.000000 341.000000 287.000000 272.000000 261.000000 254.000000 298.000000 289.000000 267.000000 267.000000 222.000000 235.000000 245.000000 282.000000 279.000000 269.000000 286.000000 300.000000 261.000000 242.000000 224.000000 249.000000 249.000000 334.000000 317.000000 247.000000 220.000000 193.000000 162.000000 196.000000 210.000000 293.000000 288.000000 161.000000 141.000000 114.000000 84.000000 141.000000 179.000000 195.000000 334.000000 298.000000 243.000000 285.000000 252.000000 223.000000 146.000000 242.000000 131.000000
22.000000 13.000000 19.000000 39.000000 59.000000 70.000000 87.000000 75.000000 95.000000 78.000000 73.000000 63.000000 77.000000 91.000000 115.000000 131.000000 119.000000 101.000000 81.000000 69.000000 78.000000 87.000000 101.000000 112.000000 134.000000 145.000000 121.000000 131.000000 118.000000 104.000000 122.000000 110.000000 100.000000 99.000000 89.000000 77.000000 90.000000 62.000000 56.000000 66.000000 78.000000 112.000000 137.000000 97.000000 103.000000 93.000000 104.000000 115.000000 128.000000 29.000000 43.000000 58.000000 69.000000 83.000000 126.000000 105.000000 145.000000 158.000000 145.000000 76.000000 63.000000 78.000000 166.000000 112.000000 131.000000 110.000000 97.000000 95.000000 82.000000 105.000000 118.000000 45.000000 25.000000 13.000000 27.000000 46.000000 85.000000 0.000000 13.000000 32.000000 39.000000 35.000000 21.000000 104.000000 116.000000 123.000000 130.000000 132.000000 160.000000 145.000000 152.000000 128.000000 119.000000 107.000000 137.000000 153.000000 150.000000 117.000000 136.000000 131.000000 149.000000 165.000000 153.000000 165.000000 111.000000 104.000000 96.000000 83.000000 89.000000 71.000000 51.000000 43.000000 61.000000 80.000000 94.000000 99.000000 112.000000 123.000000 131.000000 149.000000 159.000000 158.000000 174.000000 187.000000 133.000000 118.000000 107.000000 100.000000 162.000000 153.000000 113.000000 113.000000 68.000000 81.000000 91.000000 128.000000 150.000000 160.000000 140.000000 154.000000 154.000000 107.000000 106.000000 131.000000 142.000000 198.000000 181.000000 148.000000 162.000000 135.000000 160.000000 126.000000 111.000000 172.000000 134.000000 105.000000 85.000000 92.000000 95.000000 135.000000 143.000000 167.000000 180.000000 144.000000 89.000000 131.000000 98.000000 102.000000 38.000000 88.000000 23.000000
35.000000 26.000000 32.000000 52.000000 72.000000 83.000000 100.000000 88.000000 108.000000 91.000000 86.000000 76.000000 90.000000 104.000000 128.000000 144.000000 132.000000 114.000000 94.000000 82.000000 91.000000 100.000000 114.000000 125.000000 147.000000 158.000000 134.000000 144.000000 131.000000 117.000000 135.000000 123.000000 113.000000 112.000000 102.000000 90.000000 103.000000 75.000000 69.000000 79.000000 91.000000 125.000000 150.000000 110.000000 116.000000 106.000000 117.000000 128.000000 141.000000 42.000000 56.000000 71.000000 82.000000 96.000000 139.000000 118.000000 133.000000 155.000000 158.000000 89.000000 50.000000 65.000000 163.000000 99.000000 118.000000 97.000000 84.000000 82.000000 69.000000 92.000000 105.000000 32.000000 12.000000 26.000000 40.000000 59.000000 98.000000 13.000000 0.000000 19.000000 26.000000 35.000000 8.000000 117.000000 122.000000 110.000000 117.000000 119.000000 147.000000 158.000000 165.000000 141.000000 132.000000 120.000000 150.000000 166.000000 163.000000 130.000000 149.000000 144.000000 162.000000 178.000000 166.000000 178.000000 124.000000 117.000000 109.000000 96.000000 102.000000 84.000000 64.000000 56.000000 74.000000 93.000000 107.000000 112.000000 125.000000 136.000000 144.000000 162.000000 172.000000 171.000000 187.000000 200.000000 146.000000 131.000000 120.000000 113.000000 175.000000 166.000000 126.000000 126.000000 81.000000 94.000000 104.000000 141.000000 163.000000 173.000000 153.000000 167.000000 167.000000 120.000000 119.000000 144.000000 155.000000 211.000000 194.000000 161.000000 175.000000 148.000000 173.000000 139.000000 124.000000 159.000000 147.000000 118.000000 98.000000 105.000000 108.000000 148.000000 156.000000 180.000000 193.000000 157.000000 102.000000 144.000000 111.000000 89.000000 51.000000 101.000000 36.000000
29.000000 38.000000 44.000000 48.000000 68.000000 79.000000 96.000000 84.000000 104.000000 87.000000 96.000000 95.000000 109.000000 123.000000 124.000000 140.000000 151.000000 133.000000 113.000000 101.000000 110.000000 119.000000 133.000000 144.000000 166.000000 159.000000 153.000000 163.000000 150.000000 136.000000 154.000000 142.000000 132.000000 131.000000 121.000000 109.000000 122.000000 94.000000 88.000000 98.000000 110.000000 144.000000 169.000000 129.000000 135.000000 125.000000 136.000000 147.000000 160.000000 61.000000 75.000000 90.000000 101.000000 115.000000 158.000000 137.000000 152.000000 174.000000 177.000000 108.000000 69.000000 84.000000 182.000000 118.000000 137.000000 116.000000 103.000000 101.000000 88.000000 111.000000 124.000000 51.000000 31.000000 45.000000 59.000000 78.000000 108.000000 32.000000 19.000000 0.000000 7.000000 16.000000 11.000000 111.000000 123.000000 129.000000 136.000000 138.000000 166.000000 152.000000 159.000000 135.000000 126.000000 114.000000 144.000000 160.000000 157.000000 124.000000 143.000000 138.000000 156.000000 172.000000 160.000000 172.000000 118.000000 111.000000 103.000000 90.000000 96.000000 78.000000 58.000000 50.000000 68.000000 87.000000 101.000000 106.000000 119.000000 130.000000 138.000000 156.000000 166.000000 165.000000 181.000000 194.000000 140.000000 125.000000 114.000000 107.000000 169.000000 160.000000 120.000000 120.000000 75.000000 88.000000 98.000000 135.000000 157.000000 167.000000 147.000000 161.000000 163.000000 114.000000 115.000000 140.000000 151.000000 205.000000 188.000000 157.000000 171.000000 144.000000 169.000000 135.000000 120.000000 178.000000 141.000000 137.000000 117.000000 124.000000 127.000000 144.000000 152.000000 176.000000 187.000000 151.000000 96.000000 138.000000 105.000000 108.000000 70.000000 97.000000 55.000000
22.000000 31.000000 37.000000 41.000000 61.000000 72.000000 89.000000 77.000000 97.000000 80.000000 89.000000 91.000000 105.000000 119.000000 117.000000 133.000000 147.000000 129.000000 109.000000 97.000000 106.000000 115.000000 129.000000 140.000000 162.000000 152.000000 149.000000 159.000000 146.000000 132.000000 150.000000 138.000000 128.000000 127.000000 117.000000 105.000000 118.000000 90.000000 84.000000 94.000000 106.000000 140.000000 165.000000 125.000000 131.000000 121.000000 132.000000 143.000000 156.000000 57.000000 71.000000 86.000000 97.000000 111.000000 154.000000 133.000000 148.000000 170.000000 173.000000 104.000000 65.000000 80.000000 178.000000 114.000000 133.000000 112.000000 99.000000 97.000000 84.000000 107.000000 120.000000 47.000000 27.000000 41.000000 55.000000 74.000000 101.000000 28.000000 15.000000 7.000000 0.000000 9.000000 18.000000 104.000000 116.000000 125.000000 132.000000 134.000000 162.000000 145.000000 152.000000 128.000000 119.000000 107.000000 137.000000 153.000000 150.000000 117.000000 136.000000 131.000000 149.000000 165.000000 153.000000 165.000000 111.000000 104.000000 96.000000 83.000000 89.000000 71.000000 51.000000 43.000000 61.000000 80.000000 94.000000 99.000000 112.000000 123.000000 131.000000 149.000000 159.000000 158.000000 174.000000 187.000000 133.000000 118.000000 107.000000 100.000000 162.000000 153.000000 113.000000 113.000000 68.000000 81.000000 91.000000 128.000000 150.000000 160.000000 140.000000 154.000000 156.000000 107.000000 108.000000 133.000000 144.000000 198.000000 181.000000 150.000000 164.000000 137.000000 162.000000 128.000000 113.000000 174.000000 134.000000 133.000000 113.000000 120.000000 123.000000 137.000000 145.000000 169.000000 180.000000 144.000000 89.000000 131.000000 98.000000 104.000000 66.000000 90.000000 51.000000
13.000000 22.000000 28.000000 32.000000 52.000000 63.000000 80.000000 68.000000 88.000000 71.000000 80.000000 98.000000 112.000000 113.000000 108.000000 124.000000 138.000000 123.000000 116.000000 104.000000 113.000000 122.000000 136.000000 147.000000 169.000000 143.000000 156.000000 166.000000 153.000000 139.000000 157.000000 145.000000 135.000000 134.000000 124.000000 112.000000 125.000000 97.000000 91.000000 101.000000 113.000000 147.000000 172.000000 132.000000 138.000000 128.000000 139.000000 150.000000 163.000000 64.000000 78.000000 93.000000 104.000000 118.000000 161.000000 140.000000 157.000000 179.000000 180.000000 111.000000 74.000000 89.000000 187.000000 123.000000 142.000000 121.000000 108.000000 106.000000 93.000000 116.000000 129.000000 56.000000 36.000000 48.000000 62.000000 81.000000 92.000000 35.000000 24.000000 16.000000 9.000000 0.000000 27.000000 95.000000 107.000000 134.000000 141.000000 140.000000 154.000000 136.000000 143.000000 119.000000 110.000000 98.000000 128.000000 144.000000 141.000000 108.000000 127.000000 122.000000 140.000000 156.000000 144.000000 156.000000 102.000000 95.000000 87.000000 74.000000 80.000000 62.000000 42.000000 34.000000 52.000000 71.000000 85.000000 90.000000 103.000000 114.000000 122.000000 140.000000 150.000000 149.000000 165.000000 178.000000 124.000000 109.000000 98.000000 91.000000 153.000000 144.000000 104.000000 104.000000 59.000000 72.000000 82.000000 119.000000 141.000000 151.000000 131.000000 145.000000 147.000000 98.000000 99.000000 124.000000 135.000000 189.000000 172.000000 141.000000 155.000000 128.000000 153.000000 119.000000 104.000000 166.000000 125.000000 140.000000 120.000000 127.000000 130.000000 128.000000 136.000000 160.000000 171.000000 135.000000 80.000000 122.000000 89.000000 113.000000 73.000000 81.000000 58.000000
40.000000 34.000000 40.000000 59.000000 79.000000 90.000000 107.000000 95.000000 115.000000 98.000000 94.000000 84.000000 98.000000 112.000000 135.000000 151.000000 140.000000 122.000000 102.000000 90.000000 99.000000 108.000000 122.000000 133.000000 155.000000 166.000000 142.000000 152.000000 139.000000 125.000000 143.000000 131.000000 121.000000 120.000000 110.000000 98.000000 111.000000 83.000000 77.000000 87.000000 99.000000 133.000000 158.000000 118.000000 124.000000 114.000000 125.000000 136.000000 149.000000 50.000000 64.000000 79.000000 90.000000 104.000000 147.000000 126.000000 141.000000 163.000000 166.000000 97.000000 58.000000 73.000000 171.000000 107.000000 126.000000 105.000000 92.000000 90.000000 77.000000 100.000000 113.000000 40.000000 20.000000 34.000000 48.000000 67.000000 106.000000 21.000000 8.000000 11.000000 18.000000 27.000000 0.000000 122.000000 130.000000 118.000000 125.000000 127.000000 155.000000 163.000000 170.000000 146.000000 137.000000 125.000000 155.000000 171.000000 168.000000 135.000000 154.000000 149.000000 167.000000 183.000000 171.000000 183.000000 129.000000 122.000000 114.000000 101.000000 107.000000 89.000000 69.000000 61.000000 79.000000 98.000000 112.000000 117.000000 130.000000 141.000000 149.000000 167.000000 177.000000 176.000000 192.000000 205.000000 151.000000 136.000000 125.000000 118.000000 180.000000 171.000000 131.000000 131.000000 86.000000 99.000000 109.000000 146.000000 168.000000 178.000000 158.000000 172.000000 174.000000 125.000000 126.000000 151.000000 162.000000 216.000000 199.000000 168.000000 182.000000 155.000000 180.000000 146.000000 131.000000 167.000000 152.000000 126.000000 106.000000 113.000000 116.000000 155.000000 163.000000 187.000000 198.000000 162.000000 107.000000 149.000000 116.000000 97.000000 59.000000 108.000000 44.000000
129.000000 120.000000 126.000000 146.000000 166.000000 177.000000 194.000000 182.000000 202.000000 185.000000 149.000000 139.000000 153.000000 167.000000 222.000000 206.000000 177.000000 163.000000 157.000000 145.000000 136.000000 145.000000 159.000000 170.000000 192.000000 203.000000 179.000000 189.000000 176.000000 162.000000 176.000000 159.000000 158.000000 148.000000 138.000000 126.000000 139.000000 111.000000 105.000000 115.000000 127.000000 161.000000 165.000000 118.000000 138.000000 142.000000 125.000000 136.000000 149.000000 78.000000 64.000000 79.000000 90.000000 104.000000 147.000000 126.000000 106.000000 128.000000 166.000000 97.000000 49.000000 64.000000 136.000000 72.000000 91.000000 70.000000 57.000000 43.000000 68.000000 33.000000 66.000000 31.000000 108.000000 94.000000 108.000000 122.000000 161.000000 107.000000 120.000000 139.000000 146.000000 142.000000 128.000000 0.000000 12.000000 51.000000 58.000000 80.000000 120.000000 113.000000 120.000000 96.000000 87.000000 75.000000 105.000000 164.000000 118.000000 128.000000 147.000000 142.000000 160.000000 176.000000 174.000000 186.000000 159.000000 126.000000 118.000000 105.000000 93.000000 178.000000 158.000000 150.000000 168.000000 187.000000 170.000000 206.000000 219.000000 203.000000 211.000000 229.000000 201.000000 208.000000 215.000000 198.000000 233.000000 225.000000 214.000000 207.000000 269.000000 260.000000 220.000000 220.000000 175.000000 188.000000 198.000000 235.000000 257.000000 267.000000 247.000000 261.000000 261.000000 214.000000 213.000000 238.000000 249.000000 305.000000 288.000000 255.000000 269.000000 242.000000 231.000000 233.000000 218.000000 132.000000 102.000000 154.000000 134.000000 141.000000 153.000000 210.000000 248.000000 264.000000 201.000000 155.000000 196.000000 142.000000 84.000000 50.000000 99.000000 195.000000 84.000000
117.000000 108.000000 114.000000 134.000000 154.000000 165.000000 182.000000 170.000000 190.000000 173.000000 137.000000 127.000000 141.000000 155.000000 210.000000 194.000000 165.000000 151.000000 145.000000 133.000000 124.000000 133.000000 147.000000 158.000000 180.000000 191.000000 167.000000 177.000000 164.000000 150.000000 164.000000 147.000000 146.000000 136.000000 126.000000 114.000000 127.000000 99.000000 93.000000 103.000000 115.000000 149.000000 153.000000 106.000000 126.000000 130.000000 113.000000 124.000000 137.000000 66.000000 52.000000 67.000000 78.000000 92.000000 135.000000 114.000000 94.000000 116.000000 154.000000 85.000000 37.000000 52.000000 124.000000 60.000000 79.000000 58.000000 45.000000 31.000000 56.000000 21.000000 54.000000 19.000000 96.000000 82.000000 96.000000 110.000000 149.000000 95.000000 108.000000 127.000000 134.000000 130.000000 116.000000 61.000000 0.000000 39.000000 46.000000 68.000000 108.000000 101.000000 108.000000 84.000000 75.000000 63.000000 93.000000 152.000000 106.000000 116.000000 135.000000 130.000000 148.000000 164.000000 162.000000 174.000000 147.000000 114.000000 106.000000 93.000000 81.000000 166.000000 146.000000 138.000000 156.000000 175.000000 158.000000 194.000000 207.000000 191.000000 199.000000 217.000000 189.000000 196.000000 203.000000 186.000000 221.000000 213.000000 202.000000 195.000000 257.000000 248.000000 208.000000 208.000000 163.000000 176.000000 186.000000 223.000000 245.000000 255.000000 235.000000 249.000000 249.000000 202.000000 201.000000 226.000000 237.000000 293.000000 276.000000 243.000000 257.000000 230.000000 219.000000 221.000000 206.000000 120.000000 90.000000 142.000000 122.000000 129.000000 141.000000 198.000000 236.000000 252.000000 189.000000 143.000000 184.000000 130.000000 72.000000 38.000000 87.000000 183.000000 72.000000
129.000000 120.000000 126.000000 146.000000 166.000000 177.000000 194.000000 182.000000 202.000000 185.000000 149.000000 139.000000 153.000000 167.000000 222.000000 206.000000 177.000000 163.000000 157.000000 145.000000 136.000000 145.000000 159.000000 170.000000 192.000000 203.000000 179.000000 189.000000 176.000000 162.000000 176.000000 159.000000 158.000000 148.000000 138.000000 126.000000 139.000000 111.000000 105.000000 115.000000 127.000000 161.000000 165.000000 118.000000 138.000000 142.000000 125.000000 136.000000 149.000000 78.000000 64.000000 79.000000 90.000000 104.000000 147.000000 126.000000 106.000000 128.000000 166.000000 97.000000 49.000000 64.000000 136.000000 72.000000 91.000000 70.000000 57.000000 43.000000 68.000000 33.000000 66.000000 31.000000 108.000000 94.000000 108.000000 122.000000 161.000000 107.000000 120.000000 139.000000 146.000000 142.000000 128.000000 22.000000 12.000000 0.000000 7.000000 66.000000 80.000000 62.000000 69.000000 45.000000 36.000000 24.000000 54.000000 113.000000 67.000000 77.000000 96.000000 91.000000 109.000000 125.000000 123.000000 135.000000 108.000000 75.000000 67.000000 54.000000 42.000000 142.000000 155.000000 150.000000 168.000000 144.000000 119.000000 163.000000 176.000000 152.000000 160.000000 178.000000 150.000000 157.000000 164.000000 147.000000 182.000000 182.000000 171.000000 164.000000 226.000000 217.000000 177.000000 190.000000 175.000000 188.000000 198.000000 192.000000 214.000000 224.000000 204.000000 218.000000 227.000000 214.000000 213.000000 238.000000 249.000000 262.000000 245.000000 246.000000 269.000000 242.000000 231.000000 233.000000 218.000000 92.000000 51.000000 154.000000 134.000000 141.000000 153.000000 210.000000 248.000000 264.000000 150.000000 104.000000 153.000000 91.000000 33.000000 50.000000 99.000000 195.000000 84.000000
136.000000 127.000000 133.000000 153.000000 173.000000 184.000000 201.000000 189.000000 209.000000 192.000000 156.000000 146.000000 160.000000 174.000000 229.000000 213.000000 184.000000 170.000000 164.000000 152.000000 143.000000 152.000000 166.000000 177.000000 199.000000 210.000000 186.000000 196.000000 183.000000 169.000000 183.000000 166.000000 165.000000 155.000000 145.000000 133.000000 146.000000 118.000000 112.000000 122.000000 134.000000 168.000000 172.000000 125.000000 145.000000 149.000000 132.000000 143.000000 156.000000 85.000000 71.000000 86.000000 97.000000 111.000000 154.000000 133.000000 113.000000 135.000000 173.000000 104.000000 56.000000 71.000000 143.000000 79.000000 98.000000 77.000000 64.000000 50.000000 75.000000 40.000000 73.000000 38.000000 115.000000 101.000000 115.000000 129.000000 168.000000 114.000000 127.000000 146.000000 153.000000 149.000000 135.000000 15.000000 19.000000 7.000000 0.000000 59.000000 73.000000 55.000000 62.000000 38.000000 29.000000 17.000000 47.000000 106.000000 60.000000 70.000000 89.000000 84.000000 102.000000 118.000000 116.000000 128.000000 101.000000 68.000000 60.000000 47.000000 35.000000 135.000000 148.000000 157.000000 175.000000 137.000000 112.000000 156.000000 169.000000 145.000000 153.000000 171.000000 143.000000 150.000000 157.000000 140.000000 175.000000 175.000000 164.000000 157.000000 219.000000 210.000000 170.000000 183.000000 182.000000 195.000000 205.000000 185.000000 207.000000 217.000000 197.000000 211.000000 220.000000 221.000000 220.000000 245.000000 256.000000 255.000000 238.000000 239.000000 266.000000 249.000000 238.000000 240.000000 225.000000 85.000000 44.000000 161.000000 141.000000 148.000000 160.000000 217.000000 255.000000 271.000000 143.000000 97.000000 146.000000 84.000000 26.000000 57.000000 106.000000 202.000000 91.000000
143.000000 134.000000 140.000000 160.000000 180.000000 191.000000 208.000000 196.000000 216.000000 199.000000 163.000000 153.000000 167.000000 181.000000 236.000000 220.000000 191.000000 177.000000 171.000000 159.000000 150.000000 159.000000 173.000000 184.000000 206.000000 217.000000 193.000000 203.000000 190.000000 176.000000 190.000000 173.000000 172.000000 162.000000 152.000000 140.000000 153.000000 125.000000 119.000000 129.000000 141.000000 175.000000 179.000000 132.000000 152.000000 156.000000 139.000000 150.000000 163.000000 92.000000 78.000000 93.000000 104.000000 118.000000 161.000000 140.000000 102.000000 124.000000 180.000000 111.000000 63.000000 78.000000 132.000000 68.000000 87.000000 66.000000 53.000000 39.000000 82.000000 29.000000 14.000000 45.000000 122.000000 108.000000 122.000000 136.000000 175.000000 121.000000 134.000000 153.000000 160.000000 156.000000 142.000000 30.000000 26.000000 14.000000 15.000000 0.000000 66.000000 48.000000 55.000000 31.000000 22.000000 32.000000 40.000000 99.000000 53.000000 63.000000 82.000000 77.000000 95.000000 111.000000 109.000000 121.000000 94.000000 74.000000 66.000000 62.000000 50.000000 128.000000 141.000000 164.000000 182.000000 130.000000 105.000000 149.000000 162.000000 138.000000 146.000000 164.000000 136.000000 143.000000 150.000000 133.000000 168.000000 168.000000 157.000000 150.000000 212.000000 203.000000 163.000000 176.000000 189.000000 202.000000 203.000000 178.000000 200.000000 210.000000 190.000000 204.000000 213.000000 219.000000 227.000000 252.000000 263.000000 248.000000 231.000000 232.000000 259.000000 256.000000 245.000000 247.000000 232.000000 78.000000 37.000000 168.000000 148.000000 155.000000 167.000000 224.000000 262.000000 278.000000 136.000000 90.000000 139.000000 77.000000 41.000000 46.000000 113.000000 209.000000 98.000000
167.000000 158.000000 164.000000 184.000000 204.000000 215.000000 232.000000 220.000000 240.000000 223.000000 187.000000 177.000000 191.000000 205.000000 260.000000 244.000000 215.000000 201.000000 195.000000 183.000000 174.000000 183.000000 197.000000 208.000000 230.000000 241.000000 217.000000 227.000000 214.000000 200.000000 214.000000 197.000000 196.000000 186.000000 176.000000 164.000000 177.000000 149.000000 143.000000 153.000000 165.000000 199.000000 176.000000 156.000000 176.000000 180.000000 163.000000 174.000000 187.000000 116.000000 102.000000 117.000000 128.000000 142.000000 158.000000 137.000000 97.000000 119.000000 177.000000 135.000000 87.000000 102.000000 127.000000 92.000000 82.000000 50.000000 77.000000 63.000000 106.000000 53.000000 38.000000 69.000000 146.000000 132.000000 146.000000 160.000000 199.000000 145.000000 158.000000 177.000000 184.000000 180.000000 166.000000 54.000000 50.000000 38.000000 39.000000 24.000000 0.000000 18.000000 25.000000 43.000000 46.000000 56.000000 60.000000 81.000000 73.000000 83.000000 64.000000 97.000000 115.000000 101.000000 129.000000 141.000000 114.000000 94.000000 86.000000 86.000000 74.000000 148.000000 161.000000 188.000000 206.000000 150.000000 125.000000 169.000000 182.000000 158.000000 166.000000 184.000000 153.000000 156.000000 140.000000 123.000000 181.000000 188.000000 177.000000 170.000000 231.000000 222.000000 183.000000 196.000000 213.000000 226.000000 223.000000 198.000000 220.000000 230.000000 210.000000 224.000000 233.000000 239.000000 251.000000 276.000000 287.000000 267.000000 250.000000 252.000000 279.000000 280.000000 269.000000 271.000000 256.000000 12.000000 31.000000 192.000000 172.000000 179.000000 191.000000 248.000000 286.000000 302.000000 130.000000 110.000000 159.000000 97.000000 65.000000 70.000000 137.000000 233.000000 122.000000
185.000000 176.000000 182.000000 202.000000 222.000000 233.000000 234.000000 238.000000 258.000000 241.000000 205.000000 195.000000 209.000000 223.000000 278.000000 262.000000 233.000000 219.000000 213.000000 201.000000 192.000000 201.000000 215.000000 226.000000 248.000000 259.000000 235.000000 245.000000 232.000000 218.000000 232.000000 215.000000 214.000000 204.000000 194.000000 182.000000 195.000000 167.000000 161.000000 171.000000 183.000000 217.000000 194.000000 174.000000 194.000000 198.000000 181.000000 192.000000 205.000000 134.000000 120.000000 135.000000 146.000000 160.000000 176.000000 155.000000 115.000000 137.000000 195.000000 153.000000 105.000000 120.000000 145.000000 110.000000 100.000000 68.000000 95.000000 81.000000 124.000000 71.000000 56.000000 87.000000 164.000000 150.000000 164.000000 178.000000 217.000000 163.000000 176.000000 195.000000 202.000000 198.000000 184.000000 72.000000 68.000000 56.000000 57.000000 42.000000 18.000000 0.000000 7.000000 25.000000 60.000000 72.000000 42.000000 63.000000 55.000000 65.000000 46.000000 79.000000 97.000000 83.000000 111.000000 123.000000 96.000000 76.000000 68.000000 102.000000 90.000000 130.000000 143.000000 206.000000 224.000000 132.000000 107.000000 151.000000 164.000000 140.000000 148.000000 166.000000 135.000000 138.000000 122.000000 105.000000 163.000000 170.000000 159.000000 152.000000 213.000000 204.000000 165.000000 178.000000 197.000000 210.000000 205.000000 180.000000 202.000000 212.000000 192.000000 206.000000 215.000000 221.000000 253.000000 278.000000 274.000000 249.000000 232.000000 234.000000 261.000000 282.000000 287.000000 273.000000 258.000000 30.000000 31.000000 210.000000 190.000000 197.000000 209.000000 266.000000 290.000000 314.000000 112.000000 92.000000 141.000000 79.000000 81.000000 88.000000 155.000000 225.000000 140.000000
182.000000 173.000000 179.000000 199.000000 219.000000 230.000000 227.000000 235.000000 255.000000 238.000000 202.000000 192.000000 206.000000 220.000000 275.000000 259.000000 230.000000 216.000000 210.000000 198.000000 189.000000 198.000000 212.000000 223.000000 245.000000 256.000000 232.000000 242.000000 229.000000 215.000000 229.000000 212.000000 211.000000 201.000000 191.000000 179.000000 192.000000 164.000000 158.000000 168.000000 180.000000 214.000000 201.000000 171.000000 191.000000 195.000000 178.000000 189.000000 202.000000 131.000000 117.000000 132.000000 143.000000 157.000000 183.000000 162.000000 122.000000 144.000000 202.000000 150.000000 102.000000 117.000000 152.000000 107.000000 107.000000 75.000000 92.000000 78.000000 121.000000 68.000000 53.000000 84.000000 161.000000 147.000000 161.000000 175.000000 214.000000 160.000000 173.000000 192.000000 199.000000 195.000000 181.000000 69.000000 65.000000 53.000000 54.000000 39.000000 25.000000 7.000000 0.000000 18.000000 53.000000 65.000000 35.000000 56.000000 48.000000 58.000000 39.000000 72.000000 90.000000 76.000000 104.000000 116.000000 89.000000 69.000000 61.000000 95.000000 83.000000 123.000000 136.000000 203.000000 221.000000 125.000000 100.000000 144.000000 157.000000 133.000000 141.000000 159.000000 128.000000 131.000000 115.000000 98.000000 156.000000 163.000000 152.000000 145.000000 206.000000 197.000000 158.000000 171.000000 190.000000 203.000000 198.000000 173.000000 195.000000 205.000000 185.000000 199.000000 208.000000 214.000000 246.000000 271.000000 267.000000 242.000000 225.000000 227.000000 254.000000 275.000000 284.000000 266.000000 251.000000 37.000000 24.000000 207.000000 187.000000 194.000000 206.000000 263.000000 283.000000 307.000000 105.000000 85.000000 134.000000 72.000000 74.000000 85.000000 152.000000 218.000000 137.000000
164.000000 155.000000 161.000000 181.000000 201.000000 212.000000 209.000000 217.000000 237.000000 220.000000 184.000000 174.000000 188.000000 202.000000 257.000000 241.000000 212.000000 198.000000 192.000000 180.000000 171.000000 180.000000 194.000000 205.000000 227.000000 238.000000 214.000000 224.000000 211.000000 197.000000 211.000000 194.000000 193.000000 183.000000 173.000000 161.000000 174.000000 146.000000 140.000000 150.000000 162.000000 196.000000 200.000000 153.000000 173.000000 177.000000 160.000000 171.000000 184.000000 113.000000 99.000000 114.000000 125.000000 139.000000 182.000000 161.000000 123.000000 145.000000 201.000000 132.000000 84.000000 99.000000 153.000000 89.000000 108.000000 85.000000 74.000000 60.000000 103.000000 50.000000 35.000000 66.000000 143.000000 129.000000 143.000000 157.000000 196.000000 142.000000 155.000000 174.000000 181.000000 177.000000 163.000000 51.000000 47.000000 35.000000 36.000000 21.000000 35.000000 17.000000 24.000000 0.000000 35.000000 47.000000 17.000000 76.000000 30.000000 40.000000 59.000000 54.000000 72.000000 88.000000 86.000000 98.000000 71.000000 51.000000 43.000000 77.000000 65.000000 105.000000 118.000000 185.000000 203.000000 107.000000 82.000000 126.000000 139.000000 115.000000 123.000000 141.000000 113.000000 120.000000 127.000000 110.000000 145.000000 145.000000 134.000000 127.000000 189.000000 180.000000 140.000000 153.000000 172.000000 185.000000 180.000000 155.000000 177.000000 187.000000 167.000000 181.000000 190.000000 196.000000 228.000000 253.000000 250.000000 225.000000 208.000000 209.000000 236.000000 257.000000 266.000000 248.000000 233.000000 47.000000 6.000000 189.000000 169.000000 176.000000 188.000000 245.000000 265.000000 289.000000 113.000000 67.000000 116.000000 54.000000 56.000000 67.000000 134.000000 200.000000 119.000000
173.000000 164.000000 170.000000 190.000000 210.000000 221.000000 210.000000 220.000000 240.000000 229.000000 193.000000 183.000000 197.000000 211.000000 260.000000 250.000000 221.000000 207.000000 201.000000 189.000000 180.000000 189.000000 203.000000 214.000000 236.000000 247.000000 223.000000 233.000000 220.000000 206.000000 220.000000 203.000000 202.000000 192.000000 182.000000 170.000000 183.000000 155.000000 149.000000 159.000000 171.000000 205.000000 209.000000 162.000000 182.000000 186.000000 169.000000 180.000000 193.000000 122.000000 108.000000 123.000000 134.000000 148.000000 191.000000 170.000000 132.000000 154.000000 210.000000 141.000000 93.000000 108.000000 162.000000 98.000000 117.000000 94.000000 83.000000 69.000000 112.000000 59.000000 44.000000 75.000000 152.000000 138.000000 152.000000 166.000000 205.000000 151.000000 164.000000 183.000000 190.000000 186.000000 172.000000 45.000000 56.000000 44.000000 45.000000 30.000000 44.000000 26.000000 33.000000 9.000000 0.000000 12.000000 18.000000 77.000000 31.000000 41.000000 60.000000 55.000000 73.000000 89.000000 87.000000 99.000000 72.000000 52.000000 44.000000 42.000000 30.000000 106.000000 119.000000 190.000000 208.000000 108.000000 83.000000 127.000000 140.000000 116.000000 124.000000 142.000000 114.000000 121.000000 128.000000 111.000000 146.000000 146.000000 135.000000 128.000000 190.000000 181.000000 141.000000 154.000000 173.000000 186.000000 181.000000 156.000000 178.000000 188.000000 168.000000 182.000000 191.000000 197.000000 229.000000 254.000000 251.000000 226.000000 209.000000 210.000000 237.000000 258.000000 275.000000 249.000000 234.000000 56.000000 15.000000 198.000000 178.000000 185.000000 197.000000 254.000000 266.000000 290.000000 114.000000 68.000000 117.000000 55.000000 21.000000 76.000000 143.000000 201.000000 128.000000
162.000000 153.000000 159.000000 179.000000 199.000000 210.000000 222.000000 215.000000 235.000000 218.000000 182.000000 172.000000 186.000000 200.000000 255.000000 239.000000 210.000000 196.000000 190.000000 178.000000 169.000000 178.000000 192.000000 203.000000 225.000000 236.000000 212.000000 222.000000 209.000000 195.000000 209.000000 192.000000 191.000000 181.000000 171.000000 159.000000 172.000000 144.000000 138.000000 148.000000 160.000000 194.000000 198.000000 151.000000 171.000000 175.000000 158.000000 169.000000 182.000000 111.000000 97.000000 112.000000 123.000000 137.000000 180.000000 159.000000 139.000000 161.000000 199.000000 130.000000 82.000000 97.000000 169.000000 105.000000 124.000000 103.000000 90.000000 76.000000 101.000000 66.000000 56.000000 64.000000 141.000000 127.000000 141.000000 155.000000 194.000000 140.000000 153.000000 172.000000 179.000000 175.000000 161.000000 33.000000 45.000000 56.000000 57.000000 42.000000 56.000000 38.000000 45.000000 21.000000 12.000000 0.000000 30.000000 89.000000 43.000000 53.000000 72.000000 67.000000 85.000000 101.000000 99.000000 111.000000 84.000000 51.000000 43.000000 30.000000 18.000000 118.000000 131.000000 183.000000 201.000000 120.000000 95.000000 139.000000 152.000000 128.000000 136.000000 154.000000 126.000000 133.000000 140.000000 123.000000 158.000000 158.000000 147.000000 140.000000 202.000000 193.000000 153.000000 166.000000 185.000000 198.000000 193.000000 168.000000 190.000000 200.000000 180.000000 194.000000 203.000000 209.000000 241.000000 266.000000 263.000000 238.000000 221.000000 222.000000 249.000000 270.000000 264.000000 261.000000 246.000000 68.000000 27.000000 187.000000 167.000000 174.000000 186.000000 243.000000 278.000000 297.000000 126.000000 80.000000 129.000000 67.000000 9.000000 83.000000 132.000000 213.000000 117.000000
191.000000 182.000000 188.000000 188.000000 208.000000 219.000000 192.000000 202.000000 222.000000 227.000000 211.000000 201.000000 215.000000 229.000000 242.000000 258.000000 239.000000 225.000000 219.000000 207.000000 198.000000 207.000000 221.000000 232.000000 254.000000 265.000000 241.000000 251.000000 238.000000 224.000000 238.000000 221.000000 220.000000 210.000000 200.000000 188.000000 201.000000 173.000000 167.000000 177.000000 189.000000 223.000000 227.000000 180.000000 200.000000 204.000000 187.000000 198.000000 211.000000 140.000000 126.000000 141.000000 152.000000 166.000000 209.000000 188.000000 150.000000 172.000000 228.000000 159.000000 111.000000 126.000000 180.000000 116.000000 135.000000 112.000000 101.000000 87.000000 130.000000 77.000000 62.000000 93.000000 170.000000 156.000000 170.000000 184.000000 223.000000 169.000000 182.000000 201.000000 208.000000 204.000000 190.000000 63.000000 74.000000 62.000000 63.000000 48.000000 62.000000 44.000000 51.000000 27.000000 18.000000 30.000000 0.000000 59.000000 13.000000 23.000000 42.000000 37.000000 55.000000 71.000000 69.000000 81.000000 54.000000 34.000000 26.000000 60.000000 48.000000 88.000000 101.000000 172.000000 190.000000 90.000000 65.000000 109.000000 122.000000 98.000000 106.000000 124.000000 96.000000 103.000000 110.000000 93.000000 128.000000 128.000000 117.000000 110.000000 172.000000 163.000000 123.000000 136.000000 155.000000 168.000000 163.000000 138.000000 160.000000 170.000000 150.000000 164.000000 173.000000 179.000000 211.000000 236.000000 233.000000 208.000000 191.000000 192.000000 219.000000 240.000000 265.000000 231.000000 216.000000 74.000000 33.000000 216.000000 196.000000 203.000000 215.000000 262.000000 248.000000 272.000000 96.000000 50.000000 99.000000 37.000000 39.000000 94.000000 161.000000 183.000000 146.000000
193.000000 198.000000 204.000000 188.000000 208.000000 219.000000 192.000000 202.000000 222.000000 227.000000 227.000000 217.000000 231.000000 245.000000 242.000000 258.000000 255.000000 241.000000 235.000000 223.000000 214.000000 223.000000 237.000000 248.000000 270.000000 277.000000 257.000000 267.000000 254.000000 240.000000 254.000000 237.000000 236.000000 226.000000 216.000000 204.000000 217.000000 189.000000 183.000000 193.000000 205.000000 239.000000 243.000000 196.000000 216.000000 220.000000 203.000000 214.000000 227.000000 156.000000 142.000000 157.000000 168.000000 182.000000 225.000000 204.000000 166.000000 188.000000 244.000000 175.000000 127.000000 142.000000 196.000000 132.000000 151.000000 128.000000 117.000000 103.000000 146.000000 93.000000 78.000000 109.000000 186.000000 172.000000 186.000000 200.000000 239.000000 185.000000 198.000000 217.000000 215.000000 206.000000 206.000000 79.000000 90.000000 78.000000 79.000000 64.000000 78.000000 60.000000 67.000000 43.000000 34.000000 46.000000 16.000000 0.000000 13.000000 23.000000 42.000000 37.000000 55.000000 71.000000 69.000000 81.000000 54.000000 50.000000 42.000000 76.000000 64.000000 88.000000 101.000000 172.000000 190.000000 90.000000 65.000000 109.000000 122.000000 98.000000 106.000000 124.000000 96.000000 103.000000 110.000000 93.000000 128.000000 128.000000 117.000000 110.000000 172.000000 163.000000 123.000000 136.000000 155.000000 168.000000 163.000000 138.000000 160.000000 170.000000 150.000000 164.000000 173.000000 179.000000 211.000000 236.000000 233.000000 208.000000 191.000000 192.000000 219.000000 240.000000 265.000000 231.000000 216.000000 90.000000 49.000000 232.000000 212.000000 219.000000 231.000000 262.000000 248.000000 272.000000 96.000000 50.000000 99.000000 37.000000 55.000000 110.000000 177.000000 183.000000 162.000000
180.000000 189.000000 195.000000 175.000000 195.000000 206.000000 179.000000 189.000000 209.000000 214.000000 223.000000 247.000000 261.000000 234.000000 229.000000 245.000000 259.000000 244.000000 255.000000 253.000000 244.000000 253.000000 267.000000 278.000000 300.000000 264.000000 287.000000 297.000000 284.000000 270.000000 284.000000 267.000000 266.000000 256.000000 246.000000 234.000000 247.000000 219.000000 213.000000 223.000000 235.000000 269.000000 269.000000 226.000000 246.000000 250.000000 233.000000 244.000000 257.000000 186.000000 172.000000 187.000000 198.000000 212.000000 251.000000 230.000000 190.000000 212.000000 270.000000 205.000000 157.000000 172.000000 220.000000 175.000000 175.000000 143.000000 160.000000 146.000000 176.000000 136.000000 121.000000 139.000000 216.000000 202.000000 216.000000 230.000000 235.000000 202.000000 215.000000 209.000000 202.000000 193.000000 220.000000 108.000000 120.000000 121.000000 122.000000 107.000000 93.000000 75.000000 68.000000 86.000000 80.000000 92.000000 62.000000 46.000000 0.000000 10.000000 29.000000 24.000000 42.000000 58.000000 56.000000 68.000000 41.000000 64.000000 88.000000 87.000000 93.000000 75.000000 88.000000 159.000000 177.000000 77.000000 52.000000 96.000000 109.000000 85.000000 93.000000 111.000000 83.000000 90.000000 97.000000 80.000000 115.000000 115.000000 104.000000 97.000000 159.000000 150.000000 110.000000 123.000000 142.000000 155.000000 150.000000 125.000000 147.000000 157.000000 137.000000 151.000000 160.000000 166.000000 198.000000 223.000000 220.000000 195.000000 178.000000 179.000000 206.000000 227.000000 252.000000 218.000000 203.000000 105.000000 92.000000 262.000000 242.000000 249.000000 261.000000 249.000000 235.000000 259.000000 83.000000 37.000000 86.000000 24.000000 101.000000 153.000000 207.000000 170.000000 192.000000
170.000000 179.000000 185.000000 165.000000 185.000000 196.000000 169.000000 179.000000 199.000000 204.000000 213.000000 237.000000 251.000000 224.000000 219.000000 235.000000 249.000000 234.000000 245.000000 243.000000 234.000000 243.000000 257.000000 268.000000 290.000000 254.000000 277.000000 287.000000 274.000000 260.000000 274.000000 257.000000 256.000000 246.000000 236.000000 224.000000 237.000000 209.000000 203.000000 213.000000 225.000000 259.000000 259.000000 216.000000 236.000000 240.000000 223.000000 234.000000 247.000000 176.000000 162.000000 177.000000 188.000000 202.000000 241.000000 220.000000 180.000000 202.000000 260.000000 195.000000 147.000000 162.000000 210.000000 165.000000 165.000000 133.000000 150.000000 136.000000 166.000000 126.000000 111.000000 129.000000 206.000000 192.000000 206.000000 220.000000 225.000000 192.000000 205.000000 199.000000 192.000000 183.000000 210.000000 98.000000 110.000000 111.000000 112.000000 97.000000 83.000000 65.000000 58.000000 76.000000 70.000000 82.000000 52.000000 36.000000 49.000000 0.000000 19.000000 14.000000 32.000000 48.000000 46.000000 58.000000 31.000000 54.000000 78.000000 77.000000 83.000000 65.000000 78.000000 149.000000 167.000000 67.000000 42.000000 86.000000 99.000000 75.000000 83.000000 101.000000 73.000000 80.000000 87.000000 70.000000 105.000000 105.000000 94.000000 87.000000 149.000000 140.000000 100.000000 113.000000 132.000000 145.000000 140.000000 115.000000 137.000000 147.000000 127.000000 141.000000 150.000000 156.000000 188.000000 213.000000 210.000000 185.000000 168.000000 169.000000 196.000000 217.000000 242.000000 208.000000 193.000000 95.000000 82.000000 252.000000 232.000000 239.000000 251.000000 239.000000 225.000000 249.000000 73.000000 27.000000 76.000000 14.000000 91.000000 143.000000 197.000000 160.000000 182.000000
210.000000 212.000000 218.000000 205.000000 225.000000 236.000000 209.000000 219.000000 239.000000 244.000000 241.000000 231.000000 245.000000 259.000000 259.000000 275.000000 269.000000 255.000000 249.000000 237.000000 228.000000 237.000000 251.000000 262.000000 284.000000 294.000000 271.000000 281.000000 268.000000 254.000000 268.000000 251.000000 250.000000 240.000000 230.000000 218.000000 231.000000 203.000000 197.000000 207.000000 219.000000 253.000000 240.000000 210.000000 230.000000 234.000000 217.000000 228.000000 241.000000 170.000000 156.000000 171.000000 182.000000 196.000000 222.000000 201.000000 161.000000 183.000000 241.000000 189.000000 141.000000 156.000000 191.000000 146.000000 146.000000 114.000000 131.000000 117.000000 160.000000 107.000000 92.000000 123.000000 200.000000 186.000000 200.000000 214.000000 253.000000 199.000000 212.000000 231.000000 232.000000 223.000000 220.000000 96.000000 104.000000 92.000000 93.000000 78.000000 64.000000 46.000000 39.000000 57.000000 51.000000 63.000000 33.000000 17.000000 30.000000 40.000000 0.000000 54.000000 53.000000 37.000000 67.000000 79.000000 71.000000 67.000000 59.000000 93.000000 81.000000 105.000000 118.000000 189.000000 207.000000 107.000000 82.000000 126.000000 139.000000 96.000000 104.000000 122.000000 89.000000 92.000000 76.000000 59.000000 117.000000 145.000000 134.000000 127.000000 167.000000 158.000000 140.000000 153.000000 172.000000 185.000000 180.000000 155.000000 168.000000 178.000000 167.000000 181.000000 190.000000 196.000000 228.000000 239.000000 228.000000 203.000000 186.000000 200.000000 227.000000 254.000000 282.000000 248.000000 233.000000 76.000000 63.000000 246.000000 226.000000 233.000000 245.000000 279.000000 265.000000 286.000000 66.000000 67.000000 116.000000 54.000000 72.000000 124.000000 191.000000 200.000000 176.000000
207.000000 216.000000 222.000000 202.000000 222.000000 233.000000 206.000000 216.000000 236.000000 241.000000 250.000000 249.000000 263.000000 261.000000 256.000000 272.000000 286.000000 271.000000 267.000000 255.000000 246.000000 255.000000 269.000000 280.000000 302.000000 287.000000 289.000000 299.000000 286.000000 272.000000 286.000000 269.000000 268.000000 258.000000 248.000000 236.000000 249.000000 221.000000 215.000000 225.000000 237.000000 271.000000 258.000000 228.000000 248.000000 252.000000 235.000000 246.000000 259.000000 188.000000 174.000000 189.000000 200.000000 214.000000 240.000000 219.000000 179.000000 201.000000 259.000000 207.000000 159.000000 174.000000 209.000000 164.000000 164.000000 132.000000 149.000000 135.000000 178.000000 125.000000 110.000000 141.000000 218.000000 204.000000 218.000000 232.000000 262.000000 217.000000 230.000000 236.000000 229.000000 220.000000 238.000000 114.000000 122.000000 110.000000 111.000000 96.000000 82.000000 64.000000 57.000000 75.000000 69.000000 81.000000 51.000000 35.000000 48.000000 58.000000 18.000000 0.000000 18.000000 34.000000 32.000000 44.000000 68.000000 85.000000 77.000000 111.000000 99.000000 102.000000 115.000000 186.000000 204.000000 104.000000 79.000000 123.000000 136.000000 61.000000 69.000000 87.000000 59.000000 66.000000 73.000000 56.000000 91.000000 142.000000 131.000000 124.000000 141.000000 132.000000 137.000000 150.000000 169.000000 182.000000 177.000000 152.000000 142.000000 152.000000 164.000000 178.000000 187.000000 193.000000 225.000000 213.000000 202.000000 177.000000 160.000000 174.000000 201.000000 228.000000 259.000000 245.000000 230.000000 94.000000 81.000000 264.000000 244.000000 251.000000 263.000000 276.000000 262.000000 260.000000 59.000000 63.000000 113.000000 72.000000 90.000000 142.000000 209.000000 197.000000 194.000000
189.000000 198.000000 204.000000 184.000000 204.000000 215.000000 188.000000 198.000000 218.000000 223.000000 232.000000 256.000000 270.000000 243.000000 238.000000 254.000000 268.000000 253.000000 264.000000 262.000000 253.000000 262.000000 276.000000 287.000000 309.000000 269.000000 296.000000 306.000000 293.000000 279.000000 293.000000 276.000000 275.000000 265.000000 255.000000 243.000000 256.000000 228.000000 222.000000 232.000000 244.000000 278.000000 282.000000 235.000000 255.000000 259.000000 242.000000 253.000000 266.000000 195.000000 181.000000 196.000000 207.000000 221.000000 264.000000 243.000000 214.000000 236.000000 283.000000 214.000000 166.000000 181.000000 244.000000 189.000000 199.000000 167.000000 174.000000 160.000000 185.000000 150.000000 145.000000 148.000000 225.000000 211.000000 225.000000 239.000000 244.000000 211.000000 224.000000 218.000000 211.000000 202.000000 229.000000 117.000000 129.000000 145.000000 146.000000 131.000000 117.000000 99.000000 92.000000 110.000000 104.000000 116.000000 86.000000 70.000000 83.000000 86.000000 53.000000 53.000000 0.000000 16.000000 14.000000 26.000000 50.000000 73.000000 109.000000 96.000000 102.000000 84.000000 97.000000 168.000000 186.000000 86.000000 61.000000 105.000000 118.000000 43.000000 51.000000 69.000000 41.000000 48.000000 55.000000 38.000000 73.000000 124.000000 113.000000 106.000000 123.000000 114.000000 119.000000 132.000000 151.000000 164.000000 159.000000 134.000000 124.000000 134.000000 146.000000 160.000000 169.000000 175.000000 207.000000 195.000000 184.000000 159.000000 142.000000 156.000000 183.000000 210.000000 241.000000 227.000000 212.000000 129.000000 116.000000 271.000000 251.000000 258.000000 270.000000 258.000000 244.000000 242.000000 41.000000 45.000000 95.000000 100.000000 111.000000 167.000000 216.000000 179.000000 201.000000
205.000000 214.000000 220.000000 200.000000 220.000000 231.000000 204.000000 214.000000 234.000000 239.000000 248.000000 268.000000 282.000000 259.000000 254.000000 270.000000 284.000000 269.000000 280.000000 274.000000 265.000000 274.000000 288.000000 299.000000 321.000000 276.000000 305.000000 318.000000 305.000000 291.000000 305.000000 288.000000 287.000000 277.000000 267.000000 255.000000 268.000000 240.000000 234.000000 244.000000 256.000000 290.000000 277.000000 247.000000 267.000000 271.000000 254.000000 265.000000 278.000000 207.000000 193.000000 208.000000 219.000000 233.000000 259.000000 238.000000 198.000000 220.000000 278.000000 226.000000 178.000000 193.000000 228.000000 183.000000 183.000000 151.000000 168.000000 154.000000 197.000000 144.000000 129.000000 160.000000 237.000000 223.000000 237.000000 251.000000 260.000000 227.000000 240.000000 234.000000 227.000000 218.000000 245.000000 133.000000 141.000000 129.000000 130.000000 115.000000 101.000000 83.000000 76.000000 94.000000 88.000000 100.000000 70.000000 54.000000 67.000000 77.000000 37.000000 69.000000 16.000000 0.000000 30.000000 42.000000 66.000000 89.000000 96.000000 112.000000 118.000000 100.000000 113.000000 184.000000 202.000000 102.000000 77.000000 121.000000 134.000000 59.000000 67.000000 85.000000 52.000000 55.000000 39.000000 22.000000 80.000000 140.000000 129.000000 122.000000 130.000000 121.000000 135.000000 148.000000 167.000000 180.000000 175.000000 150.000000 131.000000 141.000000 158.000000 172.000000 181.000000 191.000000 223.000000 202.000000 191.000000 166.000000 149.000000 163.000000 190.000000 217.000000 248.000000 243.000000 228.000000 113.000000 100.000000 283.000000 263.000000 270.000000 282.000000 274.000000 260.000000 249.000000 29.000000 61.000000 111.000000 91.000000 109.000000 161.000000 228.000000 195.000000 213.000000
175.000000 184.000000 190.000000 170.000000 190.000000 201.000000 174.000000 184.000000 204.000000 209.000000 218.000000 242.000000 256.000000 229.000000 224.000000 240.000000 254.000000 239.000000 250.000000 248.000000 239.000000 248.000000 262.000000 273.000000 295.000000 255.000000 282.000000 292.000000 279.000000 265.000000 279.000000 262.000000 261.000000 251.000000 241.000000 229.000000 242.000000 214.000000 208.000000 218.000000 230.000000 264.000000 268.000000 221.000000 241.000000 245.000000 228.000000 239.000000 252.000000 181.000000 167.000000 182.000000 193.000000 207.000000 250.000000 229.000000 209.000000 231.000000 269.000000 200.000000 152.000000 167.000000 239.000000 175.000000 194.000000 171.000000 160.000000 146.000000 171.000000 136.000000 149.000000 134.000000 211.000000 197.000000 211.000000 225.000000 230.000000 197.000000 210.000000 204.000000 197.000000 188.000000 215.000000 103.000000 115.000000 149.000000 150.000000 135.000000 121.000000 103.000000 96.000000 114.000000 108.000000 106.000000 90.000000 74.000000 87.000000 72.000000 57.000000 39.000000 33.000000 49.000000 0.000000 12.000000 36.000000 59.000000 95.000000 82.000000 88.000000 70.000000 83.000000 154.000000 172.000000 72.000000 47.000000 91.000000 104.000000 29.000000 37.000000 55.000000 27.000000 34.000000 50.000000 34.000000 59.000000 110.000000 99.000000 92.000000 109.000000 100.000000 105.000000 118.000000 137.000000 150.000000 145.000000 120.000000 110.000000 120.000000 132.000000 146.000000 155.000000 161.000000 193.000000 181.000000 170.000000 145.000000 128.000000 142.000000 169.000000 196.000000 227.000000 213.000000 198.000000 133.000000 120.000000 257.000000 237.000000 244.000000 256.000000 244.000000 230.000000 228.000000 27.000000 31.000000 81.000000 86.000000 97.000000 153.000000 202.000000 165.000000 187.000000
163.000000 172.000000 178.000000 158.000000 178.000000 189.000000 162.000000 172.000000 192.000000 197.000000 206.000000 230.000000 244.000000 217.000000 212.000000 228.000000 242.000000 227.000000 238.000000 236.000000 227.000000 236.000000 250.000000 261.000000 283.000000 247.000000 270.000000 280.000000 267.000000 253.000000 267.000000 250.000000 249.000000 239.000000 229.000000 217.000000 230.000000 202.000000 196.000000 206.000000 218.000000 252.000000 256.000000 209.000000 229.000000 233.000000 216.000000 227.000000 240.000000 169.000000 155.000000 170.000000 181.000000 195.000000 238.000000 217.000000 197.000000 219.000000 257.000000 188.000000 140.000000 155.000000 227.000000 163.000000 182.000000 159.000000 148.000000 134.000000 159.000000 124.000000 137.000000 122.000000 199.000000 185.000000 199.000000 213.000000 218.000000 185.000000 198.000000 192.000000 185.000000 176.000000 203.000000 91.000000 103.000000 137.000000 138.000000 123.000000 109.000000 91.000000 84.000000 102.000000 96.000000 94.000000 78.000000 62.000000 75.000000 60.000000 45.000000 27.000000 21.000000 37.000000 35.000000 0.000000 24.000000 47.000000 83.000000 70.000000 76.000000 58.000000 71.000000 142.000000 160.000000 60.000000 35.000000 79.000000 92.000000 17.000000 25.000000 43.000000 53.000000 60.000000 76.000000 59.000000 59.000000 98.000000 87.000000 80.000000 109.000000 100.000000 93.000000 106.000000 125.000000 138.000000 133.000000 108.000000 110.000000 120.000000 120.000000 134.000000 143.000000 149.000000 181.000000 181.000000 170.000000 145.000000 128.000000 142.000000 169.000000 196.000000 227.000000 201.000000 186.000000 121.000000 108.000000 245.000000 225.000000 232.000000 244.000000 232.000000 218.000000 228.000000 62.000000 19.000000 69.000000 74.000000 85.000000 141.000000 190.000000 153.000000 175.000000
139.000000 148.000000 154.000000 134.000000 154.000000 165.000000 138.000000 148.000000 168.000000 173.000000 182.000000 206.000000 220.000000 193.000000 188.000000 204.000000 218.000000 203.000000 214.000000 212.000000 203.000000 212.000000 226.000000 237.000000 259.000000 223.000000 246.000000 256.000000 243.000000 229.000000 243.000000 226.000000 225.000000 215.000000 205.000000 193.000000 206.000000 178.000000 172.000000 182.000000 194.000000 228.000000 232.000000 185.000000 205.000000 209.000000 192.000000 203.000000 216.000000 145.000000 131.000000 146.000000 157.000000 171.000000 214.000000 193.000000 173.000000 195.000000 233.000000 164.000000 116.000000 131.000000 203.000000 139.000000 158.000000 137.000000 124.000000 110.000000 135.000000 100.000000 126.000000 98.000000 175.000000 161.000000 175.000000 189.000000 194.000000 161.000000 174.000000 168.000000 161.000000 152.000000 179.000000 67.000000 79.000000 118.000000 125.000000 112.000000 119.000000 101.000000 94.000000 91.000000 82.000000 70.000000 88.000000 72.000000 85.000000 36.000000 55.000000 50.000000 68.000000 84.000000 82.000000 94.000000 0.000000 23.000000 59.000000 46.000000 52.000000 34.000000 47.000000 118.000000 136.000000 36.000000 11.000000 55.000000 68.000000 79.000000 87.000000 105.000000 109.000000 114.000000 123.000000 106.000000 89.000000 74.000000 63.000000 56.000000 118.000000 109.000000 69.000000 82.000000 101.000000 114.000000 109.000000 84.000000 106.000000 116.000000 96.000000 110.000000 119.000000 125.000000 157.000000 182.000000 179.000000 154.000000 137.000000 138.000000 165.000000 186.000000 211.000000 177.000000 162.000000 131.000000 97.000000 221.000000 201.000000 208.000000 220.000000 208.000000 194.000000 218.000000 109.000000 63.000000 45.000000 50.000000 61.000000 117.000000 166.000000 129.000000 151.000000
183.000000 192.000000 198.000000 178.000000 198.000000 209.000000 182.000000 192.000000 212.000000 217.000000 226.000000 250.000000 264.000000 237.000000 232.000000 248.000000 262.000000 247.000000 258.000000 256.000000 247.000000 256.000000 270.000000 281.000000 303.000000 267.000000 290.000000 300.000000 287.000000 273.000000 287.000000 270.000000 269.000000 259.000000 249.000000 237.000000 250.000000 222.000000 216.000000 226.000000 238.000000 272.000000 272.000000 229.000000 249.000000 253.000000 236.000000 247.000000 260.000000 189.000000 175.000000 190.000000 201.000000 215.000000 254.000000 233.000000 193.000000 215.000000 273.000000 208.000000 160.000000 175.000000 223.000000 178.000000 178.000000 146.000000 163.000000 149.000000 179.000000 139.000000 124.000000 142.000000 219.000000 205.000000 219.000000 233.000000 238.000000 205.000000 218.000000 212.000000 205.000000 196.000000 223.000000 111.000000 123.000000 124.000000 125.000000 110.000000 96.000000 78.000000 71.000000 89.000000 83.000000 95.000000 65.000000 49.000000 62.000000 13.000000 32.000000 27.000000 45.000000 61.000000 59.000000 71.000000 44.000000 0.000000 91.000000 90.000000 96.000000 78.000000 91.000000 162.000000 180.000000 80.000000 55.000000 99.000000 112.000000 88.000000 96.000000 114.000000 86.000000 93.000000 100.000000 83.000000 118.000000 118.000000 107.000000 100.000000 162.000000 153.000000 113.000000 126.000000 145.000000 158.000000 153.000000 128.000000 150.000000 160.000000 140.000000 154.000000 163.000000 169.000000 201.000000 226.000000 223.000000 198.000000 181.000000 182.000000 209.000000 230.000000 255.000000 221.000000 206.000000 108.000000 95.000000 265.000000 245.000000 252.000000 264.000000 252.000000 238.000000 262.000000 86.000000 40.000000 89.000000 27.000000 104.000000 156.000000 210.000000 173.000000 195.000000
191.000000 200.000000 206.000000 186.000000 206.000000 217.000000 190.000000 200.000000 220.000000 225.000000 234.000000 258.000000 272.000000 245.000000 240.000000 256.000000 270.000000 255.000000 266.000000 264.000000 255.000000 264.000000 278.000000 289.000000 311.000000 275.000000 298.000000 308.000000 295.000000 281.000000 295.000000 278.000000 277.000000 267.000000 257.000000 245.000000 258.000000 230.000000 224.000000 234.000000 246.000000 280.000000 280.000000 237.000000 257.000000 261.000000 244.000000 255.000000 268.000000 197.000000 183.000000 198.000000 209.000000 223.000000 262.000000 241.000000 201.000000 223.000000 281.000000 216.000000 168.000000 183.000000 231.000000 186.000000 186.000000 154.000000 171.000000 157.000000 187.000000 147.000000 132.000000 150.000000 227.000000 213.000000 227.000000 241.000000 246.000000 213.000000 226.000000 220.000000 213.000000 204.000000 231.000000 119.000000 131.000000 132.000000 133.000000 118.000000 104.000000 86.000000 79.000000 97.000000 91.000000 103.000000 73.000000 57.000000 70.000000 21.000000 40.000000 35.000000 53.000000 69.000000 67.000000 79.000000 52.000000 8.000000 0.000000 98.000000 104.000000 86.000000 99.000000 170.000000 188.000000 88.000000 63.000000 107.000000 120.000000 96.000000 104.000000 122.000000 94.000000 101.000000 108.000000 91.000000 126.000000 126.000000 115.000000 108.000000 170.000000 161.000000 121.000000 134.000000 153.000000 166.000000 161.000000 136.000000 158.000000 168.000000 148.000000 162.000000 171.000000 177.000000 209.000000 234.000000 231.000000 206.000000 189.000000 190.000000 217.000000 238.000000 263.000000 229.000000 214.000000 116.000000 103.000000 273.000000 253.000000 260.000000 272.000000 260.000000 246.000000 270.000000 94.000000 48.000000 97.000000 35.000000 112.000000 164.000000 218.000000 181.000000 203.000000
204.000000 213.000000 219.000000 199.000000 219.000000 230.000000 203.000000 213.000000 233.000000 238.000000 247.000000 271.000000 285.000000 258.000000 253.000000 269.000000 283.000000 268.000000 279.000000 277.000000 268.000000 277.000000 291.000000 302.000000 324.000000 288.000000 311.000000 321.000000 308.000000 294.000000 308.000000 291.000000 290.000000 280.000000 270.000000 258.000000 271.000000 243.000000 237.000000 247.000000 259.000000 293.000000 293.000000 250.000000 270.000000 274.000000 257.000000 268.000000 281.000000 210.000000 196.000000 211.000000 222.000000 236.000000 275.000000 254.000000 214.000000 236.000000 294.000000 229.000000 181.000000 196.000000 244.000000 199.000000 199.000000 167.000000 184.000000 170.000000 200.000000 160.000000 145.000000 163.000000 240.000000 226.000000 240.000000 254.000000 259.000000 226.000000 239.000000 233.000000 226.000000 217.000000 244.000000 132.000000 144.000000 145.000000 146.000000 131.000000 117.000000 99.000000 92.000000 110.000000 104.000000 116.000000 86.000000 70.000000 83.000000 34.000000 53.000000 48.000000 66.000000 82.000000 80.000000 92.000000 65.000000 21.000000 13.000000 0.000000 117.000000 99.000000 112.000000 183.000000 201.000000 101.000000 76.000000 120.000000 133.000000 109.000000 117.000000 135.000000 107.000000 114.000000 121.000000 104.000000 139.000000 139.000000 128.000000 121.000000 183.000000 174.000000 134.000000 147.000000 166.000000 179.000000 174.000000 149.000000 171.000000 181.000000 161.000000 175.000000 184.000000 190.000000 222.000000 247.000000 244.000000 219.000000 202.000000 203.000000 230.000000 251.000000 276.000000 242.000000 227.000000 129.000000 116.000000 286.000000 266.000000 273.000000 285.000000 273.000000 259.000000 283.000000 107.000000 61.000000 110.000000 48.000000 125.000000 177.000000 231.000000 194.000000 216.000000
144.000000 135.000000 141.000000 161.000000 181.000000 192.000000 209.000000 197.000000 217.000000 200.000000 164.000000 154.000000 168.000000 182.000000 237.000000 221.000000 192.000000 178.000000 172.000000 160.000000 151.000000 160.000000 174.000000 185.000000 207.000000 218.000000 194.000000 204.000000 191.000000 177.000000 191.000000 174.000000 173.000000 163.000000 153.000000 141.000000 154.000000 126.000000 120.000000 130.000000 142.000000 176.000000 180.000000 133.000000 153.000000 157.000000 140.000000 151.000000 164.000000 93.000000 79.000000 94.000000 105.000000 119.000000 162.000000 141.000000 121.000000 143.000000 181.000000 112.000000 64.000000 79.000000 151.000000 87.000000 106.000000 85.000000 72.000000 58.000000 83.000000 48.000000 74.000000 46.000000 123.000000 109.000000 123.000000 137.000000 176.000000 122.000000 135.000000 154.000000 161.000000 157.000000 143.000000 15.000000 27.000000 66.000000 73.000000 60.000000 74.000000 56.000000 63.000000 39.000000 30.000000 18.000000 48.000000 100.000000 61.000000 64.000000 83.000000 78.000000 96.000000 112.000000 110.000000 122.000000 95.000000 51.000000 43.000000 30.000000 0.000000 129.000000 142.000000 165.000000 183.000000 131.000000 106.000000 150.000000 163.000000 139.000000 147.000000 165.000000 137.000000 144.000000 151.000000 134.000000 169.000000 169.000000 158.000000 151.000000 213.000000 204.000000 164.000000 177.000000 190.000000 203.000000 204.000000 179.000000 201.000000 211.000000 191.000000 205.000000 214.000000 220.000000 228.000000 253.000000 264.000000 249.000000 232.000000 233.000000 260.000000 257.000000 246.000000 248.000000 233.000000 86.000000 45.000000 169.000000 149.000000 156.000000 168.000000 225.000000 263.000000 279.000000 137.000000 91.000000 140.000000 78.000000 9.000000 65.000000 114.000000 210.000000 99.000000
151.000000 153.000000 159.000000 146.000000 166.000000 177.000000 150.000000 160.000000 180.000000 185.000000 182.000000 172.000000 186.000000 200.000000 200.000000 216.000000 210.000000 196.000000 190.000000 178.000000 169.000000 178.000000 192.000000 203.000000 225.000000 235.000000 212.000000 222.000000 209.000000 195.000000 209.000000 192.000000 191.000000 181.000000 171.000000 159.000000 172.000000 144.000000 138.000000 148.000000 160.000000 194.000000 198.000000 151.000000 171.000000 175.000000 158.000000 169.000000 182.000000 111.000000 97.000000 112.000000 123.000000 137.000000 180.000000 159.000000 139.000000 161.000000 199.000000 130.000000 82.000000 97.000000 169.000000 105.000000 124.000000 103.000000 90.000000 76.000000 101.000000 66.000000 92.000000 64.000000 141.000000 127.000000 141.000000 155.000000 194.000000 140.000000 153.000000 172.000000 173.000000 164.000000 161.000000 33.000000 45.000000 84.000000 91.000000 78.000000 92.000000 74.000000 81.000000 57.000000 48.000000 36.000000 66.000000 82.000000 79.000000 46.000000 65.000000 60.000000 78.000000 94.000000 92.000000 104.000000 77.000000 33.000000 25.000000 12.000000 18.000000 0.000000 59.000000 130.000000 148.000000 48.000000 23.000000 67.000000 80.000000 91.000000 99.000000 117.000000 119.000000 126.000000 133.000000 116.000000 101.000000 86.000000 75.000000 68.000000 130.000000 121.000000 81.000000 94.000000 113.000000 126.000000 121.000000 96.000000 118.000000 128.000000 108.000000 122.000000 131.000000 137.000000 169.000000 194.000000 191.000000 166.000000 149.000000 150.000000 177.000000 198.000000 223.000000 189.000000 174.000000 104.000000 63.000000 187.000000 167.000000 174.000000 186.000000 220.000000 206.000000 230.000000 119.000000 73.000000 57.000000 60.000000 27.000000 83.000000 132.000000 141.000000 117.000000
171.000000 173.000000 179.000000 166.000000 186.000000 197.000000 170.000000 180.000000 200.000000 205.000000 202.000000 192.000000 206.000000 220.000000 220.000000 236.000000 230.000000 216.000000 210.000000 198.000000 189.000000 198.000000 212.000000 223.000000 245.000000 255.000000 232.000000 242.000000 229.000000 215.000000 229.000000 212.000000 211.000000 201.000000 191.000000 179.000000 192.000000 164.000000 158.000000 168.000000 180.000000 214.000000 218.000000 171.000000 191.000000 195.000000 178.000000 189.000000 202.000000 131.000000 117.000000 132.000000 143.000000 157.000000 200.000000 179.000000 159.000000 181.000000 219.000000 150.000000 102.000000 117.000000 189.000000 125.000000 144.000000 123.000000 110.000000 96.000000 121.000000 86.000000 112.000000 84.000000 161.000000 147.000000 161.000000 175.000000 214.000000 160.000000 173.000000 192.000000 193.000000 184.000000 181.000000 53.000000 65.000000 104.000000 111.000000 98.000000 112.000000 94.000000 101.000000 77.000000 68.000000 56.000000 86.000000 102.000000 99.000000 66.000000 85.000000 80.000000 98.000000 114.000000 112.000000 124.000000 97.000000 53.000000 45.000000 32.000000 38.000000 20.000000 0.000000 150.000000 168.000000 68.000000 43.000000 87.000000 100.000000 111.000000 119.000000 137.000000 139.000000 146.000000 153.000000 136.000000 121.000000 106.000000 95.000000 88.000000 150.000000 141.000000 101.000000 114.000000 133.000000 146.000000 141.000000 116.000000 138.000000 148.000000 128.000000 142.000000 151.000000 157.000000 189.000000 214.000000 211.000000 186.000000 169.000000 170.000000 197.000000 218.000000 243.000000 209.000000 194.000000 124.000000 83.000000 207.000000 187.000000 194.000000 206.000000 240.000000 226.000000 250.000000 139.000000 93.000000 77.000000 80.000000 47.000000 103.000000 152.000000 161.000000 137.000000
21.000000 30.000000 36.000000 16.000000 36.000000 47.000000 64.000000 52.000000 72.000000 55.000000 64.000000 106.000000 120.000000 97.000000 92.000000 108.000000 122.000000 107.000000 118.000000 112.000000 121.000000 125.000000 139.000000 150.000000 172.000000 127.000000 156.000000 169.000000 156.000000 142.000000 160.000000 153.000000 142.000000 142.000000 132.000000 120.000000 133.000000 105.000000 99.000000 109.000000 121.000000 155.000000 180.000000 140.000000 146.000000 136.000000 147.000000 158.000000 171.000000 72.000000 86.000000 101.000000 112.000000 126.000000 169.000000 148.000000 167.000000 189.000000 188.000000 119.000000 106.000000 121.000000 197.000000 133.000000 152.000000 131.000000 118.000000 104.000000 125.000000 94.000000 120.000000 88.000000 68.000000 56.000000 70.000000 89.000000 76.000000 43.000000 56.000000 50.000000 43.000000 34.000000 61.000000 61.000000 73.000000 112.000000 119.000000 106.000000 120.000000 102.000000 109.000000 85.000000 76.000000 64.000000 94.000000 110.000000 107.000000 74.000000 93.000000 88.000000 106.000000 122.000000 110.000000 122.000000 68.000000 61.000000 53.000000 40.000000 46.000000 28.000000 8.000000 0.000000 18.000000 37.000000 51.000000 56.000000 69.000000 80.000000 88.000000 106.000000 116.000000 115.000000 131.000000 144.000000 90.000000 75.000000 64.000000 57.000000 119.000000 110.000000 70.000000 70.000000 25.000000 38.000000 48.000000 85.000000 107.000000 117.000000 97.000000 111.000000 120.000000 64.000000 83.000000 108.000000 119.000000 155.000000 138.000000 125.000000 139.000000 112.000000 137.000000 103.000000 88.000000 132.000000 91.000000 148.000000 128.000000 135.000000 138.000000 112.000000 120.000000 144.000000 137.000000 101.000000 46.000000 88.000000 55.000000 111.000000 81.000000 53.000000 66.000000
45.000000 54.000000 60.000000 40.000000 60.000000 71.000000 59.000000 69.000000 89.000000 79.000000 88.000000 130.000000 144.000000 114.000000 109.000000 125.000000 139.000000 124.000000 135.000000 136.000000 145.000000 142.000000 156.000000 167.000000 189.000000 144.000000 173.000000 186.000000 173.000000 159.000000 177.000000 177.000000 159.000000 166.000000 156.000000 144.000000 157.000000 129.000000 123.000000 133.000000 145.000000 179.000000 204.000000 164.000000 170.000000 160.000000 171.000000 182.000000 195.000000 96.000000 110.000000 125.000000 136.000000 150.000000 193.000000 172.000000 191.000000 213.000000 212.000000 143.000000 130.000000 145.000000 221.000000 157.000000 176.000000 155.000000 142.000000 128.000000 149.000000 118.000000 144.000000 112.000000 92.000000 80.000000 94.000000 113.000000 100.000000 67.000000 80.000000 74.000000 67.000000 58.000000 85.000000 85.000000 97.000000 136.000000 143.000000 130.000000 144.000000 126.000000 133.000000 109.000000 100.000000 88.000000 118.000000 122.000000 131.000000 86.000000 105.000000 100.000000 118.000000 134.000000 92.000000 104.000000 50.000000 73.000000 77.000000 64.000000 70.000000 52.000000 32.000000 24.000000 0.000000 19.000000 61.000000 38.000000 51.000000 62.000000 70.000000 88.000000 98.000000 97.000000 113.000000 126.000000 72.000000 57.000000 46.000000 39.000000 101.000000 92.000000 52.000000 52.000000 7.000000 20.000000 30.000000 67.000000 89.000000 99.000000 79.000000 93.000000 102.000000 46.000000 78.000000 103.000000 114.000000 137.000000 120.000000 120.000000 134.000000 107.000000 132.000000 98.000000 83.000000 156.000000 115.000000 172.000000 152.000000 159.000000 162.000000 129.000000 115.000000 139.000000 119.000000 113.000000 28.000000 100.000000 79.000000 135.000000 105.000000 35.000000 90.000000
103.000000 112.000000 118.000000 98.000000 118.000000 129.000000 102.000000 112.000000 132.000000 137.000000 146.000000 188.000000 202.000000 157.000000 152.000000 168.000000 182.000000 167.000000 178.000000 188.000000 194.000000 185.000000 199.000000 210.000000 232.000000 187.000000 216.000000 229.000000 216.000000 202.000000 220.000000 225.000000 202.000000 224.000000 214.000000 202.000000 215.000000 187.000000 181.000000 191.000000 203.000000 237.000000 262.000000 216.000000 228.000000 218.000000 223.000000 234.000000 247.000000 154.000000 162.000000 177.000000 188.000000 202.000000 245.000000 224.000000 204.000000 226.000000 264.000000 195.000000 147.000000 162.000000 234.000000 170.000000 189.000000 168.000000 155.000000 141.000000 166.000000 131.000000 157.000000 129.000000 150.000000 138.000000 152.000000 171.000000 158.000000 125.000000 138.000000 132.000000 125.000000 116.000000 143.000000 98.000000 110.000000 149.000000 156.000000 143.000000 150.000000 132.000000 125.000000 122.000000 113.000000 101.000000 119.000000 103.000000 116.000000 67.000000 86.000000 81.000000 99.000000 115.000000 73.000000 85.000000 31.000000 54.000000 90.000000 77.000000 83.000000 65.000000 78.000000 82.000000 100.000000 0.000000 42.000000 19.000000 32.000000 43.000000 51.000000 69.000000 79.000000 78.000000 94.000000 107.000000 53.000000 38.000000 27.000000 20.000000 82.000000 73.000000 33.000000 46.000000 65.000000 78.000000 73.000000 48.000000 70.000000 80.000000 60.000000 74.000000 83.000000 89.000000 121.000000 146.000000 143.000000 118.000000 101.000000 102.000000 129.000000 150.000000 175.000000 141.000000 126.000000 162.000000 128.000000 230.000000 210.000000 217.000000 207.000000 172.000000 158.000000 182.000000 100.000000 94.000000 9.000000 81.000000 92.000000 148.000000 163.000000 93.000000 148.000000
128.000000 137.000000 143.000000 123.000000 143.000000 154.000000 127.000000 137.000000 157.000000 162.000000 171.000000 195.000000 209.000000 182.000000 177.000000 193.000000 207.000000 192.000000 203.000000 201.000000 192.000000 201.000000 215.000000 226.000000 248.000000 212.000000 235.000000 245.000000 232.000000 218.000000 232.000000 215.000000 214.000000 204.000000 194.000000 182.000000 195.000000 167.000000 161.000000 171.000000 183.000000 217.000000 221.000000 174.000000 194.000000 198.000000 181.000000 192.000000 205.000000 134.000000 120.000000 135.000000 146.000000 160.000000 203.000000 182.000000 162.000000 184.000000 222.000000 153.000000 105.000000 120.000000 192.000000 128.000000 147.000000 126.000000 113.000000 99.000000 124.000000 89.000000 115.000000 87.000000 164.000000 150.000000 164.000000 178.000000 183.000000 150.000000 163.000000 157.000000 150.000000 141.000000 168.000000 56.000000 68.000000 107.000000 114.000000 101.000000 115.000000 97.000000 104.000000 80.000000 71.000000 59.000000 89.000000 105.000000 102.000000 69.000000 88.000000 83.000000 101.000000 117.000000 98.000000 110.000000 56.000000 56.000000 48.000000 35.000000 41.000000 23.000000 36.000000 107.000000 125.000000 25.000000 0.000000 44.000000 57.000000 68.000000 76.000000 94.000000 104.000000 103.000000 119.000000 132.000000 78.000000 63.000000 52.000000 45.000000 107.000000 98.000000 58.000000 71.000000 90.000000 103.000000 98.000000 73.000000 95.000000 105.000000 85.000000 99.000000 108.000000 114.000000 146.000000 171.000000 168.000000 143.000000 126.000000 127.000000 154.000000 175.000000 200.000000 166.000000 151.000000 127.000000 86.000000 210.000000 190.000000 197.000000 209.000000 197.000000 183.000000 207.000000 125.000000 96.000000 34.000000 83.000000 50.000000 106.000000 155.000000 118.000000 140.000000
151.000000 160.000000 166.000000 146.000000 166.000000 177.000000 150.000000 160.000000 180.000000 185.000000 194.000000 218.000000 232.000000 205.000000 200.000000 216.000000 230.000000 215.000000 226.000000 224.000000 215.000000 224.000000 238.000000 249.000000 271.000000 235.000000 258.000000 268.000000 255.000000 241.000000 255.000000 238.000000 237.000000 227.000000 217.000000 205.000000 218.000000 190.000000 184.000000 194.000000 206.000000 240.000000 244.000000 197.000000 217.000000 221.000000 204.000000 215.000000 228.000000 157.000000 143.000000 158.000000 169.000000 183.000000 226.000000 205.000000 185.000000 207.000000 245.000000 176.000000 128.000000 143.000000 215.000000 151.000000 170.000000 149.000000 136.000000 122.000000 147.000000 112.000000 138.000000 110.000000 187.000000 173.000000 187.000000 201.000000 206.000000 173.000000 186.000000 180.000000 173.000000 164.000000 191.000000 79.000000 91.000000 130.000000 137.000000 124.000000 131.000000 113.000000 106.000000 103.000000 94.000000 82.000000 100.000000 84.000000 97.000000 48.000000 67.000000 62.000000 80.000000 96.000000 54.000000 66.000000 12.000000 35.000000 71.000000 58.000000 64.000000 46.000000 59.000000 130.000000 148.000000 48.000000 23.000000 0.000000 13.000000 24.000000 32.000000 50.000000 60.000000 67.000000 83.000000 88.000000 66.000000 86.000000 75.000000 68.000000 116.000000 107.000000 81.000000 94.000000 113.000000 126.000000 121.000000 96.000000 117.000000 127.000000 108.000000 122.000000 131.000000 137.000000 169.000000 188.000000 177.000000 152.000000 135.000000 149.000000 176.000000 198.000000 223.000000 189.000000 174.000000 143.000000 109.000000 233.000000 213.000000 220.000000 232.000000 220.000000 206.000000 230.000000 81.000000 75.000000 57.000000 62.000000 73.000000 129.000000 178.000000 141.000000 163.000000
188.000000 197.000000 203.000000 183.000000 203.000000 214.000000 187.000000 197.000000 217.000000 222.000000 231.000000 273.000000 287.000000 242.000000 237.000000 253.000000 267.000000 252.000000 263.000000 273.000000 279.000000 270.000000 284.000000 287.000000 309.000000 249.000000 278.000000 291.000000 301.000000 287.000000 305.000000 303.000000 287.000000 292.000000 282.000000 270.000000 283.000000 255.000000 249.000000 259.000000 271.000000 305.000000 309.000000 262.000000 282.000000 286.000000 269.000000 280.000000 293.000000 222.000000 208.000000 223.000000 234.000000 248.000000 291.000000 270.000000 250.000000 272.000000 310.000000 241.000000 193.000000 208.000000 280.000000 216.000000 235.000000 212.000000 201.000000 187.000000 212.000000 177.000000 190.000000 175.000000 235.000000 223.000000 237.000000 256.000000 243.000000 210.000000 223.000000 217.000000 210.000000 201.000000 228.000000 144.000000 156.000000 190.000000 191.000000 176.000000 162.000000 144.000000 137.000000 155.000000 149.000000 147.000000 131.000000 115.000000 128.000000 113.000000 98.000000 80.000000 74.000000 90.000000 41.000000 53.000000 77.000000 100.000000 136.000000 123.000000 129.000000 111.000000 124.000000 167.000000 185.000000 113.000000 88.000000 132.000000 0.000000 11.000000 19.000000 37.000000 47.000000 54.000000 70.000000 75.000000 53.000000 145.000000 134.000000 133.000000 103.000000 94.000000 118.000000 131.000000 150.000000 163.000000 158.000000 133.000000 104.000000 114.000000 131.000000 145.000000 154.000000 174.000000 200.000000 175.000000 164.000000 139.000000 122.000000 136.000000 163.000000 190.000000 221.000000 226.000000 211.000000 174.000000 161.000000 298.000000 278.000000 285.000000 292.000000 257.000000 237.000000 222.000000 68.000000 72.000000 122.000000 127.000000 138.000000 194.000000 243.000000 178.000000 228.000000
177.000000 186.000000 192.000000 172.000000 192.000000 203.000000 176.000000 186.000000 206.000000 211.000000 220.000000 262.000000 276.000000 231.000000 226.000000 242.000000 256.000000 241.000000 252.000000 262.000000 268.000000 259.000000 273.000000 276.000000 298.000000 238.000000 267.000000 280.000000 290.000000 276.000000 294.000000 292.000000 276.000000 281.000000 271.000000 259.000000 272.000000 244.000000 238.000000 248.000000 260.000000 294.000000 298.000000 251.000000 271.000000 275.000000 258.000000 269.000000 282.000000 211.000000 197.000000 212.000000 223.000000 237.000000 280.000000 259.000000 239.000000 261.000000 299.000000 230.000000 182.000000 197.000000 269.000000 205.000000 224.000000 201.000000 190.000000 176.000000 201.000000 166.000000 179.000000 164.000000 224.000000 212.000000 226.000000 245.000000 232.000000 199.000000 212.000000 206.000000 199.000000 190.000000 217.000000 133.000000 145.000000 179.000000 180.000000 165.000000 151.000000 133.000000 126.000000 144.000000 138.000000 136.000000 120.000000 104.000000 117.000000 102.000000 87.000000 69.000000 63.000000 79.000000 30.000000 42.000000 66.000000 89.000000 125.000000 112.000000 118.000000 100.000000 113.000000 156.000000 174.000000 102.000000 77.000000 121.000000 134.000000 0.000000 8.000000 26.000000 36.000000 43.000000 59.000000 64.000000 42.000000 134.000000 123.000000 122.000000 92.000000 83.000000 107.000000 120.000000 139.000000 152.000000 147.000000 122.000000 93.000000 103.000000 120.000000 134.000000 143.000000 163.000000 189.000000 164.000000 153.000000 128.000000 111.000000 125.000000 152.000000 179.000000 210.000000 215.000000 200.000000 163.000000 150.000000 287.000000 267.000000 274.000000 281.000000 246.000000 226.000000 211.000000 57.000000 61.000000 111.000000 116.000000 127.000000 183.000000 232.000000 167.000000 217.000000
169.000000 178.000000 184.000000 164.000000 184.000000 195.000000 168.000000 178.000000 198.000000 203.000000 212.000000 254.000000 268.000000 223.000000 218.000000 234.000000 248.000000 233.000000 244.000000 254.000000 260.000000 251.000000 265.000000 268.000000 290.000000 230.000000 259.000000 272.000000 282.000000 268.000000 286.000000 284.000000 268.000000 273.000000 263.000000 251.000000 264.000000 236.000000 230.000000 240.000000 252.000000 286.000000 290.000000 243.000000 263.000000 267.000000 250.000000 261.000000 274.000000 203.000000 189.000000 204.000000 215.000000 229.000000 272.000000 251.000000 231.000000 253.000000 291.000000 222.000000 174.000000 189.000000 261.000000 197.000000 216.000000 193.000000 182.000000 168.000000 193.000000 158.000000 171.000000 156.000000 216.000000 204.000000 218.000000 237.000000 224.000000 191.000000 204.000000 198.000000 191.000000 182.000000 209.000000 125.000000 137.000000 171.000000 172.000000 157.000000 143.000000 125.000000 118.000000 136.000000 130.000000 128.000000 112.000000 96.000000 109.000000 94.000000 79.000000 61.000000 55.000000 71.000000 22.000000 34.000000 58.000000 81.000000 117.000000 104.000000 110.000000 92.000000 105.000000 148.000000 166.000000 94.000000 69.000000 113.000000 126.000000 51.000000 0.000000 18.000000 28.000000 35.000000 51.000000 56.000000 34.000000 126.000000 115.000000 114.000000 84.000000 75.000000 99.000000 112.000000 131.000000 144.000000 139.000000 114.000000 85.000000 95.000000 112.000000 126.000000 135.000000 155.000000 181.000000 156.000000 145.000000 120.000000 103.000000 117.000000 144.000000 171.000000 202.000000 207.000000 192.000000 155.000000 142.000000 279.000000 259.000000 266.000000 273.000000 238.000000 218.000000 203.000000 49.000000 53.000000 103.000000 108.000000 119.000000 175.000000 224.000000 159.000000 209.000000
151.000000 160.000000 166.000000 146.000000 166.000000 177.000000 150.000000 160.000000 180.000000 185.000000 194.000000 236.000000 250.000000 205.000000 200.000000 216.000000 230.000000 215.000000 226.000000 236.000000 242.000000 233.000000 247.000000 250.000000 272.000000 212.000000 241.000000 254.000000 264.000000 250.000000 268.000000 273.000000 250.000000 272.000000 262.000000 250.000000 263.000000 235.000000 229.000000 239.000000 251.000000 285.000000 305.000000 258.000000 276.000000 266.000000 265.000000 276.000000 289.000000 202.000000 204.000000 219.000000 230.000000 244.000000 287.000000 266.000000 246.000000 268.000000 306.000000 237.000000 189.000000 204.000000 276.000000 212.000000 231.000000 208.000000 197.000000 183.000000 208.000000 173.000000 186.000000 171.000000 198.000000 186.000000 200.000000 219.000000 206.000000 173.000000 186.000000 180.000000 173.000000 164.000000 191.000000 140.000000 152.000000 186.000000 187.000000 172.000000 158.000000 140.000000 133.000000 151.000000 145.000000 143.000000 127.000000 111.000000 124.000000 109.000000 94.000000 76.000000 70.000000 72.000000 37.000000 49.000000 73.000000 96.000000 132.000000 119.000000 125.000000 107.000000 120.000000 130.000000 148.000000 109.000000 84.000000 128.000000 141.000000 66.000000 74.000000 0.000000 10.000000 17.000000 33.000000 50.000000 16.000000 108.000000 97.000000 129.000000 66.000000 57.000000 81.000000 94.000000 113.000000 126.000000 121.000000 96.000000 67.000000 77.000000 94.000000 108.000000 117.000000 137.000000 163.000000 138.000000 127.000000 102.000000 85.000000 99.000000 126.000000 153.000000 184.000000 189.000000 174.000000 170.000000 157.000000 278.000000 258.000000 265.000000 255.000000 220.000000 200.000000 185.000000 57.000000 68.000000 118.000000 123.000000 134.000000 190.000000 211.000000 141.000000 196.000000
167.000000 176.000000 182.000000 162.000000 182.000000 193.000000 166.000000 176.000000 196.000000 201.000000 210.000000 252.000000 266.000000 221.000000 216.000000 232.000000 246.000000 231.000000 242.000000 252.000000 258.000000 249.000000 263.000000 266.000000 288.000000 228.000000 257.000000 270.000000 280.000000 266.000000 284.000000 289.000000 266.000000 278.000000 268.000000 256.000000 269.000000 241.000000 235.000000 245.000000 257.000000 291.000000 295.000000 248.000000 268.000000 272.000000 255.000000 266.000000 279.000000 208.000000 194.000000 209.000000 220.000000 234.000000 277.000000 256.000000 236.000000 258.000000 296.000000 227.000000 179.000000 194.000000 266.000000 202.000000 221.000000 198.000000 187.000000 173.000000 198.000000 163.000000 176.000000 161.000000 214.000000 202.000000 216.000000 235.000000 222.000000 189.000000 202.000000 196.000000 189.000000 180.000000 207.000000 130.000000 142.000000 176.000000 177.000000 162.000000 148.000000 130.000000 123.000000 141.000000 135.000000 133.000000 117.000000 101.000000 114.000000 99.000000 84.000000 66.000000 60.000000 62.000000 27.000000 39.000000 63.000000 86.000000 122.000000 109.000000 115.000000 97.000000 110.000000 146.000000 164.000000 99.000000 74.000000 118.000000 131.000000 56.000000 64.000000 82.000000 0.000000 7.000000 23.000000 40.000000 32.000000 124.000000 113.000000 119.000000 82.000000 73.000000 97.000000 110.000000 129.000000 142.000000 137.000000 112.000000 83.000000 93.000000 110.000000 124.000000 133.000000 153.000000 179.000000 154.000000 143.000000 118.000000 101.000000 115.000000 142.000000 169.000000 200.000000 205.000000 190.000000 160.000000 147.000000 284.000000 264.000000 271.000000 271.000000 236.000000 216.000000 201.000000 47.000000 58.000000 108.000000 113.000000 124.000000 180.000000 227.000000 157.000000 212.000000
160.000000 169.000000 175.000000 155.000000 175.000000 186.000000 159.000000 169.000000 189.000000 194.000000 203.000000 245.000000 259.000000 214.000000 209.000000 225.000000 239.000000 224.000000 235.000000 245.000000 251.000000 242.000000 256.000000 259.000000 281.000000 221.000000 250.000000 263.000000 273.000000 259.000000 277.000000 282.000000 259.000000 281.000000 271.000000 259.000000 272.000000 244.000000 238.000000 248.000000 260.000000 294.000000 302.000000 255.000000 275.000000 275.000000 262.000000 273.000000 286.000000 211.000000 201.000000 216.000000 227.000000 241.000000 284.000000 263.000000 243.000000 265.000000 303.000000 234.000000 186.000000 201.000000 273.000000 209.000000 228.000000 205.000000 194.000000 180.000000 205.000000 170.000000 183.000000 168.000000 207.000000 195.000000 209.000000 228.000000 215.000000 182.000000 195.000000 189.000000 182.000000 173.000000 200.000000 137.000000 149.000000 183.000000 184.000000 169.000000 155.000000 137.000000 130.000000 148.000000 142.000000 140.000000 124.000000 108.000000 121.000000 106.000000 91.000000 73.000000 67.000000 55.000000 34.000000 46.000000 70.000000 93.000000 129.000000 116.000000 122.000000 104.000000 117.000000 139.000000 157.000000 106.000000 81.000000 125.000000 138.000000 63.000000 71.000000 89.000000 7.000000 0.000000 16.000000 33.000000 25.000000 117.000000 106.000000 126.000000 75.000000 66.000000 90.000000 103.000000 122.000000 135.000000 130.000000 105.000000 76.000000 86.000000 103.000000 117.000000 126.000000 146.000000 172.000000 147.000000 136.000000 111.000000 94.000000 108.000000 135.000000 162.000000 193.000000 198.000000 183.000000 167.000000 154.000000 287.000000 267.000000 274.000000 264.000000 229.000000 209.000000 194.000000 40.000000 65.000000 115.000000 120.000000 131.000000 187.000000 220.000000 150.000000 205.000000
176.000000 185.000000 191.000000 171.000000 191.000000 202.000000 175.000000 185.000000 205.000000 210.000000 219.000000 261.000000 275.000000 230.000000 225.000000 241.000000 255.000000 240.000000 251.000000 261.000000 267.000000 258.000000 272.000000 275.000000 297.000000 237.000000 266.000000 279.000000 289.000000 275.000000 293.000000 298.000000 275.000000 297.000000 287.000000 275.000000 288.000000 260.000000 254.000000 264.000000 276.000000 310.000000 316.000000 271.000000 291.000000 291.000000 278.000000 289.000000 302.000000 227.000000 217.000000 232.000000 243.000000 257.000000 298.000000 277.000000 237.000000 259.000000 317.000000 250.000000 202.000000 217.000000 267.000000 222.000000 222.000000 190.000000 207.000000 193.000000 221.000000 183.000000 168.000000 184.000000 223.000000 211.000000 225.000000 244.000000 231.000000 198.000000 211.000000 205.000000 198.000000 189.000000 216.000000 153.000000 165.000000 168.000000 169.000000 154.000000 140.000000 122.000000 115.000000 133.000000 127.000000 139.000000 109.000000 93.000000 106.000000 116.000000 76.000000 89.000000 55.000000 39.000000 50.000000 62.000000 86.000000 109.000000 135.000000 132.000000 138.000000 120.000000 133.000000 155.000000 173.000000 122.000000 97.000000 141.000000 154.000000 79.000000 87.000000 105.000000 23.000000 16.000000 0.000000 17.000000 41.000000 133.000000 122.000000 142.000000 91.000000 82.000000 106.000000 119.000000 138.000000 151.000000 146.000000 121.000000 92.000000 102.000000 119.000000 133.000000 142.000000 162.000000 188.000000 163.000000 152.000000 127.000000 110.000000 124.000000 151.000000 178.000000 209.000000 214.000000 199.000000 152.000000 139.000000 303.000000 283.000000 290.000000 280.000000 245.000000 225.000000 210.000000 24.000000 81.000000 131.000000 130.000000 147.000000 200.000000 236.000000 166.000000 221.000000
193.000000 202.000000 208.000000 188.000000 208.000000 219.000000 192.000000 202.000000 222.000000 227.000000 236.000000 276.000000 290.000000 247.000000 242.000000 258.000000 272.000000 257.000000 268.000000 278.000000 273.000000 275.000000 289.000000 292.000000 314.000000 254.000000 283.000000 296.000000 306.000000 292.000000 310.000000 296.000000 292.000000 285.000000 275.000000 263.000000 276.000000 248.000000 242.000000 252.000000 264.000000 298.000000 299.000000 255.000000 275.000000 279.000000 262.000000 273.000000 286.000000 215.000000 201.000000 216.000000 227.000000 241.000000 281.000000 260.000000 220.000000 242.000000 300.000000 234.000000 186.000000 201.000000 250.000000 205.000000 205.000000 173.000000 190.000000 176.000000 205.000000 166.000000 151.000000 168.000000 240.000000 228.000000 242.000000 259.000000 248.000000 215.000000 228.000000 222.000000 215.000000 206.000000 233.000000 137.000000 149.000000 151.000000 152.000000 137.000000 123.000000 105.000000 98.000000 116.000000 110.000000 122.000000 92.000000 76.000000 89.000000 99.000000 59.000000 73.000000 38.000000 22.000000 34.000000 46.000000 70.000000 93.000000 118.000000 116.000000 122.000000 104.000000 117.000000 172.000000 190.000000 106.000000 81.000000 125.000000 138.000000 63.000000 71.000000 89.000000 30.000000 33.000000 17.000000 0.000000 58.000000 144.000000 133.000000 126.000000 108.000000 99.000000 123.000000 136.000000 155.000000 168.000000 163.000000 138.000000 109.000000 119.000000 136.000000 150.000000 159.000000 179.000000 205.000000 180.000000 169.000000 144.000000 127.000000 141.000000 168.000000 195.000000 226.000000 231.000000 216.000000 135.000000 122.000000 291.000000 271.000000 278.000000 290.000000 262.000000 242.000000 227.000000 7.000000 65.000000 115.000000 113.000000 131.000000 183.000000 236.000000 183.000000 221.000000
135.000000 144.000000 150.000000 130.000000 150.000000 161.000000 134.000000 144.000000 164.000000 169.000000 178.000000 220.000000 234.000000 189.000000 184.000000 200.000000 214.000000 199.000000 210.000000 220.000000 226.000000 217.000000 231.000000 234.000000 256.000000 196.000000 225.000000 238.000000 248.000000 234.000000 252.000000 257.000000 234.000000 256.000000 246.000000 234.000000 247.000000 219.000000 213.000000 223.000000 235.000000 269.000000 294.000000 254.000000 260.000000 250.000000 261.000000 272.000000 285.000000 186.000000 200.000000 215.000000 226.000000 240.000000 283.000000 262.000000 268.000000 290.000000 302.000000 233.000000 211.000000 226.000000 298.000000 234.000000 253.000000 230.000000 219.000000 205.000000 230.000000 195.000000 208.000000 193.000000 182.000000 170.000000 184.000000 203.000000 190.000000 157.000000 170.000000 164.000000 157.000000 148.000000 175.000000 162.000000 174.000000 208.000000 209.000000 194.000000 180.000000 162.000000 155.000000 173.000000 167.000000 165.000000 149.000000 133.000000 146.000000 131.000000 116.000000 98.000000 92.000000 80.000000 59.000000 71.000000 95.000000 118.000000 154.000000 141.000000 147.000000 129.000000 122.000000 114.000000 132.000000 93.000000 106.000000 112.000000 125.000000 88.000000 96.000000 114.000000 32.000000 25.000000 41.000000 58.000000 0.000000 92.000000 81.000000 113.000000 50.000000 41.000000 65.000000 78.000000 97.000000 110.000000 105.000000 80.000000 51.000000 61.000000 78.000000 92.000000 101.000000 121.000000 147.000000 122.000000 111.000000 86.000000 69.000000 83.000000 110.000000 137.000000 168.000000 173.000000 158.000000 192.000000 179.000000 262.000000 242.000000 249.000000 239.000000 204.000000 184.000000 169.000000 65.000000 90.000000 102.000000 145.000000 156.000000 212.000000 195.000000 125.000000 180.000000
129.000000 138.000000 144.000000 124.000000 144.000000 155.000000 128.000000 138.000000 158.000000 163.000000 172.000000 214.000000 228.000000 183.000000 178.000000 194.000000 208.000000 193.000000 204.000000 214.000000 220.000000 211.000000 225.000000 228.000000 250.000000 190.000000 219.000000 232.000000 242.000000 228.000000 246.000000 251.000000 228.000000 250.000000 240.000000 228.000000 241.000000 213.000000 207.000000 217.000000 229.000000 263.000000 288.000000 248.000000 254.000000 244.000000 255.000000 266.000000 279.000000 180.000000 194.000000 209.000000 220.000000 234.000000 277.000000 256.000000 248.000000 270.000000 296.000000 227.000000 191.000000 206.000000 278.000000 214.000000 233.000000 210.000000 199.000000 185.000000 210.000000 175.000000 188.000000 173.000000 176.000000 164.000000 178.000000 197.000000 184.000000 151.000000 164.000000 158.000000 151.000000 142.000000 169.000000 142.000000 154.000000 188.000000 189.000000 174.000000 160.000000 142.000000 135.000000 153.000000 147.000000 145.000000 129.000000 113.000000 126.000000 111.000000 96.000000 78.000000 72.000000 88.000000 39.000000 51.000000 75.000000 98.000000 134.000000 121.000000 127.000000 109.000000 116.000000 108.000000 126.000000 87.000000 86.000000 106.000000 119.000000 68.000000 17.000000 35.000000 45.000000 40.000000 56.000000 73.000000 15.000000 0.000000 75.000000 107.000000 44.000000 35.000000 59.000000 72.000000 91.000000 104.000000 99.000000 74.000000 45.000000 55.000000 72.000000 86.000000 95.000000 115.000000 141.000000 116.000000 105.000000 80.000000 63.000000 77.000000 104.000000 131.000000 162.000000 167.000000 152.000000 172.000000 159.000000 256.000000 236.000000 243.000000 233.000000 198.000000 178.000000 163.000000 66.000000 70.000000 96.000000 125.000000 136.000000 192.000000 189.000000 119.000000 174.000000
140.000000 149.000000 155.000000 135.000000 155.000000 166.000000 139.000000 149.000000 169.000000 174.000000 183.000000 225.000000 239.000000 194.000000 189.000000 205.000000 219.000000 204.000000 215.000000 225.000000 231.000000 222.000000 236.000000 239.000000 261.000000 201.000000 230.000000 243.000000 253.000000 239.000000 257.000000 262.000000 239.000000 261.000000 251.000000 239.000000 252.000000 224.000000 218.000000 228.000000 240.000000 274.000000 299.000000 259.000000 265.000000 255.000000 266.000000 277.000000 290.000000 191.000000 205.000000 220.000000 231.000000 245.000000 288.000000 267.000000 259.000000 281.000000 307.000000 238.000000 202.000000 217.000000 289.000000 225.000000 244.000000 221.000000 210.000000 196.000000 221.000000 186.000000 199.000000 184.000000 187.000000 175.000000 189.000000 208.000000 195.000000 162.000000 175.000000 169.000000 162.000000 153.000000 180.000000 153.000000 165.000000 199.000000 200.000000 185.000000 171.000000 153.000000 146.000000 164.000000 158.000000 156.000000 140.000000 124.000000 137.000000 122.000000 107.000000 89.000000 83.000000 99.000000 50.000000 62.000000 86.000000 109.000000 145.000000 132.000000 138.000000 120.000000 127.000000 119.000000 137.000000 98.000000 97.000000 117.000000 130.000000 79.000000 28.000000 46.000000 56.000000 51.000000 67.000000 84.000000 26.000000 11.000000 0.000000 118.000000 55.000000 46.000000 70.000000 83.000000 102.000000 115.000000 110.000000 85.000000 56.000000 66.000000 83.000000 97.000000 106.000000 126.000000 152.000000 127.000000 116.000000 91.000000 74.000000 88.000000 115.000000 142.000000 173.000000 178.000000 163.000000 183.000000 170.000000 267.000000 247.000000 254.000000 244.000000 209.000000 189.000000 174.000000 77.000000 81.000000 107.000000 136.000000 147.000000 203.000000 200.000000 130.000000 185.000000
147.000000 156.000000 162.000000 142.000000 162.000000 173.000000 146.000000 156.000000 176.000000 181.000000 190.000000 232.000000 246.000000 201.000000 196.000000 212.000000 226.000000 211.000000 222.000000 232.000000 238.000000 229.000000 243.000000 246.000000 268.000000 208.000000 237.000000 250.000000 260.000000 246.000000 264.000000 269.000000 246.000000 268.000000 258.000000 246.000000 259.000000 231.000000 225.000000 235.000000 247.000000 281.000000 306.000000 266.000000 272.000000 262.000000 273.000000 284.000000 297.000000 198.000000 212.000000 227.000000 238.000000 252.000000 295.000000 274.000000 264.000000 286.000000 314.000000 245.000000 207.000000 222.000000 294.000000 230.000000 249.000000 226.000000 215.000000 201.000000 226.000000 191.000000 204.000000 189.000000 194.000000 182.000000 196.000000 215.000000 202.000000 169.000000 182.000000 176.000000 169.000000 160.000000 187.000000 158.000000 170.000000 204.000000 205.000000 190.000000 176.000000 158.000000 151.000000 169.000000 163.000000 161.000000 145.000000 129.000000 142.000000 127.000000 112.000000 94.000000 88.000000 104.000000 55.000000 67.000000 91.000000 114.000000 150.000000 137.000000 143.000000 125.000000 134.000000 126.000000 144.000000 105.000000 102.000000 124.000000 14.000000 25.000000 33.000000 51.000000 61.000000 58.000000 74.000000 89.000000 33.000000 18.000000 7.000000 0.000000 62.000000 53.000000 77.000000 90.000000 109.000000 122.000000 117.000000 92.000000 63.000000 73.000000 90.000000 104.000000 113.000000 133.000000 159.000000 134.000000 123.000000 98.000000 81.000000 95.000000 122.000000 149.000000 180.000000 185.000000 170.000000 188.000000 175.000000 274.000000 254.000000 261.000000 251.000000 216.000000 196.000000 181.000000 82.000000 86.000000 114.000000 141.000000 152.000000 208.000000 207.000000 137.000000 192.000000
85.000000 94.000000 100.000000 80.000000 100.000000 111.000000 84.000000 94.000000 114.000000 119.000000 128.000000 170.000000 184.000000 139.000000 134.000000 150.000000 164.000000 149.000000 160.000000 170.000000 176.000000 167.000000 181.000000 192.000000 214.000000 169.000000 198.000000 211.000000 198.000000 184.000000 202.000000 207.000000 184.000000 206.000000 196.000000 184.000000 197.000000 169.000000 163.000000 173.000000 185.000000 219.000000 244.000000 204.000000 210.000000 200.000000 211.000000 222.000000 235.000000 136.000000 150.000000 165.000000 176.000000 190.000000 233.000000 212.000000 231.000000 253.000000 252.000000 183.000000 170.000000 185.000000 261.000000 197.000000 216.000000 195.000000 182.000000 168.000000 189.000000 158.000000 184.000000 152.000000 132.000000 120.000000 134.000000 153.000000 140.000000 107.000000 120.000000 114.000000 107.000000 98.000000 125.000000 125.000000 137.000000 176.000000 183.000000 170.000000 184.000000 166.000000 168.000000 149.000000 140.000000 128.000000 158.000000 146.000000 159.000000 110.000000 129.000000 120.000000 114.000000 130.000000 81.000000 93.000000 74.000000 97.000000 117.000000 104.000000 110.000000 92.000000 72.000000 64.000000 82.000000 43.000000 85.000000 62.000000 75.000000 86.000000 59.000000 77.000000 87.000000 82.000000 98.000000 115.000000 57.000000 42.000000 31.000000 63.000000 0.000000 62.000000 15.000000 28.000000 47.000000 60.000000 55.000000 30.000000 52.000000 62.000000 42.000000 56.000000 65.000000 71.000000 103.000000 128.000000 132.000000 107.000000 90.000000 84.000000 111.000000 132.000000 157.000000 123.000000 108.000000 196.000000 155.000000 212.000000 192.000000 199.000000 189.000000 154.000000 140.000000 164.000000 108.000000 112.000000 52.000000 124.000000 119.000000 175.000000 145.000000 75.000000 130.000000
94.000000 103.000000 109.000000 89.000000 109.000000 120.000000 93.000000 103.000000 123.000000 128.000000 137.000000 179.000000 193.000000 148.000000 143.000000 159.000000 173.000000 158.000000 169.000000 179.000000 185.000000 176.000000 190.000000 193.000000 215.000000 155.000000 184.000000 197.000000 207.000000 193.000000 211.000000 216.000000 193.000000 215.000000 205.000000 193.000000 206.000000 178.000000 172.000000 182.000000 194.000000 228.000000 253.000000 213.000000 219.000000 209.000000 220.000000 231.000000 244.000000 145.000000 159.000000 174.000000 185.000000 199.000000 242.000000 221.000000 240.000000 262.000000 261.000000 192.000000 179.000000 194.000000 270.000000 206.000000 225.000000 204.000000 191.000000 177.000000 198.000000 167.000000 193.000000 161.000000 141.000000 129.000000 143.000000 162.000000 149.000000 116.000000 129.000000 123.000000 116.000000 107.000000 134.000000 134.000000 146.000000 185.000000 192.000000 179.000000 193.000000 175.000000 177.000000 158.000000 149.000000 137.000000 167.000000 155.000000 168.000000 119.000000 138.000000 129.000000 123.000000 121.000000 90.000000 102.000000 83.000000 106.000000 126.000000 113.000000 119.000000 101.000000 81.000000 73.000000 91.000000 52.000000 94.000000 71.000000 84.000000 95.000000 68.000000 86.000000 73.000000 66.000000 82.000000 99.000000 41.000000 51.000000 40.000000 72.000000 9.000000 0.000000 24.000000 37.000000 56.000000 69.000000 64.000000 39.000000 10.000000 20.000000 37.000000 51.000000 60.000000 80.000000 106.000000 81.000000 70.000000 45.000000 28.000000 42.000000 69.000000 96.000000 127.000000 132.000000 117.000000 205.000000 164.000000 221.000000 201.000000 208.000000 198.000000 163.000000 143.000000 128.000000 106.000000 121.000000 61.000000 133.000000 128.000000 184.000000 154.000000 84.000000 139.000000
70.000000 79.000000 85.000000 65.000000 85.000000 96.000000 69.000000 79.000000 99.000000 104.000000 113.000000 155.000000 169.000000 124.000000 119.000000 135.000000 149.000000 134.000000 145.000000 155.000000 161.000000 152.000000 166.000000 177.000000 199.000000 154.000000 183.000000 196.000000 183.000000 169.000000 187.000000 192.000000 169.000000 191.000000 181.000000 169.000000 182.000000 154.000000 148.000000 158.000000 170.000000 204.000000 229.000000 189.000000 195.000000 185.000000 196.000000 207.000000 220.000000 121.000000 135.000000 150.000000 161.000000 175.000000 218.000000 197.000000 216.000000 238.000000 237.000000 168.000000 155.000000 170.000000 246.000000 182.000000 201.000000 180.000000 167.000000 153.000000 174.000000 143.000000 169.000000 137.000000 117.000000 105.000000 119.000000 138.000000 125.000000 92.000000 105.000000 99.000000 92.000000 83.000000 110.000000 110.000000 122.000000 161.000000 168.000000 155.000000 169.000000 151.000000 153.000000 134.000000 125.000000 113.000000 143.000000 131.000000 144.000000 95.000000 114.000000 109.000000 127.000000 143.000000 101.000000 113.000000 59.000000 82.000000 102.000000 89.000000 95.000000 77.000000 57.000000 49.000000 67.000000 28.000000 70.000000 47.000000 60.000000 71.000000 79.000000 97.000000 107.000000 106.000000 122.000000 135.000000 81.000000 66.000000 55.000000 48.000000 56.000000 47.000000 0.000000 13.000000 32.000000 45.000000 40.000000 15.000000 37.000000 47.000000 27.000000 41.000000 50.000000 56.000000 88.000000 113.000000 117.000000 92.000000 75.000000 69.000000 96.000000 117.000000 142.000000 108.000000 93.000000 181.000000 140.000000 197.000000 177.000000 184.000000 174.000000 139.000000 125.000000 149.000000 128.000000 122.000000 37.000000 109.000000 104.000000 160.000000 130.000000 60.000000 115.000000
57.000000 66.000000 72.000000 52.000000 72.000000 83.000000 71.000000 81.000000 101.000000 91.000000 100.000000 142.000000 156.000000 126.000000 121.000000 137.000000 151.000000 136.000000 147.000000 148.000000 157.000000 154.000000 168.000000 179.000000 201.000000 156.000000 185.000000 198.000000 185.000000 171.000000 189.000000 189.000000 171.000000 178.000000 168.000000 156.000000 169.000000 141.000000 135.000000 145.000000 157.000000 191.000000 216.000000 176.000000 182.000000 172.000000 183.000000 194.000000 207.000000 108.000000 122.000000 137.000000 148.000000 162.000000 205.000000 184.000000 203.000000 225.000000 224.000000 155.000000 142.000000 157.000000 233.000000 169.000000 188.000000 167.000000 154.000000 140.000000 161.000000 130.000000 156.000000 124.000000 104.000000 92.000000 106.000000 125.000000 112.000000 79.000000 92.000000 86.000000 79.000000 70.000000 97.000000 97.000000 109.000000 148.000000 155.000000 142.000000 156.000000 138.000000 140.000000 121.000000 112.000000 100.000000 130.000000 118.000000 131.000000 82.000000 101.000000 96.000000 114.000000 130.000000 88.000000 100.000000 46.000000 69.000000 89.000000 76.000000 82.000000 64.000000 44.000000 36.000000 54.000000 15.000000 57.000000 34.000000 47.000000 58.000000 66.000000 84.000000 94.000000 93.000000 109.000000 122.000000 68.000000 53.000000 42.000000 35.000000 97.000000 88.000000 48.000000 0.000000 19.000000 32.000000 42.000000 63.000000 85.000000 95.000000 75.000000 89.000000 98.000000 58.000000 90.000000 115.000000 126.000000 133.000000 116.000000 117.000000 144.000000 119.000000 144.000000 110.000000 95.000000 168.000000 127.000000 184.000000 164.000000 171.000000 174.000000 141.000000 127.000000 151.000000 115.000000 109.000000 24.000000 96.000000 91.000000 147.000000 117.000000 47.000000 102.000000
38.000000 47.000000 53.000000 33.000000 53.000000 64.000000 52.000000 62.000000 82.000000 72.000000 81.000000 123.000000 137.000000 107.000000 102.000000 118.000000 132.000000 117.000000 128.000000 129.000000 138.000000 135.000000 149.000000 160.000000 182.000000 137.000000 166.000000 179.000000 166.000000 152.000000 170.000000 170.000000 152.000000 159.000000 149.000000 137.000000 150.000000 122.000000 116.000000 126.000000 138.000000 172.000000 197.000000 157.000000 163.000000 153.000000 164.000000 175.000000 188.000000 89.000000 103.000000 118.000000 129.000000 143.000000 186.000000 165.000000 184.000000 206.000000 205.000000 136.000000 123.000000 138.000000 214.000000 150.000000 169.000000 148.000000 135.000000 121.000000 142.000000 111.000000 137.000000 105.000000 85.000000 73.000000 87.000000 106.000000 93.000000 60.000000 73.000000 67.000000 60.000000 51.000000 78.000000 78.000000 90.000000 129.000000 136.000000 123.000000 137.000000 119.000000 126.000000 102.000000 93.000000 81.000000 111.000000 127.000000 124.000000 91.000000 110.000000 105.000000 123.000000 139.000000 127.000000 139.000000 85.000000 78.000000 70.000000 57.000000 63.000000 45.000000 25.000000 17.000000 35.000000 54.000000 68.000000 73.000000 86.000000 97.000000 105.000000 123.000000 133.000000 132.000000 148.000000 161.000000 107.000000 92.000000 81.000000 74.000000 136.000000 127.000000 87.000000 45.000000 0.000000 13.000000 23.000000 102.000000 124.000000 134.000000 114.000000 128.000000 119.000000 39.000000 71.000000 96.000000 107.000000 172.000000 155.000000 113.000000 127.000000 100.000000 125.000000 91.000000 76.000000 149.000000 108.000000 165.000000 145.000000 152.000000 155.000000 122.000000 108.000000 132.000000 154.000000 118.000000 63.000000 105.000000 72.000000 128.000000 98.000000 28.000000 83.000000
44.000000 53.000000 59.000000 39.000000 59.000000 70.000000 39.000000 49.000000 69.000000 78.000000 87.000000 129.000000 143.000000 94.000000 89.000000 105.000000 119.000000 104.000000 115.000000 125.000000 131.000000 122.000000 136.000000 147.000000 169.000000 124.000000 153.000000 166.000000 153.000000 139.000000 157.000000 162.000000 139.000000 165.000000 155.000000 143.000000 156.000000 128.000000 122.000000 132.000000 144.000000 178.000000 203.000000 163.000000 169.000000 159.000000 170.000000 181.000000 194.000000 95.000000 109.000000 124.000000 135.000000 149.000000 192.000000 171.000000 190.000000 212.000000 211.000000 142.000000 129.000000 144.000000 220.000000 156.000000 175.000000 154.000000 141.000000 127.000000 148.000000 117.000000 143.000000 111.000000 91.000000 79.000000 93.000000 112.000000 99.000000 66.000000 79.000000 73.000000 66.000000 57.000000 84.000000 84.000000 96.000000 135.000000 142.000000 129.000000 143.000000 125.000000 132.000000 108.000000 99.000000 87.000000 117.000000 133.000000 130.000000 97.000000 116.000000 111.000000 129.000000 145.000000 120.000000 132.000000 78.000000 84.000000 76.000000 63.000000 69.000000 51.000000 31.000000 23.000000 41.000000 47.000000 74.000000 66.000000 79.000000 90.000000 98.000000 116.000000 126.000000 125.000000 141.000000 154.000000 100.000000 85.000000 74.000000 67.000000 129.000000 120.000000 80.000000 32.000000 48.000000 0.000000 10.000000 95.000000 117.000000 122.000000 107.000000 121.000000 106.000000 26.000000 58.000000 83.000000 94.000000 165.000000 148.000000 100.000000 114.000000 87.000000 112.000000 78.000000 63.000000 155.000000 114.000000 171.000000 151.000000 158.000000 144.000000 109.000000 95.000000 119.000000 147.000000 124.000000 56.000000 111.000000 78.000000 134.000000 104.000000 15.000000 89.000000
79.000000 88.000000 94.000000 74.000000 94.000000 105.000000 29.000000 39.000000 59.000000 75.000000 84.000000 148.000000 162.000000 84.000000 79.000000 95.000000 109.000000 94.000000 105.000000 115.000000 121.000000 112.000000 126.000000 137.000000 159.000000 114.000000 143.000000 156.000000 143.000000 129.000000 147.000000 152.000000 129.000000 163.000000 184.000000 178.000000 147.000000 146.000000 157.000000 167.000000 179.000000 193.000000 218.000000 198.000000 204.000000 194.000000 205.000000 216.000000 229.000000 130.000000 144.000000 159.000000 170.000000 184.000000 227.000000 206.000000 225.000000 247.000000 246.000000 177.000000 164.000000 179.000000 255.000000 191.000000 210.000000 189.000000 176.000000 162.000000 183.000000 152.000000 178.000000 146.000000 126.000000 114.000000 112.000000 131.000000 96.000000 101.000000 114.000000 108.000000 101.000000 92.000000 119.000000 119.000000 131.000000 170.000000 177.000000 164.000000 178.000000 160.000000 162.000000 143.000000 134.000000 122.000000 152.000000 140.000000 153.000000 104.000000 123.000000 118.000000 136.000000 152.000000 110.000000 122.000000 68.000000 91.000000 111.000000 98.000000 104.000000 86.000000 66.000000 58.000000 76.000000 37.000000 79.000000 56.000000 69.000000 80.000000 88.000000 106.000000 116.000000 115.000000 131.000000 144.000000 90.000000 75.000000 64.000000 57.000000 119.000000 110.000000 70.000000 22.000000 41.000000 54.000000 0.000000 85.000000 107.000000 112.000000 97.000000 111.000000 96.000000 16.000000 48.000000 73.000000 84.000000 155.000000 138.000000 90.000000 104.000000 77.000000 102.000000 68.000000 53.000000 190.000000 149.000000 205.000000 186.000000 164.000000 134.000000 99.000000 85.000000 109.000000 137.000000 131.000000 46.000000 118.000000 113.000000 169.000000 139.000000 69.000000 124.000000
104.000000 113.000000 119.000000 99.000000 119.000000 130.000000 54.000000 64.000000 84.000000 100.000000 109.000000 173.000000 187.000000 109.000000 104.000000 120.000000 134.000000 119.000000 130.000000 140.000000 146.000000 137.000000 151.000000 162.000000 184.000000 139.000000 168.000000 181.000000 168.000000 154.000000 172.000000 177.000000 154.000000 188.000000 209.000000 203.000000 172.000000 171.000000 182.000000 192.000000 204.000000 218.000000 243.000000 223.000000 229.000000 219.000000 230.000000 241.000000 254.000000 155.000000 169.000000 184.000000 195.000000 209.000000 252.000000 231.000000 250.000000 272.000000 271.000000 202.000000 189.000000 204.000000 280.000000 216.000000 235.000000 214.000000 201.000000 187.000000 208.000000 177.000000 203.000000 171.000000 151.000000 139.000000 137.000000 156.000000 121.000000 126.000000 139.000000 133.000000 126.000000 117.000000 144.000000 144.000000 156.000000 195.000000 202.000000 189.000000 203.000000 185.000000 187.000000 168.000000 159.000000 147.000000 177.000000 165.000000 178.000000 129.000000 148.000000 143.000000 155.000000 153.000000 122.000000 134.000000 93.000000 116.000000 136.000000 123.000000 129.000000 111.000000 91.000000 83.000000 101.000000 62.000000 104.000000 81.000000 94.000000 105.000000 100.000000 118.000000 105.000000 98.000000 114.000000 131.000000 73.000000 83.000000 72.000000 82.000000 41.000000 32.000000 56.000000 47.000000 66.000000 79.000000 25.000000 0.000000 22.000000 32.000000 12.000000 26.000000 35.000000 41.000000 73.000000 98.000000 102.000000 77.000000 60.000000 54.000000 81.000000 102.000000 127.000000 93.000000 78.000000 215.000000 174.000000 230.000000 211.000000 189.000000 159.000000 124.000000 110.000000 134.000000 138.000000 153.000000 71.000000 143.000000 138.000000 194.000000 164.000000 94.000000 149.000000
104.000000 113.000000 119.000000 99.000000 119.000000 130.000000 93.000000 103.000000 123.000000 138.000000 147.000000 189.000000 203.000000 148.000000 143.000000 159.000000 173.000000 158.000000 169.000000 179.000000 185.000000 176.000000 190.000000 183.000000 205.000000 145.000000 174.000000 187.000000 200.000000 193.000000 211.000000 216.000000 193.000000 225.000000 215.000000 203.000000 211.000000 188.000000 182.000000 192.000000 204.000000 238.000000 263.000000 223.000000 229.000000 219.000000 230.000000 241.000000 254.000000 155.000000 169.000000 184.000000 195.000000 209.000000 252.000000 231.000000 250.000000 272.000000 271.000000 202.000000 189.000000 204.000000 280.000000 216.000000 235.000000 214.000000 201.000000 187.000000 208.000000 177.000000 203.000000 171.000000 151.000000 139.000000 153.000000 172.000000 159.000000 126.000000 139.000000 133.000000 126.000000 117.000000 144.000000 144.000000 156.000000 195.000000 202.000000 189.000000 203.000000 185.000000 187.000000 168.000000 159.000000 147.000000 177.000000 165.000000 178.000000 129.000000 148.000000 139.000000 133.000000 131.000000 100.000000 112.000000 93.000000 116.000000 136.000000 123.000000 129.000000 111.000000 91.000000 83.000000 101.000000 62.000000 104.000000 81.000000 94.000000 105.000000 78.000000 96.000000 83.000000 76.000000 92.000000 109.000000 51.000000 61.000000 50.000000 82.000000 19.000000 10.000000 34.000000 47.000000 66.000000 79.000000 64.000000 39.000000 0.000000 10.000000 27.000000 41.000000 50.000000 75.000000 112.000000 91.000000 80.000000 55.000000 38.000000 32.000000 59.000000 86.000000 117.000000 132.000000 117.000000 215.000000 174.000000 231.000000 211.000000 218.000000 198.000000 163.000000 133.000000 118.000000 116.000000 131.000000 71.000000 143.000000 138.000000 194.000000 164.000000 94.000000 149.000000
114.000000 123.000000 129.000000 109.000000 129.000000 140.000000 83.000000 93.000000 113.000000 129.000000 138.000000 199.000000 213.000000 138.000000 133.000000 149.000000 163.000000 148.000000 159.000000 169.000000 175.000000 166.000000 180.000000 173.000000 195.000000 135.000000 164.000000 177.000000 190.000000 183.000000 201.000000 206.000000 183.000000 217.000000 225.000000 213.000000 201.000000 198.000000 192.000000 202.000000 214.000000 247.000000 272.000000 233.000000 239.000000 229.000000 240.000000 251.000000 264.000000 165.000000 179.000000 194.000000 205.000000 219.000000 262.000000 241.000000 260.000000 282.000000 281.000000 212.000000 199.000000 214.000000 290.000000 226.000000 245.000000 224.000000 211.000000 197.000000 218.000000 187.000000 213.000000 181.000000 161.000000 149.000000 163.000000 182.000000 150.000000 136.000000 149.000000 143.000000 136.000000 127.000000 154.000000 154.000000 166.000000 205.000000 212.000000 199.000000 213.000000 195.000000 197.000000 178.000000 169.000000 157.000000 187.000000 175.000000 188.000000 139.000000 158.000000 149.000000 143.000000 141.000000 110.000000 122.000000 103.000000 126.000000 146.000000 133.000000 139.000000 121.000000 101.000000 93.000000 111.000000 72.000000 114.000000 91.000000 104.000000 115.000000 88.000000 106.000000 93.000000 86.000000 102.000000 119.000000 61.000000 71.000000 60.000000 92.000000 29.000000 20.000000 44.000000 57.000000 76.000000 89.000000 54.000000 29.000000 10.000000 0.000000 17.000000 31.000000 40.000000 65.000000 102.000000 89.000000 78.000000 65.000000 48.000000 22.000000 49.000000 76.000000 107.000000 122.000000 107.000000 225.000000 184.000000 241.000000 221.000000 218.000000 188.000000 153.000000 123.000000 108.000000 126.000000 141.000000 81.000000 153.000000 148.000000 204.000000 174.000000 104.000000 159.000000
116.000000 125.000000 131.000000 111.000000 131.000000 142.000000 66.000000 76.000000 96.000000 112.000000 121.000000 185.000000 199.000000 121.000000 116.000000 132.000000 146.000000 131.000000 142.000000 152.000000 158.000000 149.000000 163.000000 174.000000 196.000000 151.000000 180.000000 193.000000 180.000000 166.000000 184.000000 189.000000 166.000000 200.000000 221.000000 215.000000 184.000000 183.000000 194.000000 204.000000 216.000000 230.000000 255.000000 235.000000 241.000000 231.000000 242.000000 253.000000 266.000000 167.000000 181.000000 196.000000 207.000000 221.000000 264.000000 243.000000 262.000000 284.000000 283.000000 214.000000 201.000000 216.000000 292.000000 228.000000 247.000000 226.000000 213.000000 199.000000 220.000000 189.000000 215.000000 183.000000 163.000000 151.000000 149.000000 168.000000 133.000000 138.000000 151.000000 145.000000 138.000000 129.000000 156.000000 156.000000 168.000000 207.000000 214.000000 201.000000 215.000000 197.000000 199.000000 180.000000 171.000000 159.000000 189.000000 177.000000 190.000000 141.000000 160.000000 155.000000 167.000000 165.000000 134.000000 146.000000 105.000000 128.000000 148.000000 135.000000 141.000000 123.000000 103.000000 95.000000 113.000000 74.000000 116.000000 93.000000 106.000000 117.000000 112.000000 130.000000 117.000000 110.000000 126.000000 143.000000 85.000000 95.000000 84.000000 94.000000 53.000000 44.000000 68.000000 59.000000 78.000000 91.000000 37.000000 12.000000 34.000000 44.000000 0.000000 14.000000 23.000000 48.000000 85.000000 110.000000 114.000000 89.000000 72.000000 66.000000 93.000000 114.000000 139.000000 105.000000 90.000000 227.000000 186.000000 242.000000 223.000000 201.000000 171.000000 136.000000 122.000000 146.000000 150.000000 165.000000 83.000000 155.000000 150.000000 206.000000 176.000000 106.000000 161.000000
129.000000 129.000000 123.000000 124.000000 128.000000 139.000000 56.000000 66.000000 86.000000 102.000000 111.000000 175.000000 189.000000 111.000000 106.000000 122.000000 136.000000 121.000000 132.000000 142.000000 148.000000 139.000000 153.000000 164.000000 186.000000 141.000000 170.000000 183.000000 170.000000 156.000000 174.000000 179.000000 156.000000 190.000000 211.000000 214.000000 174.000000 173.000000 193.000000 203.000000 215.000000 220.000000 245.000000 239.000000 240.000000 230.000000 241.000000 252.000000 265.000000 171.000000 185.000000 200.000000 211.000000 225.000000 268.000000 247.000000 275.000000 297.000000 287.000000 218.000000 205.000000 220.000000 305.000000 241.000000 260.000000 239.000000 226.000000 212.000000 224.000000 202.000000 228.000000 187.000000 167.000000 155.000000 139.000000 158.000000 123.000000 142.000000 155.000000 158.000000 151.000000 142.000000 163.000000 169.000000 181.000000 220.000000 227.000000 214.000000 228.000000 210.000000 212.000000 193.000000 184.000000 172.000000 202.000000 190.000000 203.000000 154.000000 173.000000 168.000000 186.000000 202.000000 160.000000 172.000000 118.000000 141.000000 161.000000 148.000000 154.000000 136.000000 116.000000 108.000000 126.000000 87.000000 129.000000 106.000000 119.000000 130.000000 138.000000 156.000000 166.000000 165.000000 181.000000 194.000000 140.000000 125.000000 114.000000 107.000000 168.000000 159.000000 120.000000 72.000000 91.000000 104.000000 50.000000 135.000000 149.000000 139.000000 147.000000 0.000000 9.000000 34.000000 75.000000 100.000000 111.000000 204.000000 187.000000 117.000000 131.000000 104.000000 129.000000 95.000000 80.000000 240.000000 199.000000 232.000000 221.000000 191.000000 161.000000 126.000000 112.000000 136.000000 187.000000 181.000000 96.000000 168.000000 163.000000 219.000000 180.000000 119.000000 165.000000
120.000000 120.000000 114.000000 115.000000 119.000000 130.000000 47.000000 57.000000 77.000000 93.000000 102.000000 166.000000 180.000000 102.000000 97.000000 113.000000 127.000000 112.000000 123.000000 133.000000 139.000000 130.000000 144.000000 155.000000 177.000000 132.000000 161.000000 174.000000 161.000000 147.000000 165.000000 170.000000 147.000000 181.000000 202.000000 205.000000 165.000000 164.000000 184.000000 194.000000 206.000000 211.000000 236.000000 230.000000 231.000000 221.000000 232.000000 243.000000 256.000000 162.000000 176.000000 191.000000 202.000000 216.000000 259.000000 238.000000 266.000000 288.000000 278.000000 209.000000 196.000000 211.000000 296.000000 232.000000 251.000000 230.000000 217.000000 203.000000 215.000000 193.000000 219.000000 178.000000 158.000000 146.000000 130.000000 149.000000 114.000000 133.000000 146.000000 149.000000 142.000000 133.000000 154.000000 160.000000 172.000000 211.000000 218.000000 205.000000 219.000000 201.000000 203.000000 184.000000 175.000000 163.000000 193.000000 181.000000 194.000000 145.000000 164.000000 159.000000 177.000000 193.000000 151.000000 163.000000 109.000000 132.000000 152.000000 139.000000 145.000000 127.000000 107.000000 99.000000 117.000000 78.000000 120.000000 97.000000 110.000000 121.000000 129.000000 147.000000 157.000000 156.000000 172.000000 185.000000 131.000000 116.000000 105.000000 98.000000 159.000000 150.000000 111.000000 63.000000 82.000000 95.000000 41.000000 126.000000 140.000000 130.000000 138.000000 152.000000 0.000000 25.000000 66.000000 91.000000 102.000000 195.000000 178.000000 108.000000 122.000000 95.000000 120.000000 86.000000 71.000000 231.000000 190.000000 223.000000 212.000000 182.000000 152.000000 117.000000 103.000000 127.000000 178.000000 172.000000 87.000000 159.000000 154.000000 210.000000 171.000000 110.000000 156.000000
95.000000 95.000000 89.000000 90.000000 94.000000 105.000000 22.000000 32.000000 52.000000 68.000000 77.000000 141.000000 155.000000 77.000000 72.000000 88.000000 102.000000 87.000000 98.000000 108.000000 114.000000 105.000000 119.000000 130.000000 152.000000 107.000000 136.000000 149.000000 136.000000 122.000000 140.000000 145.000000 122.000000 156.000000 177.000000 180.000000 140.000000 139.000000 159.000000 169.000000 181.000000 186.000000 211.000000 205.000000 206.000000 196.000000 207.000000 218.000000 231.000000 137.000000 151.000000 166.000000 177.000000 191.000000 234.000000 213.000000 241.000000 263.000000 253.000000 184.000000 171.000000 186.000000 271.000000 207.000000 226.000000 205.000000 192.000000 178.000000 190.000000 168.000000 194.000000 153.000000 133.000000 121.000000 105.000000 124.000000 89.000000 108.000000 121.000000 124.000000 117.000000 108.000000 129.000000 135.000000 147.000000 186.000000 193.000000 180.000000 194.000000 176.000000 178.000000 159.000000 150.000000 138.000000 168.000000 156.000000 169.000000 120.000000 139.000000 134.000000 152.000000 168.000000 126.000000 138.000000 84.000000 107.000000 127.000000 114.000000 120.000000 102.000000 82.000000 74.000000 92.000000 53.000000 95.000000 72.000000 85.000000 96.000000 104.000000 122.000000 132.000000 131.000000 147.000000 160.000000 106.000000 91.000000 80.000000 73.000000 134.000000 125.000000 86.000000 38.000000 57.000000 70.000000 16.000000 101.000000 115.000000 105.000000 113.000000 127.000000 89.000000 0.000000 41.000000 66.000000 77.000000 170.000000 153.000000 83.000000 97.000000 70.000000 95.000000 61.000000 46.000000 206.000000 165.000000 198.000000 187.000000 157.000000 127.000000 92.000000 78.000000 102.000000 153.000000 147.000000 62.000000 134.000000 129.000000 185.000000 146.000000 85.000000 131.000000
113.000000 113.000000 107.000000 108.000000 112.000000 123.000000 40.000000 50.000000 70.000000 86.000000 95.000000 146.000000 160.000000 56.000000 51.000000 67.000000 81.000000 66.000000 77.000000 87.000000 93.000000 84.000000 98.000000 109.000000 131.000000 86.000000 115.000000 128.000000 115.000000 101.000000 119.000000 124.000000 101.000000 135.000000 156.000000 159.000000 119.000000 118.000000 138.000000 148.000000 160.000000 165.000000 190.000000 202.000000 185.000000 175.000000 186.000000 197.000000 210.000000 151.000000 165.000000 180.000000 191.000000 205.000000 231.000000 210.000000 250.000000 263.000000 250.000000 198.000000 189.000000 204.000000 271.000000 225.000000 244.000000 223.000000 210.000000 196.000000 208.000000 186.000000 212.000000 171.000000 151.000000 139.000000 123.000000 129.000000 107.000000 126.000000 139.000000 142.000000 135.000000 126.000000 147.000000 153.000000 165.000000 204.000000 211.000000 198.000000 212.000000 194.000000 196.000000 177.000000 168.000000 156.000000 186.000000 174.000000 187.000000 138.000000 157.000000 152.000000 170.000000 186.000000 144.000000 156.000000 102.000000 125.000000 145.000000 132.000000 138.000000 120.000000 100.000000 92.000000 110.000000 71.000000 113.000000 90.000000 103.000000 114.000000 122.000000 140.000000 150.000000 149.000000 165.000000 178.000000 124.000000 109.000000 98.000000 91.000000 93.000000 84.000000 104.000000 56.000000 75.000000 88.000000 34.000000 93.000000 74.000000 64.000000 81.000000 95.000000 48.000000 18.000000 0.000000 25.000000 36.000000 129.000000 112.000000 42.000000 56.000000 29.000000 60.000000 29.000000 14.000000 224.000000 183.000000 177.000000 166.000000 136.000000 106.000000 71.000000 46.000000 61.000000 171.000000 165.000000 80.000000 152.000000 147.000000 203.000000 164.000000 103.000000 149.000000
138.000000 138.000000 132.000000 133.000000 137.000000 148.000000 65.000000 75.000000 95.000000 111.000000 120.000000 171.000000 185.000000 81.000000 76.000000 92.000000 106.000000 91.000000 102.000000 112.000000 118.000000 109.000000 123.000000 134.000000 156.000000 111.000000 140.000000 153.000000 140.000000 126.000000 144.000000 149.000000 126.000000 160.000000 181.000000 184.000000 144.000000 143.000000 163.000000 173.000000 185.000000 190.000000 215.000000 227.000000 210.000000 200.000000 211.000000 222.000000 235.000000 176.000000 190.000000 205.000000 216.000000 230.000000 256.000000 235.000000 275.000000 288.000000 275.000000 223.000000 214.000000 229.000000 296.000000 250.000000 269.000000 248.000000 235.000000 221.000000 233.000000 211.000000 237.000000 196.000000 176.000000 164.000000 148.000000 154.000000 132.000000 151.000000 164.000000 167.000000 160.000000 151.000000 172.000000 178.000000 190.000000 229.000000 236.000000 223.000000 237.000000 219.000000 221.000000 202.000000 193.000000 181.000000 211.000000 199.000000 212.000000 163.000000 182.000000 177.000000 182.000000 180.000000 149.000000 161.000000 127.000000 150.000000 170.000000 157.000000 163.000000 145.000000 125.000000 117.000000 135.000000 96.000000 138.000000 115.000000 128.000000 139.000000 127.000000 145.000000 132.000000 125.000000 141.000000 158.000000 100.000000 110.000000 99.000000 116.000000 68.000000 59.000000 83.000000 81.000000 100.000000 113.000000 59.000000 68.000000 49.000000 39.000000 56.000000 70.000000 23.000000 43.000000 25.000000 0.000000 11.000000 104.000000 87.000000 17.000000 44.000000 54.000000 85.000000 54.000000 39.000000 249.000000 208.000000 202.000000 191.000000 161.000000 131.000000 96.000000 71.000000 86.000000 165.000000 180.000000 105.000000 177.000000 172.000000 228.000000 189.000000 128.000000 174.000000
132.000000 132.000000 126.000000 127.000000 131.000000 142.000000 59.000000 69.000000 89.000000 105.000000 114.000000 178.000000 192.000000 92.000000 87.000000 103.000000 117.000000 102.000000 113.000000 123.000000 129.000000 120.000000 134.000000 145.000000 167.000000 122.000000 151.000000 164.000000 151.000000 137.000000 155.000000 160.000000 137.000000 171.000000 192.000000 195.000000 155.000000 154.000000 174.000000 184.000000 196.000000 201.000000 226.000000 238.000000 221.000000 211.000000 222.000000 233.000000 246.000000 174.000000 188.000000 203.000000 214.000000 228.000000 267.000000 246.000000 278.000000 299.000000 286.000000 221.000000 208.000000 223.000000 307.000000 244.000000 263.000000 242.000000 229.000000 215.000000 227.000000 205.000000 231.000000 190.000000 170.000000 158.000000 142.000000 161.000000 126.000000 145.000000 158.000000 161.000000 154.000000 145.000000 166.000000 172.000000 184.000000 223.000000 230.000000 217.000000 231.000000 213.000000 215.000000 196.000000 187.000000 175.000000 205.000000 193.000000 206.000000 157.000000 176.000000 171.000000 189.000000 191.000000 160.000000 172.000000 121.000000 144.000000 164.000000 151.000000 157.000000 139.000000 119.000000 111.000000 129.000000 90.000000 132.000000 109.000000 122.000000 133.000000 138.000000 156.000000 143.000000 136.000000 152.000000 169.000000 111.000000 121.000000 110.000000 110.000000 79.000000 70.000000 94.000000 75.000000 94.000000 107.000000 53.000000 79.000000 60.000000 50.000000 67.000000 81.000000 12.000000 37.000000 36.000000 11.000000 0.000000 115.000000 98.000000 28.000000 55.000000 65.000000 96.000000 65.000000 50.000000 243.000000 202.000000 213.000000 202.000000 172.000000 142.000000 107.000000 82.000000 97.000000 176.000000 184.000000 99.000000 171.000000 166.000000 222.000000 183.000000 122.000000 168.000000
157.000000 157.000000 151.000000 152.000000 156.000000 167.000000 84.000000 94.000000 114.000000 130.000000 139.000000 203.000000 217.000000 117.000000 112.000000 128.000000 142.000000 127.000000 138.000000 148.000000 154.000000 145.000000 159.000000 170.000000 192.000000 147.000000 176.000000 189.000000 176.000000 162.000000 180.000000 185.000000 162.000000 196.000000 217.000000 220.000000 180.000000 179.000000 199.000000 209.000000 221.000000 226.000000 251.000000 263.000000 246.000000 236.000000 247.000000 258.000000 271.000000 199.000000 213.000000 228.000000 239.000000 253.000000 292.000000 271.000000 303.000000 324.000000 311.000000 246.000000 233.000000 248.000000 332.000000 269.000000 288.000000 267.000000 254.000000 240.000000 252.000000 230.000000 256.000000 215.000000 195.000000 183.000000 167.000000 186.000000 151.000000 170.000000 183.000000 186.000000 179.000000 170.000000 191.000000 197.000000 209.000000 248.000000 255.000000 242.000000 256.000000 238.000000 240.000000 221.000000 212.000000 200.000000 230.000000 218.000000 231.000000 182.000000 201.000000 196.000000 214.000000 216.000000 185.000000 197.000000 146.000000 169.000000 189.000000 176.000000 182.000000 164.000000 144.000000 136.000000 154.000000 115.000000 157.000000 134.000000 147.000000 158.000000 163.000000 181.000000 168.000000 161.000000 177.000000 194.000000 136.000000 146.000000 135.000000 135.000000 104.000000 95.000000 119.000000 100.000000 119.000000 132.000000 78.000000 104.000000 85.000000 75.000000 92.000000 106.000000 37.000000 62.000000 61.000000 36.000000 25.000000 0.000000 123.000000 53.000000 80.000000 90.000000 121.000000 90.000000 75.000000 268.000000 227.000000 238.000000 227.000000 197.000000 167.000000 132.000000 107.000000 122.000000 201.000000 209.000000 124.000000 196.000000 191.000000 247.000000 208.000000 147.000000 193.000000
174.000000 174.000000 168.000000 169.000000 173.000000 184.000000 101.000000 111.000000 131.000000 147.000000 156.000000 220.000000 234.000000 134.000000 129.000000 145.000000 159.000000 144.000000 155.000000 165.000000 171.000000 162.000000 176.000000 187.000000 209.000000 164.000000 193.000000 206.000000 193.000000 179.000000 197.000000 202.000000 179.000000 213.000000 234.000000 237.000000 197.000000 196.000000 216.000000 226.000000 238.000000 243.000000 268.000000 280.000000 263.000000 253.000000 264.000000 275.000000 288.000000 216.000000 230.000000 245.000000 256.000000 270.000000 309.000000 288.000000 320.000000 341.000000 328.000000 263.000000 250.000000 265.000000 349.000000 286.000000 305.000000 284.000000 271.000000 257.000000 269.000000 247.000000 273.000000 232.000000 212.000000 200.000000 184.000000 203.000000 168.000000 187.000000 200.000000 203.000000 196.000000 187.000000 208.000000 214.000000 226.000000 265.000000 272.000000 259.000000 273.000000 255.000000 257.000000 238.000000 229.000000 217.000000 247.000000 235.000000 248.000000 199.000000 218.000000 213.000000 231.000000 233.000000 202.000000 214.000000 163.000000 186.000000 206.000000 193.000000 199.000000 181.000000 161.000000 153.000000 171.000000 132.000000 174.000000 151.000000 164.000000 175.000000 180.000000 198.000000 185.000000 178.000000 194.000000 211.000000 153.000000 163.000000 152.000000 152.000000 121.000000 112.000000 136.000000 117.000000 136.000000 149.000000 95.000000 121.000000 102.000000 92.000000 109.000000 123.000000 54.000000 79.000000 78.000000 53.000000 42.000000 17.000000 0.000000 70.000000 97.000000 107.000000 138.000000 107.000000 92.000000 285.000000 244.000000 255.000000 244.000000 214.000000 184.000000 149.000000 124.000000 139.000000 218.000000 226.000000 141.000000 213.000000 208.000000 264.000000 225.000000 164.000000 210.000000
136.000000 145.000000 151.000000 131.000000 151.000000 162.000000 105.000000 115.000000 135.000000 151.000000 160.000000 221.000000 235.000000 143.000000 138.000000 154.000000 168.000000 153.000000 164.000000 174.000000 180.000000 171.000000 162.000000 151.000000 173.000000 113.000000 142.000000 155.000000 168.000000 182.000000 183.000000 200.000000 188.000000 211.000000 232.000000 235.000000 206.000000 205.000000 214.000000 224.000000 236.000000 241.000000 266.000000 255.000000 261.000000 251.000000 262.000000 273.000000 286.000000 187.000000 201.000000 216.000000 227.000000 241.000000 284.000000 263.000000 282.000000 304.000000 303.000000 234.000000 221.000000 236.000000 312.000000 248.000000 267.000000 246.000000 233.000000 219.000000 240.000000 209.000000 235.000000 203.000000 183.000000 171.000000 185.000000 204.000000 172.000000 158.000000 171.000000 165.000000 158.000000 149.000000 176.000000 176.000000 188.000000 227.000000 234.000000 221.000000 235.000000 217.000000 219.000000 200.000000 191.000000 179.000000 209.000000 197.000000 210.000000 161.000000 180.000000 171.000000 165.000000 163.000000 132.000000 144.000000 125.000000 148.000000 168.000000 155.000000 161.000000 143.000000 123.000000 115.000000 133.000000 94.000000 136.000000 113.000000 126.000000 137.000000 110.000000 128.000000 115.000000 108.000000 124.000000 141.000000 83.000000 93.000000 82.000000 114.000000 51.000000 42.000000 66.000000 79.000000 98.000000 111.000000 76.000000 51.000000 32.000000 22.000000 39.000000 53.000000 62.000000 87.000000 92.000000 67.000000 56.000000 87.000000 70.000000 0.000000 27.000000 54.000000 85.000000 116.000000 101.000000 247.000000 206.000000 253.000000 242.000000 223.000000 193.000000 158.000000 101.000000 86.000000 148.000000 163.000000 103.000000 175.000000 170.000000 226.000000 196.000000 126.000000 181.000000
161.000000 161.000000 155.000000 156.000000 160.000000 171.000000 88.000000 98.000000 118.000000 134.000000 143.000000 206.000000 220.000000 116.000000 111.000000 127.000000 141.000000 126.000000 137.000000 147.000000 153.000000 144.000000 135.000000 124.000000 146.000000 86.000000 115.000000 128.000000 141.000000 155.000000 156.000000 173.000000 161.000000 184.000000 205.000000 217.000000 179.000000 178.000000 198.000000 208.000000 220.000000 214.000000 239.000000 262.000000 245.000000 235.000000 246.000000 257.000000 270.000000 203.000000 217.000000 232.000000 243.000000 257.000000 291.000000 270.000000 307.000000 323.000000 310.000000 250.000000 237.000000 252.000000 331.000000 273.000000 292.000000 271.000000 258.000000 244.000000 256.000000 234.000000 260.000000 219.000000 199.000000 187.000000 171.000000 189.000000 155.000000 174.000000 187.000000 190.000000 183.000000 174.000000 195.000000 201.000000 213.000000 252.000000 259.000000 246.000000 260.000000 242.000000 244.000000 225.000000 216.000000 204.000000 234.000000 222.000000 235.000000 186.000000 205.000000 198.000000 192.000000 190.000000 159.000000 171.000000 150.000000 173.000000 193.000000 180.000000 186.000000 168.000000 148.000000 140.000000 158.000000 119.000000 161.000000 138.000000 151.000000 162.000000 137.000000 155.000000 142.000000 135.000000 151.000000 168.000000 110.000000 120.000000 109.000000 139.000000 78.000000 69.000000 93.000000 104.000000 123.000000 136.000000 82.000000 78.000000 59.000000 49.000000 66.000000 80.000000 41.000000 66.000000 65.000000 40.000000 29.000000 114.000000 97.000000 27.000000 0.000000 27.000000 58.000000 89.000000 74.000000 272.000000 231.000000 226.000000 215.000000 196.000000 166.000000 131.000000 74.000000 59.000000 175.000000 190.000000 128.000000 200.000000 195.000000 251.000000 212.000000 151.000000 197.000000
155.000000 146.000000 140.000000 160.000000 145.000000 156.000000 101.000000 83.000000 103.000000 119.000000 128.000000 179.000000 193.000000 89.000000 84.000000 100.000000 114.000000 99.000000 110.000000 120.000000 126.000000 117.000000 108.000000 97.000000 119.000000 59.000000 88.000000 101.000000 114.000000 128.000000 129.000000 146.000000 134.000000 157.000000 178.000000 190.000000 152.000000 151.000000 171.000000 181.000000 193.000000 187.000000 212.000000 235.000000 218.000000 208.000000 219.000000 230.000000 243.000000 184.000000 198.000000 213.000000 224.000000 238.000000 264.000000 243.000000 283.000000 296.000000 283.000000 231.000000 222.000000 237.000000 304.000000 271.000000 290.000000 269.000000 256.000000 254.000000 241.000000 247.000000 273.000000 204.000000 184.000000 172.000000 156.000000 162.000000 140.000000 159.000000 172.000000 184.000000 177.000000 168.000000 180.000000 214.000000 226.000000 265.000000 272.000000 259.000000 273.000000 255.000000 257.000000 238.000000 229.000000 217.000000 247.000000 235.000000 248.000000 199.000000 218.000000 213.000000 219.000000 217.000000 186.000000 198.000000 163.000000 186.000000 206.000000 193.000000 199.000000 181.000000 161.000000 153.000000 171.000000 132.000000 174.000000 151.000000 164.000000 175.000000 164.000000 182.000000 169.000000 162.000000 178.000000 195.000000 137.000000 147.000000 136.000000 152.000000 105.000000 96.000000 120.000000 117.000000 136.000000 149.000000 95.000000 105.000000 86.000000 76.000000 93.000000 107.000000 68.000000 79.000000 61.000000 67.000000 56.000000 141.000000 124.000000 54.000000 27.000000 0.000000 31.000000 62.000000 47.000000 285.000000 244.000000 199.000000 188.000000 169.000000 139.000000 104.000000 47.000000 32.000000 202.000000 217.000000 141.000000 213.000000 208.000000 261.000000 197.000000 164.000000 182.000000
127.000000 118.000000 112.000000 132.000000 117.000000 128.000000 102.000000 55.000000 75.000000 91.000000 100.000000 151.000000 165.000000 61.000000 56.000000 72.000000 86.000000 71.000000 82.000000 92.000000 98.000000 89.000000 77.000000 66.000000 88.000000 28.000000 57.000000 70.000000 83.000000 97.000000 98.000000 115.000000 106.000000 126.000000 147.000000 159.000000 124.000000 123.000000 143.000000 153.000000 164.000000 156.000000 181.000000 206.000000 189.000000 179.000000 190.000000 201.000000 214.000000 156.000000 170.000000 185.000000 196.000000 210.000000 235.000000 214.000000 254.000000 267.000000 254.000000 203.000000 194.000000 209.000000 275.000000 243.000000 262.000000 241.000000 228.000000 226.000000 213.000000 236.000000 249.000000 176.000000 156.000000 144.000000 128.000000 134.000000 112.000000 131.000000 144.000000 156.000000 149.000000 140.000000 152.000000 209.000000 221.000000 254.000000 261.000000 254.000000 268.000000 250.000000 257.000000 233.000000 224.000000 212.000000 242.000000 236.000000 249.000000 200.000000 219.000000 214.000000 232.000000 248.000000 206.000000 218.000000 164.000000 187.000000 201.000000 188.000000 194.000000 176.000000 156.000000 148.000000 166.000000 133.000000 175.000000 152.000000 165.000000 176.000000 184.000000 202.000000 200.000000 193.000000 209.000000 226.000000 168.000000 171.000000 160.000000 153.000000 136.000000 127.000000 151.000000 118.000000 137.000000 145.000000 96.000000 136.000000 117.000000 107.000000 124.000000 138.000000 99.000000 80.000000 62.000000 87.000000 87.000000 172.000000 155.000000 85.000000 58.000000 31.000000 0.000000 34.000000 48.000000 280.000000 239.000000 168.000000 157.000000 141.000000 111.000000 76.000000 17.000000 33.000000 233.000000 227.000000 142.000000 214.000000 203.000000 233.000000 169.000000 146.000000 154.000000
93.000000 84.000000 78.000000 98.000000 83.000000 94.000000 69.000000 21.000000 41.000000 57.000000 66.000000 117.000000 131.000000 27.000000 22.000000 38.000000 52.000000 37.000000 48.000000 58.000000 64.000000 55.000000 69.000000 80.000000 102.000000 57.000000 86.000000 99.000000 86.000000 72.000000 90.000000 95.000000 72.000000 106.000000 127.000000 130.000000 90.000000 89.000000 109.000000 119.000000 131.000000 136.000000 161.000000 173.000000 156.000000 146.000000 157.000000 168.000000 181.000000 122.000000 136.000000 151.000000 162.000000 176.000000 202.000000 181.000000 221.000000 234.000000 221.000000 169.000000 160.000000 175.000000 242.000000 209.000000 228.000000 207.000000 194.000000 192.000000 179.000000 202.000000 215.000000 142.000000 122.000000 110.000000 94.000000 100.000000 78.000000 97.000000 110.000000 122.000000 115.000000 106.000000 118.000000 175.000000 187.000000 220.000000 227.000000 220.000000 234.000000 216.000000 223.000000 199.000000 190.000000 178.000000 208.000000 203.000000 216.000000 167.000000 186.000000 181.000000 199.000000 215.000000 173.000000 185.000000 131.000000 154.000000 167.000000 154.000000 160.000000 142.000000 122.000000 114.000000 132.000000 100.000000 142.000000 119.000000 132.000000 143.000000 151.000000 169.000000 179.000000 178.000000 194.000000 207.000000 153.000000 138.000000 127.000000 120.000000 122.000000 113.000000 133.000000 85.000000 104.000000 111.000000 63.000000 122.000000 103.000000 93.000000 110.000000 124.000000 77.000000 47.000000 29.000000 54.000000 65.000000 158.000000 141.000000 71.000000 85.000000 58.000000 34.000000 0.000000 15.000000 246.000000 205.000000 148.000000 137.000000 107.000000 77.000000 42.000000 17.000000 67.000000 200.000000 194.000000 109.000000 181.000000 169.000000 199.000000 135.000000 112.000000 120.000000
108.000000 99.000000 93.000000 113.000000 98.000000 109.000000 54.000000 36.000000 56.000000 72.000000 81.000000 132.000000 146.000000 42.000000 37.000000 53.000000 67.000000 52.000000 63.000000 73.000000 79.000000 70.000000 84.000000 95.000000 117.000000 72.000000 101.000000 114.000000 101.000000 87.000000 105.000000 110.000000 87.000000 121.000000 142.000000 145.000000 105.000000 104.000000 124.000000 134.000000 146.000000 151.000000 176.000000 188.000000 171.000000 161.000000 172.000000 183.000000 196.000000 137.000000 151.000000 166.000000 177.000000 191.000000 217.000000 196.000000 236.000000 249.000000 236.000000 184.000000 175.000000 190.000000 257.000000 224.000000 243.000000 222.000000 209.000000 207.000000 194.000000 200.000000 226.000000 157.000000 137.000000 125.000000 109.000000 115.000000 93.000000 112.000000 125.000000 137.000000 130.000000 121.000000 133.000000 167.000000 179.000000 218.000000 225.000000 212.000000 226.000000 208.000000 210.000000 191.000000 182.000000 170.000000 200.000000 188.000000 201.000000 152.000000 171.000000 166.000000 184.000000 200.000000 158.000000 170.000000 116.000000 139.000000 159.000000 146.000000 152.000000 134.000000 114.000000 106.000000 124.000000 85.000000 127.000000 104.000000 117.000000 128.000000 136.000000 154.000000 164.000000 163.000000 179.000000 192.000000 138.000000 123.000000 112.000000 105.000000 107.000000 98.000000 118.000000 70.000000 89.000000 102.000000 48.000000 107.000000 88.000000 78.000000 95.000000 109.000000 62.000000 32.000000 14.000000 39.000000 50.000000 143.000000 126.000000 56.000000 70.000000 43.000000 49.000000 15.000000 0.000000 238.000000 197.000000 163.000000 152.000000 122.000000 92.000000 57.000000 32.000000 75.000000 185.000000 179.000000 94.000000 166.000000 161.000000 214.000000 150.000000 117.000000 135.000000
155.000000 146.000000 152.000000 172.000000 192.000000 203.000000 220.000000 208.000000 228.000000 211.000000 175.000000 165.000000 179.000000 193.000000 248.000000 232.000000 203.000000 189.000000 183.000000 171.000000 162.000000 171.000000 185.000000 196.000000 218.000000 229.000000 205.000000 215.000000 202.000000 188.000000 202.000000 185.000000 184.000000 174.000000 164.000000 152.000000 165.000000 137.000000 131.000000 141.000000 153.000000 187.000000 191.000000 144.000000 164.000000 168.000000 151.000000 162.000000 175.000000 104.000000 90.000000 105.000000 116.000000 130.000000 173.000000 152.000000 114.000000 136.000000 192.000000 123.000000 75.000000 90.000000 144.000000 80.000000 99.000000 78.000000 65.000000 51.000000 94.000000 41.000000 26.000000 57.000000 134.000000 120.000000 134.000000 148.000000 187.000000 133.000000 146.000000 165.000000 172.000000 168.000000 154.000000 42.000000 38.000000 26.000000 27.000000 12.000000 48.000000 30.000000 37.000000 43.000000 34.000000 44.000000 52.000000 93.000000 65.000000 75.000000 76.000000 89.000000 107.000000 113.000000 121.000000 133.000000 106.000000 86.000000 78.000000 74.000000 62.000000 140.000000 153.000000 176.000000 194.000000 142.000000 117.000000 161.000000 174.000000 150.000000 158.000000 176.000000 148.000000 155.000000 152.000000 135.000000 180.000000 180.000000 169.000000 162.000000 224.000000 215.000000 175.000000 188.000000 201.000000 214.000000 215.000000 190.000000 212.000000 222.000000 202.000000 216.000000 225.000000 231.000000 239.000000 264.000000 275.000000 260.000000 243.000000 244.000000 271.000000 268.000000 257.000000 259.000000 244.000000 0.000000 19.000000 180.000000 160.000000 167.000000 179.000000 236.000000 274.000000 290.000000 142.000000 102.000000 151.000000 89.000000 53.000000 58.000000 125.000000 221.000000 110.000000
196.000000 187.000000 193.000000 213.000000 233.000000 244.000000 245.000000 249.000000 269.000000 252.000000 216.000000 206.000000 220.000000 234.000000 289.000000 273.000000 244.000000 230.000000 224.000000 212.000000 203.000000 212.000000 226.000000 237.000000 259.000000 270.000000 246.000000 256.000000 243.000000 229.000000 243.000000 226.000000 225.000000 215.000000 205.000000 193.000000 206.000000 178.000000 172.000000 182.000000 194.000000 228.000000 205.000000 185.000000 205.000000 209.000000 192.000000 203.000000 216.000000 145.000000 131.000000 146.000000 157.000000 171.000000 187.000000 166.000000 126.000000 148.000000 206.000000 164.000000 116.000000 131.000000 156.000000 121.000000 111.000000 79.000000 106.000000 92.000000 135.000000 82.000000 67.000000 98.000000 175.000000 161.000000 175.000000 189.000000 228.000000 174.000000 187.000000 206.000000 213.000000 209.000000 195.000000 83.000000 79.000000 67.000000 68.000000 53.000000 29.000000 11.000000 18.000000 36.000000 71.000000 83.000000 53.000000 74.000000 66.000000 76.000000 57.000000 90.000000 108.000000 94.000000 122.000000 134.000000 107.000000 87.000000 79.000000 113.000000 101.000000 141.000000 154.000000 217.000000 235.000000 143.000000 118.000000 162.000000 175.000000 151.000000 159.000000 177.000000 146.000000 149.000000 133.000000 116.000000 174.000000 181.000000 170.000000 163.000000 224.000000 215.000000 176.000000 189.000000 208.000000 221.000000 216.000000 191.000000 213.000000 223.000000 203.000000 217.000000 226.000000 232.000000 264.000000 289.000000 285.000000 260.000000 243.000000 245.000000 272.000000 293.000000 298.000000 284.000000 269.000000 41.000000 0.000000 221.000000 201.000000 208.000000 220.000000 277.000000 301.000000 325.000000 123.000000 103.000000 152.000000 90.000000 92.000000 99.000000 166.000000 236.000000 151.000000
141.000000 132.000000 138.000000 158.000000 178.000000 189.000000 206.000000 194.000000 214.000000 197.000000 107.000000 97.000000 111.000000 125.000000 224.000000 143.000000 125.000000 111.000000 115.000000 103.000000 94.000000 93.000000 107.000000 107.000000 129.000000 140.000000 111.000000 98.000000 85.000000 99.000000 70.000000 53.000000 76.000000 42.000000 30.000000 42.000000 55.000000 69.000000 49.000000 39.000000 27.000000 12.000000 37.000000 69.000000 52.000000 42.000000 53.000000 64.000000 77.000000 90.000000 104.000000 88.000000 80.000000 94.000000 97.000000 76.000000 116.000000 129.000000 116.000000 106.000000 118.000000 133.000000 137.000000 162.000000 131.000000 163.000000 152.000000 150.000000 137.000000 160.000000 173.000000 140.000000 120.000000 106.000000 120.000000 80.000000 119.000000 119.000000 132.000000 151.000000 158.000000 154.000000 140.000000 200.000000 190.000000 178.000000 185.000000 187.000000 213.000000 231.000000 238.000000 218.000000 209.000000 202.000000 227.000000 272.000000 240.000000 236.000000 255.000000 250.000000 268.000000 284.000000 272.000000 284.000000 230.000000 223.000000 215.000000 202.000000 208.000000 190.000000 170.000000 162.000000 180.000000 199.000000 213.000000 218.000000 231.000000 242.000000 250.000000 268.000000 278.000000 277.000000 293.000000 306.000000 252.000000 237.000000 226.000000 219.000000 281.000000 272.000000 232.000000 232.000000 187.000000 200.000000 210.000000 247.000000 269.000000 275.000000 259.000000 273.000000 267.000000 226.000000 225.000000 250.000000 255.000000 317.000000 300.000000 253.000000 226.000000 199.000000 168.000000 202.000000 216.000000 225.000000 224.000000 0.000000 20.000000 57.000000 81.000000 147.000000 185.000000 201.000000 299.000000 263.000000 208.000000 250.000000 211.000000 157.000000 111.000000 207.000000 96.000000
121.000000 112.000000 118.000000 138.000000 158.000000 169.000000 186.000000 174.000000 194.000000 177.000000 87.000000 77.000000 91.000000 105.000000 213.000000 132.000000 114.000000 100.000000 95.000000 83.000000 74.000000 82.000000 96.000000 96.000000 118.000000 129.000000 100.000000 87.000000 74.000000 88.000000 59.000000 42.000000 65.000000 31.000000 10.000000 22.000000 35.000000 49.000000 29.000000 19.000000 7.000000 32.000000 57.000000 49.000000 32.000000 22.000000 33.000000 44.000000 57.000000 70.000000 84.000000 68.000000 60.000000 74.000000 78.000000 57.000000 97.000000 110.000000 97.000000 86.000000 98.000000 113.000000 118.000000 143.000000 112.000000 144.000000 132.000000 130.000000 117.000000 140.000000 153.000000 120.000000 100.000000 86.000000 100.000000 60.000000 99.000000 99.000000 112.000000 131.000000 138.000000 134.000000 120.000000 180.000000 170.000000 158.000000 165.000000 167.000000 194.000000 212.000000 219.000000 198.000000 189.000000 182.000000 207.000000 252.000000 220.000000 216.000000 235.000000 230.000000 248.000000 264.000000 252.000000 264.000000 210.000000 203.000000 195.000000 182.000000 188.000000 170.000000 150.000000 142.000000 160.000000 179.000000 193.000000 198.000000 211.000000 222.000000 230.000000 248.000000 258.000000 257.000000 273.000000 286.000000 232.000000 217.000000 206.000000 199.000000 261.000000 252.000000 212.000000 212.000000 167.000000 180.000000 190.000000 227.000000 249.000000 259.000000 239.000000 253.000000 253.000000 206.000000 205.000000 230.000000 241.000000 297.000000 280.000000 242.000000 215.000000 188.000000 157.000000 191.000000 205.000000 206.000000 204.000000 20.000000 0.000000 37.000000 70.000000 136.000000 174.000000 190.000000 279.000000 243.000000 188.000000 230.000000 191.000000 137.000000 91.000000 187.000000 76.000000
159.000000 150.000000 156.000000 176.000000 196.000000 207.000000 224.000000 188.000000 208.000000 215.000000 120.000000 110.000000 124.000000 128.000000 189.000000 108.000000 90.000000 76.000000 87.000000 97.000000 67.000000 58.000000 72.000000 72.000000 94.000000 105.000000 76.000000 63.000000 50.000000 64.000000 35.000000 18.000000 41.000000 7.000000 28.000000 40.000000 53.000000 82.000000 67.000000 57.000000 45.000000 37.000000 62.000000 87.000000 70.000000 60.000000 71.000000 82.000000 95.000000 108.000000 122.000000 106.000000 98.000000 112.000000 116.000000 95.000000 135.000000 148.000000 135.000000 124.000000 136.000000 151.000000 156.000000 181.000000 150.000000 182.000000 170.000000 168.000000 155.000000 178.000000 191.000000 158.000000 138.000000 124.000000 138.000000 93.000000 132.000000 137.000000 150.000000 169.000000 176.000000 172.000000 158.000000 218.000000 208.000000 196.000000 203.000000 205.000000 232.000000 250.000000 257.000000 236.000000 227.000000 220.000000 245.000000 290.000000 258.000000 254.000000 273.000000 268.000000 286.000000 302.000000 290.000000 302.000000 248.000000 241.000000 233.000000 220.000000 226.000000 208.000000 188.000000 180.000000 198.000000 217.000000 231.000000 236.000000 249.000000 260.000000 268.000000 286.000000 296.000000 295.000000 311.000000 324.000000 270.000000 255.000000 244.000000 237.000000 269.000000 260.000000 250.000000 250.000000 205.000000 218.000000 228.000000 265.000000 250.000000 240.000000 257.000000 271.000000 232.000000 213.000000 195.000000 220.000000 220.000000 305.000000 288.000000 218.000000 191.000000 164.000000 133.000000 167.000000 181.000000 244.000000 242.000000 49.000000 38.000000 0.000000 46.000000 112.000000 150.000000 166.000000 317.000000 281.000000 226.000000 268.000000 229.000000 175.000000 129.000000 225.000000 114.000000
126.000000 117.000000 123.000000 143.000000 163.000000 174.000000 191.000000 163.000000 183.000000 182.000000 80.000000 70.000000 84.000000 98.000000 164.000000 83.000000 54.000000 40.000000 51.000000 61.000000 31.000000 22.000000 36.000000 47.000000 69.000000 80.000000 56.000000 66.000000 53.000000 39.000000 45.000000 28.000000 5.000000 37.000000 58.000000 70.000000 13.000000 42.000000 62.000000 72.000000 75.000000 67.000000 92.000000 117.000000 100.000000 90.000000 101.000000 112.000000 125.000000 75.000000 89.000000 104.000000 115.000000 129.000000 146.000000 125.000000 165.000000 178.000000 165.000000 122.000000 134.000000 149.000000 186.000000 183.000000 180.000000 181.000000 168.000000 166.000000 153.000000 176.000000 189.000000 125.000000 105.000000 91.000000 105.000000 53.000000 92.000000 104.000000 117.000000 136.000000 143.000000 139.000000 125.000000 208.000000 206.000000 194.000000 201.000000 203.000000 231.000000 249.000000 256.000000 232.000000 223.000000 211.000000 241.000000 257.000000 254.000000 221.000000 240.000000 235.000000 253.000000 269.000000 257.000000 269.000000 215.000000 208.000000 200.000000 187.000000 193.000000 175.000000 155.000000 147.000000 165.000000 184.000000 198.000000 203.000000 216.000000 227.000000 235.000000 253.000000 263.000000 262.000000 278.000000 291.000000 237.000000 222.000000 211.000000 204.000000 244.000000 235.000000 217.000000 217.000000 172.000000 185.000000 195.000000 232.000000 225.000000 215.000000 232.000000 246.000000 207.000000 188.000000 170.000000 195.000000 195.000000 280.000000 263.000000 193.000000 166.000000 139.000000 108.000000 142.000000 156.000000 243.000000 238.000000 79.000000 68.000000 30.000000 0.000000 87.000000 125.000000 141.000000 284.000000 248.000000 193.000000 235.000000 202.000000 173.000000 96.000000 192.000000 81.000000
160.000000 151.000000 157.000000 177.000000 197.000000 208.000000 225.000000 183.000000 203.000000 216.000000 114.000000 104.000000 118.000000 16.000000 184.000000 103.000000 10.000000 24.000000 35.000000 45.000000 51.000000 42.000000 56.000000 67.000000 89.000000 100.000000 76.000000 86.000000 73.000000 59.000000 77.000000 82.000000 59.000000 93.000000 114.000000 117.000000 77.000000 76.000000 96.000000 106.000000 118.000000 123.000000 148.000000 160.000000 143.000000 133.000000 144.000000 155.000000 168.000000 109.000000 123.000000 138.000000 149.000000 163.000000 189.000000 168.000000 208.000000 221.000000 208.000000 156.000000 168.000000 183.000000 229.000000 217.000000 223.000000 215.000000 202.000000 200.000000 187.000000 210.000000 223.000000 159.000000 139.000000 125.000000 139.000000 87.000000 126.000000 138.000000 151.000000 170.000000 177.000000 173.000000 159.000000 242.000000 240.000000 228.000000 235.000000 237.000000 265.000000 283.000000 290.000000 266.000000 257.000000 245.000000 275.000000 291.000000 288.000000 255.000000 274.000000 269.000000 287.000000 303.000000 291.000000 303.000000 249.000000 242.000000 234.000000 221.000000 227.000000 209.000000 189.000000 181.000000 199.000000 218.000000 232.000000 237.000000 250.000000 261.000000 269.000000 287.000000 297.000000 296.000000 312.000000 325.000000 271.000000 256.000000 245.000000 238.000000 264.000000 255.000000 251.000000 246.000000 206.000000 219.000000 224.000000 264.000000 245.000000 235.000000 252.000000 266.000000 227.000000 208.000000 190.000000 215.000000 215.000000 300.000000 283.000000 213.000000 186.000000 159.000000 128.000000 162.000000 176.000000 277.000000 272.000000 135.000000 124.000000 94.000000 64.000000 0.000000 145.000000 161.000000 318.000000 282.000000 227.000000 269.000000 236.000000 207.000000 130.000000 226.000000 115.000000
110.000000 101.000000 95.000000 115.000000 100.000000 111.000000 86.000000 38.000000 58.000000 74.000000 83.000000 134.000000 148.000000 44.000000 39.000000 55.000000 69.000000 54.000000 65.000000 75.000000 81.000000 72.000000 86.000000 83.000000 105.000000 45.000000 74.000000 87.000000 100.000000 89.000000 107.000000 112.000000 89.000000 123.000000 144.000000 147.000000 107.000000 106.000000 126.000000 136.000000 148.000000 153.000000 178.000000 190.000000 173.000000 163.000000 174.000000 185.000000 198.000000 139.000000 153.000000 168.000000 179.000000 193.000000 219.000000 198.000000 238.000000 251.000000 238.000000 186.000000 177.000000 192.000000 259.000000 226.000000 245.000000 224.000000 211.000000 209.000000 196.000000 219.000000 232.000000 159.000000 139.000000 127.000000 111.000000 117.000000 95.000000 114.000000 127.000000 139.000000 132.000000 123.000000 135.000000 192.000000 204.000000 237.000000 244.000000 237.000000 251.000000 233.000000 240.000000 216.000000 207.000000 195.000000 225.000000 220.000000 233.000000 184.000000 203.000000 198.000000 216.000000 232.000000 190.000000 202.000000 148.000000 171.000000 184.000000 171.000000 177.000000 159.000000 139.000000 131.000000 149.000000 117.000000 159.000000 136.000000 149.000000 160.000000 168.000000 186.000000 196.000000 195.000000 211.000000 224.000000 170.000000 155.000000 144.000000 137.000000 139.000000 130.000000 150.000000 102.000000 121.000000 128.000000 80.000000 139.000000 120.000000 110.000000 127.000000 141.000000 94.000000 64.000000 46.000000 71.000000 82.000000 175.000000 158.000000 88.000000 75.000000 48.000000 17.000000 17.000000 32.000000 263.000000 222.000000 165.000000 154.000000 124.000000 94.000000 59.000000 0.000000 50.000000 217.000000 211.000000 126.000000 198.000000 186.000000 216.000000 152.000000 129.000000 137.000000
123.000000 114.000000 108.000000 128.000000 113.000000 124.000000 69.000000 51.000000 71.000000 87.000000 96.000000 147.000000 161.000000 57.000000 52.000000 68.000000 82.000000 67.000000 78.000000 88.000000 94.000000 85.000000 99.000000 98.000000 120.000000 60.000000 89.000000 102.000000 115.000000 102.000000 120.000000 125.000000 102.000000 136.000000 157.000000 160.000000 120.000000 119.000000 139.000000 149.000000 161.000000 166.000000 191.000000 203.000000 186.000000 176.000000 187.000000 198.000000 211.000000 152.000000 166.000000 181.000000 192.000000 206.000000 232.000000 211.000000 251.000000 264.000000 251.000000 199.000000 190.000000 205.000000 272.000000 239.000000 258.000000 237.000000 224.000000 222.000000 209.000000 215.000000 241.000000 172.000000 152.000000 140.000000 124.000000 130.000000 108.000000 127.000000 140.000000 152.000000 145.000000 136.000000 148.000000 182.000000 194.000000 233.000000 240.000000 227.000000 241.000000 223.000000 225.000000 206.000000 197.000000 185.000000 215.000000 203.000000 216.000000 167.000000 186.000000 181.000000 199.000000 215.000000 173.000000 185.000000 131.000000 154.000000 174.000000 161.000000 167.000000 149.000000 129.000000 121.000000 139.000000 100.000000 142.000000 119.000000 132.000000 143.000000 151.000000 169.000000 179.000000 178.000000 194.000000 207.000000 153.000000 138.000000 127.000000 120.000000 122.000000 113.000000 133.000000 85.000000 104.000000 117.000000 63.000000 122.000000 103.000000 93.000000 110.000000 124.000000 77.000000 47.000000 29.000000 54.000000 65.000000 158.000000 141.000000 71.000000 85.000000 58.000000 32.000000 30.000000 15.000000 253.000000 212.000000 178.000000 167.000000 137.000000 107.000000 72.000000 15.000000 0.000000 200.000000 194.000000 109.000000 181.000000 176.000000 229.000000 165.000000 132.000000 150.000000
190.000000 199.000000 205.000000 185.000000 205.000000 216.000000 189.000000 199.000000 219.000000 224.000000 233.000000 269.000000 283.000000 244.000000 239.000000 255.000000 269.000000 254.000000 265.000000 275.000000 266.000000 272.000000 286.000000 289.000000 311.000000 251.000000 280.000000 293.000000 303.000000 289.000000 306.000000 289.000000 288.000000 278.000000 268.000000 256.000000 269.000000 241.000000 235.000000 245.000000 257.000000 291.000000 295.000000 248.000000 268.000000 272.000000 255.000000 266.000000 279.000000 208.000000 194.000000 209.000000 220.000000 234.000000 277.000000 256.000000 227.000000 249.000000 296.000000 227.000000 179.000000 194.000000 257.000000 202.000000 212.000000 180.000000 187.000000 173.000000 198.000000 163.000000 158.000000 161.000000 237.000000 224.000000 238.000000 252.000000 245.000000 212.000000 225.000000 219.000000 212.000000 203.000000 230.000000 130.000000 142.000000 158.000000 159.000000 144.000000 130.000000 112.000000 105.000000 123.000000 117.000000 129.000000 99.000000 83.000000 96.000000 99.000000 66.000000 66.000000 45.000000 29.000000 27.000000 39.000000 63.000000 86.000000 122.000000 109.000000 115.000000 97.000000 110.000000 169.000000 187.000000 99.000000 74.000000 118.000000 131.000000 56.000000 64.000000 82.000000 23.000000 30.000000 24.000000 7.000000 55.000000 137.000000 126.000000 119.000000 105.000000 96.000000 120.000000 133.000000 152.000000 165.000000 160.000000 135.000000 106.000000 116.000000 133.000000 147.000000 156.000000 176.000000 202.000000 177.000000 166.000000 141.000000 124.000000 138.000000 165.000000 192.000000 223.000000 228.000000 213.000000 142.000000 129.000000 284.000000 264.000000 271.000000 283.000000 259.000000 239.000000 224.000000 0.000000 58.000000 108.000000 113.000000 124.000000 180.000000 229.000000 180.000000 214.000000
215.000000 224.000000 230.000000 210.000000 230.000000 241.000000 214.000000 224.000000 244.000000 249.000000 258.000000 257.000000 271.000000 269.000000 264.000000 280.000000 294.000000 279.000000 275.000000 263.000000 254.000000 263.000000 277.000000 288.000000 310.000000 295.000000 297.000000 307.000000 294.000000 280.000000 294.000000 277.000000 276.000000 266.000000 256.000000 244.000000 257.000000 229.000000 223.000000 233.000000 245.000000 279.000000 266.000000 236.000000 256.000000 260.000000 243.000000 254.000000 267.000000 196.000000 182.000000 197.000000 208.000000 222.000000 248.000000 227.000000 187.000000 209.000000 267.000000 215.000000 167.000000 182.000000 217.000000 172.000000 172.000000 140.000000 157.000000 143.000000 186.000000 133.000000 118.000000 149.000000 226.000000 212.000000 226.000000 240.000000 270.000000 225.000000 238.000000 244.000000 237.000000 228.000000 246.000000 122.000000 130.000000 118.000000 119.000000 104.000000 90.000000 72.000000 65.000000 83.000000 77.000000 89.000000 59.000000 43.000000 56.000000 66.000000 26.000000 8.000000 26.000000 42.000000 40.000000 52.000000 76.000000 93.000000 85.000000 119.000000 107.000000 110.000000 123.000000 194.000000 212.000000 112.000000 87.000000 131.000000 144.000000 69.000000 77.000000 95.000000 67.000000 74.000000 81.000000 64.000000 99.000000 150.000000 139.000000 132.000000 149.000000 140.000000 145.000000 158.000000 177.000000 190.000000 185.000000 160.000000 150.000000 160.000000 172.000000 186.000000 195.000000 201.000000 233.000000 221.000000 210.000000 185.000000 168.000000 182.000000 209.000000 236.000000 267.000000 253.000000 238.000000 102.000000 89.000000 272.000000 252.000000 259.000000 271.000000 284.000000 270.000000 268.000000 67.000000 0.000000 121.000000 80.000000 98.000000 150.000000 217.000000 205.000000 202.000000
94.000000 103.000000 109.000000 89.000000 109.000000 120.000000 93.000000 103.000000 123.000000 128.000000 137.000000 179.000000 193.000000 148.000000 143.000000 159.000000 173.000000 158.000000 169.000000 179.000000 185.000000 176.000000 190.000000 201.000000 223.000000 178.000000 207.000000 220.000000 207.000000 193.000000 211.000000 216.000000 193.000000 215.000000 205.000000 193.000000 206.000000 178.000000 172.000000 182.000000 194.000000 228.000000 253.000000 213.000000 219.000000 209.000000 220.000000 231.000000 244.000000 145.000000 159.000000 174.000000 185.000000 199.000000 242.000000 221.000000 240.000000 262.000000 261.000000 192.000000 179.000000 194.000000 270.000000 206.000000 225.000000 204.000000 191.000000 177.000000 198.000000 167.000000 193.000000 161.000000 141.000000 129.000000 143.000000 162.000000 149.000000 116.000000 129.000000 123.000000 116.000000 107.000000 134.000000 134.000000 146.000000 185.000000 192.000000 179.000000 187.000000 169.000000 162.000000 158.000000 149.000000 137.000000 156.000000 140.000000 153.000000 119.000000 123.000000 105.000000 99.000000 115.000000 66.000000 78.000000 83.000000 106.000000 126.000000 113.000000 119.000000 101.000000 81.000000 73.000000 91.000000 52.000000 94.000000 71.000000 25.000000 36.000000 44.000000 62.000000 72.000000 69.000000 85.000000 100.000000 44.000000 29.000000 18.000000 11.000000 73.000000 64.000000 24.000000 37.000000 56.000000 69.000000 64.000000 39.000000 61.000000 71.000000 51.000000 65.000000 74.000000 80.000000 112.000000 137.000000 134.000000 109.000000 92.000000 93.000000 120.000000 141.000000 166.000000 132.000000 117.000000 199.000000 164.000000 221.000000 201.000000 208.000000 198.000000 163.000000 149.000000 173.000000 93.000000 97.000000 0.000000 133.000000 128.000000 184.000000 154.000000 84.000000 139.000000
156.000000 165.000000 171.000000 151.000000 171.000000 182.000000 155.000000 165.000000 185.000000 190.000000 199.000000 223.000000 237.000000 210.000000 205.000000 221.000000 235.000000 220.000000 231.000000 229.000000 220.000000 229.000000 243.000000 254.000000 276.000000 240.000000 263.000000 273.000000 260.000000 246.000000 260.000000 243.000000 242.000000 232.000000 222.000000 210.000000 223.000000 195.000000 189.000000 199.000000 211.000000 245.000000 249.000000 202.000000 222.000000 226.000000 209.000000 220.000000 233.000000 162.000000 148.000000 163.000000 174.000000 188.000000 231.000000 210.000000 190.000000 212.000000 250.000000 181.000000 133.000000 148.000000 220.000000 156.000000 175.000000 153.000000 141.000000 127.000000 152.000000 117.000000 131.000000 115.000000 192.000000 178.000000 192.000000 206.000000 211.000000 178.000000 191.000000 185.000000 178.000000 169.000000 196.000000 84.000000 96.000000 131.000000 132.000000 117.000000 103.000000 85.000000 78.000000 96.000000 90.000000 87.000000 72.000000 56.000000 69.000000 53.000000 39.000000 21.000000 39.000000 55.000000 53.000000 65.000000 17.000000 40.000000 76.000000 63.000000 69.000000 51.000000 64.000000 135.000000 153.000000 53.000000 28.000000 72.000000 85.000000 82.000000 90.000000 108.000000 80.000000 87.000000 94.000000 77.000000 106.000000 91.000000 80.000000 73.000000 135.000000 126.000000 86.000000 99.000000 118.000000 131.000000 126.000000 101.000000 123.000000 133.000000 113.000000 127.000000 136.000000 142.000000 174.000000 199.000000 196.000000 171.000000 154.000000 155.000000 182.000000 203.000000 228.000000 194.000000 179.000000 115.000000 102.000000 238.000000 218.000000 225.000000 237.000000 225.000000 211.000000 235.000000 80.000000 13.000000 62.000000 0.000000 78.000000 134.000000 183.000000 146.000000 168.000000
153.000000 144.000000 150.000000 170.000000 190.000000 201.000000 218.000000 206.000000 226.000000 209.000000 173.000000 163.000000 177.000000 191.000000 246.000000 230.000000 201.000000 187.000000 181.000000 169.000000 160.000000 169.000000 183.000000 194.000000 216.000000 227.000000 203.000000 213.000000 200.000000 186.000000 200.000000 183.000000 182.000000 172.000000 162.000000 150.000000 163.000000 135.000000 129.000000 139.000000 151.000000 185.000000 189.000000 142.000000 162.000000 166.000000 149.000000 160.000000 173.000000 102.000000 88.000000 103.000000 114.000000 128.000000 171.000000 150.000000 130.000000 152.000000 190.000000 121.000000 73.000000 88.000000 160.000000 96.000000 115.000000 94.000000 81.000000 67.000000 92.000000 57.000000 65.000000 55.000000 132.000000 118.000000 132.000000 146.000000 185.000000 131.000000 144.000000 163.000000 170.000000 166.000000 152.000000 24.000000 36.000000 65.000000 66.000000 51.000000 65.000000 47.000000 54.000000 30.000000 21.000000 9.000000 39.000000 91.000000 52.000000 55.000000 74.000000 69.000000 87.000000 103.000000 101.000000 113.000000 86.000000 42.000000 34.000000 21.000000 9.000000 120.000000 133.000000 174.000000 192.000000 122.000000 97.000000 141.000000 154.000000 130.000000 138.000000 156.000000 128.000000 135.000000 142.000000 125.000000 160.000000 160.000000 149.000000 142.000000 204.000000 195.000000 155.000000 168.000000 187.000000 200.000000 195.000000 170.000000 192.000000 202.000000 182.000000 196.000000 205.000000 211.000000 237.000000 262.000000 265.000000 240.000000 223.000000 224.000000 251.000000 266.000000 255.000000 257.000000 242.000000 77.000000 36.000000 178.000000 158.000000 165.000000 177.000000 234.000000 272.000000 288.000000 128.000000 82.000000 131.000000 69.000000 0.000000 74.000000 123.000000 215.000000 108.000000
173.000000 164.000000 170.000000 190.000000 210.000000 221.000000 238.000000 226.000000 246.000000 229.000000 193.000000 183.000000 197.000000 211.000000 266.000000 250.000000 221.000000 207.000000 201.000000 189.000000 180.000000 189.000000 203.000000 214.000000 236.000000 247.000000 223.000000 233.000000 220.000000 206.000000 220.000000 203.000000 202.000000 192.000000 182.000000 170.000000 183.000000 155.000000 149.000000 159.000000 171.000000 205.000000 183.000000 162.000000 182.000000 186.000000 169.000000 180.000000 193.000000 122.000000 108.000000 123.000000 134.000000 148.000000 165.000000 144.000000 104.000000 126.000000 184.000000 141.000000 93.000000 108.000000 134.000000 70.000000 89.000000 68.000000 55.000000 41.000000 112.000000 31.000000 16.000000 75.000000 152.000000 138.000000 152.000000 166.000000 205.000000 151.000000 164.000000 183.000000 190.000000 186.000000 172.000000 60.000000 56.000000 44.000000 45.000000 30.000000 96.000000 78.000000 85.000000 61.000000 52.000000 62.000000 70.000000 129.000000 83.000000 93.000000 112.000000 107.000000 125.000000 141.000000 139.000000 151.000000 124.000000 104.000000 96.000000 92.000000 80.000000 158.000000 171.000000 194.000000 212.000000 160.000000 135.000000 179.000000 192.000000 168.000000 176.000000 194.000000 166.000000 173.000000 180.000000 163.000000 198.000000 198.000000 187.000000 180.000000 242.000000 233.000000 193.000000 206.000000 219.000000 232.000000 233.000000 208.000000 230.000000 240.000000 220.000000 234.000000 243.000000 249.000000 257.000000 282.000000 293.000000 278.000000 261.000000 262.000000 289.000000 286.000000 275.000000 277.000000 262.000000 108.000000 67.000000 198.000000 178.000000 185.000000 197.000000 254.000000 292.000000 308.000000 166.000000 120.000000 169.000000 107.000000 71.000000 0.000000 143.000000 239.000000 128.000000
56.000000 47.000000 53.000000 73.000000 93.000000 104.000000 121.000000 109.000000 129.000000 112.000000 83.000000 73.000000 87.000000 101.000000 149.000000 158.000000 129.000000 111.000000 91.000000 79.000000 88.000000 97.000000 111.000000 122.000000 144.000000 155.000000 131.000000 141.000000 128.000000 114.000000 132.000000 120.000000 110.000000 109.000000 99.000000 87.000000 100.000000 72.000000 66.000000 76.000000 88.000000 122.000000 147.000000 107.000000 113.000000 103.000000 114.000000 125.000000 138.000000 39.000000 53.000000 68.000000 79.000000 93.000000 136.000000 115.000000 130.000000 152.000000 155.000000 86.000000 47.000000 62.000000 160.000000 96.000000 115.000000 94.000000 81.000000 79.000000 66.000000 89.000000 102.000000 29.000000 9.000000 23.000000 37.000000 56.000000 95.000000 34.000000 21.000000 40.000000 47.000000 56.000000 29.000000 129.000000 119.000000 107.000000 114.000000 116.000000 144.000000 162.000000 169.000000 147.000000 138.000000 131.000000 156.000000 187.000000 169.000000 151.000000 170.000000 165.000000 183.000000 199.000000 187.000000 199.000000 145.000000 138.000000 130.000000 117.000000 123.000000 105.000000 85.000000 77.000000 95.000000 114.000000 128.000000 133.000000 146.000000 157.000000 165.000000 183.000000 193.000000 192.000000 208.000000 221.000000 167.000000 152.000000 141.000000 134.000000 196.000000 187.000000 147.000000 147.000000 102.000000 115.000000 125.000000 162.000000 184.000000 194.000000 174.000000 188.000000 188.000000 141.000000 140.000000 165.000000 176.000000 232.000000 215.000000 182.000000 196.000000 169.000000 183.000000 160.000000 145.000000 156.000000 153.000000 115.000000 95.000000 102.000000 105.000000 162.000000 177.000000 201.000000 214.000000 178.000000 123.000000 165.000000 132.000000 86.000000 0.000000 122.000000 33.000000
29.000000 38.000000 44.000000 24.000000 44.000000 55.000000 72.000000 60.000000 80.000000 63.000000 72.000000 114.000000 128.000000 105.000000 100.000000 116.000000 130.000000 115.000000 126.000000 120.000000 129.000000 133.000000 147.000000 158.000000 180.000000 135.000000 164.000000 177.000000 164.000000 150.000000 168.000000 161.000000 150.000000 150.000000 140.000000 128.000000 141.000000 113.000000 107.000000 117.000000 129.000000 163.000000 188.000000 148.000000 154.000000 144.000000 155.000000 166.000000 179.000000 80.000000 94.000000 109.000000 120.000000 134.000000 177.000000 156.000000 175.000000 197.000000 196.000000 127.000000 114.000000 129.000000 205.000000 141.000000 160.000000 139.000000 126.000000 112.000000 133.000000 102.000000 128.000000 96.000000 76.000000 64.000000 78.000000 97.000000 84.000000 51.000000 64.000000 58.000000 51.000000 42.000000 69.000000 69.000000 81.000000 120.000000 127.000000 114.000000 128.000000 110.000000 117.000000 93.000000 84.000000 72.000000 102.000000 118.000000 115.000000 82.000000 101.000000 96.000000 114.000000 130.000000 118.000000 130.000000 76.000000 69.000000 61.000000 48.000000 54.000000 36.000000 16.000000 8.000000 26.000000 45.000000 59.000000 64.000000 77.000000 88.000000 96.000000 114.000000 124.000000 123.000000 139.000000 152.000000 98.000000 83.000000 72.000000 65.000000 127.000000 118.000000 78.000000 78.000000 33.000000 46.000000 56.000000 93.000000 115.000000 125.000000 105.000000 119.000000 128.000000 72.000000 91.000000 116.000000 127.000000 163.000000 146.000000 133.000000 147.000000 120.000000 145.000000 111.000000 96.000000 140.000000 99.000000 156.000000 136.000000 143.000000 146.000000 120.000000 128.000000 152.000000 145.000000 109.000000 54.000000 96.000000 63.000000 119.000000 89.000000 0.000000 74.000000
45.000000 36.000000 42.000000 62.000000 82.000000 93.000000 110.000000 98.000000 118.000000 101.000000 70.000000 60.000000 74.000000 88.000000 138.000000 134.000000 105.000000 91.000000 78.000000 66.000000 64.000000 73.000000 87.000000 98.000000 120.000000 131.000000 107.000000 117.000000 104.000000 90.000000 104.000000 87.000000 86.000000 76.000000 66.000000 54.000000 67.000000 39.000000 33.000000 43.000000 55.000000 89.000000 114.000000 74.000000 80.000000 70.000000 81.000000 92.000000 105.000000 6.000000 20.000000 35.000000 46.000000 60.000000 103.000000 82.000000 122.000000 135.000000 122.000000 53.000000 62.000000 77.000000 143.000000 111.000000 130.000000 109.000000 96.000000 94.000000 81.000000 104.000000 117.000000 44.000000 24.000000 10.000000 24.000000 43.000000 82.000000 23.000000 36.000000 55.000000 62.000000 58.000000 44.000000 127.000000 134.000000 122.000000 129.000000 131.000000 159.000000 168.000000 175.000000 151.000000 142.000000 130.000000 160.000000 176.000000 173.000000 140.000000 159.000000 154.000000 172.000000 188.000000 176.000000 188.000000 134.000000 127.000000 119.000000 106.000000 112.000000 94.000000 74.000000 66.000000 84.000000 103.000000 117.000000 122.000000 135.000000 146.000000 154.000000 172.000000 182.000000 181.000000 197.000000 210.000000 156.000000 141.000000 130.000000 123.000000 185.000000 176.000000 136.000000 136.000000 91.000000 104.000000 114.000000 151.000000 173.000000 183.000000 163.000000 177.000000 177.000000 130.000000 129.000000 154.000000 165.000000 221.000000 204.000000 171.000000 185.000000 158.000000 159.000000 149.000000 134.000000 171.000000 157.000000 82.000000 62.000000 69.000000 81.000000 138.000000 166.000000 190.000000 203.000000 167.000000 112.000000 154.000000 121.000000 101.000000 15.000000 111.000000 0.000000
DEMAND_SECTION
1  0
2  4
3  9
4  1
5  2
6  7
7  3
8  2
9  9
10  7
11  8
12  3
13  9
14  3
15  5
16  4
17  10
18  10
19  10
20  6
21  5
22  7
23  10
24  10
25  10
26  1
27  9
28  5
29  7
30  10
31  2
32  10
33  6
34  1
35  10
36  6
37  9
38  3
39  10
40  5
41  2
42  3
43  5
44  1
45  8
46  6
47  9
48  8
49  5
50  9
51  6
52  3
53  7
54  4
55  2
56  3
57  3
58  9
59  7
60  8
61  1
62  3
63  8
64  6
65  5
66  7
67  10
68  6
69  6
70  5
71  2
72  3
73  1
74  4
75  1
76  10
77  8
78  9
79  7
80  9
81  7
82  5
83  1
84  2
85  9
86  8
87  5
88  9
89  3
90  6
91  9
92  9
93  4
94  9
95  6
96  1
97  3
98  10
99  1
100  9
101  10
102  7
103  2
104  2
105  10
106  8
107  5
108  6
109  3
110  4
111  7
112  9
113  4
114  8
115  9
116  1
117  8
118  3
119  2
120  1
121  5
122  4
123  6
124  6
125  9
126  2
127  8
128  10
129  7
130  9
131  4
132  4
133  5
134  8
135  9
136  6
137  4
138  9
139  4
140  4
141  1
142  8
143  5
144  6
145  1
146  9
147  4
148  6
149  4
150  1
151  3
152  2
153  2
154  8
155  7
156  9
157  6
158  9
159  8
160  10
161  4
162  3
163  6
164  2
165  7
166  3
167  8
168  9
169  3
170  10
171  4
DEPOT_SECTION
1
-1
EOF
