NAME: kro124p
TYPE : ACVRP
COMMENT : COMMENT: Asymmetric TSP (Fischetti) with demands added, capacity=50, HP (asym_scale=1.0)
DIMENSION:  100
EDGE_WEIGHT_TYPE : EXPLICIT
EDGE_WEIGHT_FORMAT : FULL_MATRIX
CAPACITY : 50
EDGE_WEIGHT_SECTION
0.000000 1636.628201 1853.051229 1174.722149 1723.640612 627.974434 1607.917608 499.123189 1583.933894 485.018191 1333.215292 1487.371521 2319.699388 2053.440996 1226.693392 1296.545954 1269.635201 1107.188787 752.243640 1375.465533 1155.523151 1212.021130 1067.593699 1103.333978 1161.012597 1317.672202 1283.659014 911.260706 1903.064529 1636.232988 1001.354280 963.562468 1901.222790 1585.072557 1570.626116 1046.468936 2058.375739 1123.807401 1394.298670 1221.700683 2594.781369 495.267625 1914.644583 1554.206527 896.102470 1976.265249 845.336233 1889.120473 714.981642 1693.647321 1271.835697 2145.107325 1106.145062 1637.851829 1693.496819 1159.773533 1348.790339 875.505964 1166.935951 1157.532174 756.677975 1144.364829 527.671873 1357.121435 1267.441661 1261.532227 1155.203934 1226.237531 922.944455 1500.399843 2336.726317 976.471060 1546.945453 1122.083253 1021.950570 2305.208750 1353.472545 1848.600594 724.887315 1114.446376 1074.259895 2208.476821 1652.961506 797.469212 1562.857971 1203.639723 1283.525165 1279.898299 1183.092318 831.599823 712.450085 254.305769 659.200104 1400.445866 2011.131767 1711.283067 844.048018 1187.014562 1546.804887 2265.247294
1576.403728 0.000000 1199.541716 1845.047618 1347.971111 1627.949691 1275.640915 1072.106038 1214.394503 2061.421919 1748.270682 1366.693479 1309.610748 1588.617732 1937.646975 1989.617706 1954.452691 2368.865989 1842.949946 1311.233575 2043.923917 2121.372283 1738.953744 2251.305123 798.451036 2027.101312 1552.574720 1258.620304 1604.006692 967.038086 1477.844065 2043.504794 1489.874740 1447.128507 1597.991405 2515.906689 1398.035884 2534.001892 1033.476877 465.914586 1873.214572 1690.077697 1713.115452 309.396419 1994.623551 1538.445276 1999.913396 1518.856144 1646.782336 814.163631 1270.731997 1391.658029 1889.920124 523.111673 1454.774213 1755.577966 1416.990210 1344.743540 2275.597883 1532.145640 851.662219 1571.633578 1695.953340 242.381279 1886.225343 1859.810065 1035.963624 802.073410 872.061081 2258.155524 1424.513148 2229.159581 398.270394 2186.104046 2019.736456 1175.661903 1819.640633 890.369308 2246.142760 1207.586446 1005.196547 571.848619 1574.305190 2328.821707 764.183962 1472.555428 1230.191015 2242.741066 1615.871554 1999.881291 1966.830662 1422.587237 1269.138338 2345.279961 861.182616 1166.533862 1926.895773 1752.764616 2576.703740 1369.534703
2145.275106 2003.881230 0.000000 2738.993040 1367.815956 2273.118183 810.434330 2063.394080 911.630485 2390.697541 2196.141627 687.401883 1643.353928 628.913093 1945.408136 2747.649987 2058.546952 2745.676662 2225.645679 1149.491461 2160.030825 2748.000348 1722.322195 2536.938437 1369.722591 2881.943093 951.229698 1711.835944 682.380705 960.530011 2651.998987 1968.070142 1725.611156 610.143321 1296.550915 2549.189556 1516.269681 2459.734921 1191.988935 1819.664076 741.730140 2354.473641 513.573736 1616.383415 1601.549743 338.903560 1920.904541 813.033621 2319.274376 1485.390282 1203.006941 1101.672847 2566.631524 1684.506775 452.908070 2416.515148 1037.210513 1727.216147 1943.869800 1454.039027 1496.086409 1159.260188 2042.602270 1692.599567 2831.712552 2825.803118 2156.583346 1178.824514 1565.916150 2806.656836 483.675088 2187.552334 1819.271813 2273.161798 2174.401053 1919.067316 1348.682171 910.214152 2428.126136 2381.741368 1337.471674 1503.821216 992.483518 2531.688268 1125.379378 1024.239717 1099.908817 2770.883255 2267.034861 2391.083085 1716.957759 1818.576661 1873.030420 2392.102669 1671.621834 981.868733 2408.318909 1502.891713 2354.076046 853.406725
1198.798380 2273.048173 2871.907503 0.000000 2624.003179 1169.953524 2135.064887 1048.915207 1975.413451 1283.036842 2034.852790 1963.222314 2856.715453 2522.271753 1933.802161 1049.333903 2039.535640 1254.253815 781.962710 2374.145578 1748.100898 916.453548 1928.324669 1500.156431 2207.627521 751.309658 2305.525128 1496.685673 2411.429195 2533.102358 1157.547204 1833.325712 2497.796355 2242.642270 2538.051082 1404.283007 2546.605892 1487.703237 2191.499451 1860.908781 3137.181099 775.521665 2677.434379 2097.157830 1635.123015 2606.470265 1684.596877 3001.426411 887.620123 2220.641455 2001.896977 2609.026435 775.307950 1564.831760 1927.653298 773.236597 2312.018460 1695.578271 1599.206721 2129.365605 1955.476355 2045.137501 1260.893662 1637.375474 555.463522 416.523982 1657.911363 1659.598929 2121.742835 814.869441 2762.079805 1620.389511 1889.425560 1750.181431 540.855561 2666.817070 2056.491348 2450.336420 1202.041119 1338.151272 2005.769074 2385.223154 2464.734399 1249.803521 1996.219369 2354.935442 2163.691783 1283.734831 1172.513140 1378.188039 1673.686846 1224.249718 1657.880149 898.655103 2674.557151 2508.483848 558.048974 1722.394383 1827.304660 2856.483489
2158.501300 1209.276630 1301.467298 2932.075531 0.000000 2309.889795 1604.817118 2281.382668 1770.750846 2373.782258 2412.470020 1445.962957 820.116940 893.153344 2294.347413 2897.534518 2355.279086 2799.192425 2428.888745 1585.230897 2421.511637 3029.289096 2049.551646 2952.906976 1199.277431 3123.278541 1242.250451 1615.320742 840.988991 717.332882 2300.646706 2229.550954 949.743232 1271.766085 1529.217552 2978.306923 538.206675 2932.694552 599.265910 1583.065077 1270.966154 2380.805125 1214.142829 1112.446803 2204.344556 1305.295419 2058.895983 1051.759512 2318.175842 690.785682 1465.916224 421.466714 2746.384224 1575.324779 1473.157266 2475.445279 1481.296872 1630.850846 2569.378597 1725.768237 1576.235091 1688.148642 2374.467474 1359.531771 2747.037856 2743.293513 1839.014008 1135.264539 1461.781501 2959.289870 1275.684215 2432.966021 1069.663900 2542.804484 2422.476466 653.967090 1802.050267 475.172885 2830.142422 2416.863075 1351.840363 587.542684 1488.795305 2686.233278 1376.024608 1162.231159 1631.017410 3150.657879 1831.993594 2678.395424 1978.438571 2101.101371 1719.232420 2924.146561 876.876681 337.855358 2344.403353 2186.702927 2968.659227 1021.795604
414.692059 1805.959236 2020.919778 1297.621210 2138.332671 0.000000 1496.260246 668.454223 1480.040280 506.772739 1225.096339 1632.339257 2529.503518 2137.083589 1161.861557 935.142685 1212.537193 1071.374403 635.083286 1712.783359 953.788592 906.536713 1202.637473 1125.088525 1413.336385 1143.796380 1698.351074 835.323455 2215.272877 2050.925048 1010.667780 1059.861145 2315.914850 1659.584209 1724.923730 1310.297303 2241.123654 1002.788985 1808.990729 1563.105855 2658.012340 909.959685 2170.005396 1891.524354 909.435819 1838.766781 556.090266 2016.273119 87.007208 1591.422299 1012.275684 2224.404334 592.428538 1639.095518 1789.912006 902.512622 1457.871840 1219.516331 1022.697123 1403.678409 1171.370034 1559.056889 419.552920 1358.365124 1246.689395 1086.664998 612.666775 1640.929590 1337.636514 1140.268598 2171.129141 998.225607 1651.171110 1013.964301 393.976136 2428.562620 1245.353592 1988.169318 1019.161707 1519.070883 1284.064025 2296.228370 1623.393657 819.223760 1977.550031 1618.331782 1522.248148 1169.776259 1330.041981 713.880912 873.073931 423.636804 996.517931 1104.724150 2355.142134 2125.975126 789.107638 1132.733505 1459.083201 2353.269946
1398.361050 1567.649163 948.398229 2211.826895 1520.626534 1731.547091 0.000000 1574.084621 322.376232 1580.263211 1698.209733 474.675208 1558.391136 1102.972755 1479.569838 1937.215657 1371.827623 2202.433807 1636.391425 734.273741 1761.274334 2004.293812 911.887865 2183.169667 620.934727 2392.633633 677.551876 1417.613767 930.683980 1200.624437 1844.623343 1216.438915 1897.327846 592.850940 803.751585 1977.243046 1411.966401 2117.916977 1364.596899 1400.476022 1328.623151 1815.537302 1123.320560 1442.228649 1167.557671 792.081945 1428.684588 1360.883454 1730.020123 1391.627326 541.955463 1391.777618 2064.900828 1457.673110 530.446046 1955.673746 229.834868 1137.961893 1830.043593 948.485944 946.674108 895.035180 1602.633304 1176.942715 2292.839141 2226.589343 1467.956038 1004.669747 1227.562571 2235.936008 1432.073318 1844.020269 1176.574391 2060.971034 1585.146799 1834.104523 615.889805 1517.849098 1984.041980 1574.365723 748.217421 1486.528835 488.637236 1721.253939 663.741447 597.532584 510.654564 1960.448925 1751.885012 1580.648755 1356.080065 1329.267201 1226.574652 1581.668339 1743.420347 1437.450844 1919.009450 1142.014019 2160.007704 1306.585110
632.597289 1732.803631 2235.853511 1270.897578 2320.175031 805.022721 1655.459334 0.000000 1331.317785 1117.615481 1429.390721 1483.616761 2433.276093 2273.158532 1536.279876 917.511667 1579.221685 1626.137616 770.843908 1810.603619 1452.929114 1049.266245 968.597902 1179.199085 1654.376301 1413.847631 1901.549896 1326.417973 2354.706657 2268.830278 735.817058 1273.148952 2370.037308 1763.036717 1723.919276 1443.800651 2451.041487 1461.895854 2026.895959 1516.861060 2509.289845 647.762618 2370.378072 2018.399684 1224.267708 2121.149360 1117.642387 2257.313034 838.848063 2082.516817 1253.315599 2465.444250 1147.191751 1522.674715 1929.567771 683.471928 1790.424100 1408.778675 1311.428357 1718.510299 1389.275264 1776.962119 623.847302 1509.616427 1058.518329 1357.707656 1103.761293 1673.853485 1519.478874 1250.519951 2412.169057 1234.445441 1669.636739 1218.258682 947.630418 2447.028248 1449.647974 2229.209234 1357.484605 1061.253855 1187.836600 2304.652250 1827.688039 1256.715669 2004.789715 1836.237012 1519.596117 1170.635028 683.969129 927.775252 1345.047375 350.481199 1291.797394 1273.173923 2544.404479 2343.880356 940.223447 1198.724057 1682.352216 2607.370267
1722.502599 1245.272931 1272.539778 1969.478496 1401.848300 1547.211101 324.141549 1337.486997 0.000000 1761.954140 1639.400713 152.298976 1671.280682 941.840747 1388.667222 2144.161275 1431.609031 2280.392992 1314.015193 614.388554 1772.949777 1984.804293 1236.029414 2075.743331 846.853517 2156.036010 570.232111 1275.880003 1023.388872 1081.526293 1879.462211 1125.536298 1746.875534 431.718932 664.143840 2266.380022 1119.723702 1924.632014 1042.220667 1366.790868 1177.972060 1493.161071 1175.453451 1119.852417 1491.699220 870.250758 1394.744823 1124.565299 1407.643891 1372.752798 445.792815 1273.545268 1801.447127 1448.135678 598.249986 1886.624864 459.106315 815.585661 1765.445411 935.714276 778.971462 923.408413 1366.035681 1196.068569 1970.462909 2075.386278 1289.999349 682.293515 905.186339 2219.326827 1324.371619 1753.117652 907.641328 1921.363289 1262.770568 1685.032837 933.133582 1421.686450 1893.023229 1764.526735 425.841189 1325.396827 812.778784 1998.904048 950.822005 775.710408 188.278332 2064.663199 1429.508780 1669.963632 1329.876712 1092.669578 1130.412004 1905.809888 1614.730824 1318.352701 1657.902070 1115.810666 2042.660054 1276.052482
1243.718439 1501.822955 2346.193091 1590.987163 2715.266562 1033.747186 2060.427384 1275.384533 1847.191111 0.000000 1011.213292 1888.584812 2811.433703 2342.899693 1296.336692 913.750522 1068.087828 622.170595 985.116761 1897.193161 813.557787 727.002939 1609.288912 618.315787 1878.704337 1550.598518 1807.399307 1041.139559 2471.011454 2468.861041 1548.587466 1315.888203 2991.697695 2168.004767 2183.950992 839.567954 2840.232610 638.789210 2524.669001 1948.911137 2724.574528 1317.488488 2565.124437 1811.219374 1517.874777 2384.057046 706.459313 2615.382074 695.446166 2315.986585 1611.384639 2755.993602 1068.612616 1980.223909 2078.027482 1423.181847 2212.968658 1425.332434 944.681720 1480.298297 1766.210746 1951.236581 707.668396 1725.377830 1503.491454 1327.954853 1506.283892 2139.655938 1993.950401 1015.381652 2725.430565 491.452869 1900.093348 850.070350 1324.950293 2677.484858 1533.469068 2392.192262 668.772557 1732.305599 1890.164493 2073.671574 1911.509133 312.451021 2266.006917 1877.983026 1670.726666 808.408302 1735.647309 925.862641 1254.145299 1030.567114 1180.927733 928.955869 2363.005571 2668.356817 1534.779538 1283.102552 1061.786695 2677.111428
1193.223352 2255.969318 1762.773961 1604.739576 2316.594947 1162.011521 1334.837935 1469.192738 1010.696387 1036.696296 0.000000 1162.995363 2640.841037 1881.109809 493.686307 920.514256 481.687363 1513.509166 1593.684330 1201.513581 871.134074 1052.268833 951.180861 1283.144763 1723.392341 1908.708842 1442.854726 1070.183233 1697.393143 2092.222680 1667.964657 658.031020 2723.098265 1442.415318 1488.271412 1333.007245 2130.420089 1132.033446 2016.055380 1895.261581 2188.668447 1688.490977 2039.387485 1907.527138 657.979207 1880.947145 825.836505 2135.261685 1049.687502 2273.837792 1322.331640 1951.824408 1034.563301 1868.215809 1286.491353 1632.294985 1469.802702 1277.259052 590.253091 850.220335 1415.099756 1321.158618 1104.598237 1671.728274 1741.632342 1643.959358 1508.524544 1692.989902 1885.543694 1253.522540 2246.449050 676.722623 1918.337714 550.273471 1472.263190 2490.516151 840.501506 2116.673369 1073.899023 1789.666528 1436.537576 2336.093214 1709.310218 1349.147317 1961.518391 1362.835435 1198.974719 1173.637617 1860.237891 1272.952204 759.255031 1224.375319 1012.520715 1276.176511 2412.884855 1979.355842 1431.244388 741.497557 1269.867443 2215.321544
1570.203622 1339.345311 1120.240801 2383.669468 1249.549324 1885.579142 171.842572 1745.927193 494.218804 1752.105784 1870.052306 0.000000 1730.233708 789.541771 1651.412411 2109.058230 1543.670196 2186.955019 1808.233998 462.089578 1833.318678 2176.136385 1083.730437 1923.444355 774.966778 2564.476206 547.338191 1355.449289 871.089895 1086.457707 2016.465915 1388.281487 1665.649078 279.419956 679.507636 2149.085619 967.424726 1772.333038 1505.732331 1430.728251 1500.465723 1987.379875 1049.190398 1614.071221 1339.400243 717.951782 1242.445847 1466.623002 1901.862695 1563.469899 713.798036 1158.140126 2148.745128 1439.614929 522.148472 1892.845105 401.677441 1309.804466 1613.146434 783.415299 808.684525 771.109437 1774.475877 1330.974766 2464.681713 2160.026279 1621.988089 1176.512320 878.514267 2119.254952 1172.072643 2015.862842 1330.606442 1936.727084 1756.989372 1903.516414 787.732377 1460.601642 1740.724252 1746.208296 920.059993 1173.097851 660.479808 1893.096511 835.584020 623.411432 682.497136 2132.291497 1923.727584 1752.491327 1486.389091 1501.109774 1398.417224 1753.510912 1462.431847 1323.284114 2090.852022 1313.856592 2228.627254 1123.753506
2107.409340 1190.208635 1292.017609 2925.377887 822.886808 2030.651735 1742.881706 2262.314673 1732.385566 2272.953001 2545.337840 1643.151776 0.000000 1578.855290 2294.604349 2881.814367 2337.546158 2879.092837 2665.735020 1776.356615 2223.434108 2715.722203 2135.504655 2754.829447 1802.752908 3174.448114 1699.934153 2006.106126 1477.861011 1393.977495 2480.734644 2031.473425 803.158265 1727.512179 2063.114446 2719.794285 547.996819 2757.738680 1086.304424 1656.123220 1661.751537 2435.212961 1805.591344 1291.478174 2391.174461 1630.921169 2505.356343 1407.043749 2117.658943 874.254676 1401.692206 812.252097 2623.080272 1713.320308 1554.149377 2658.914274 1749.103230 1814.319841 2366.208180 1972.575374 1718.435070 2017.153388 2450.204654 1432.589914 2927.125793 2926.762507 2018.045380 1238.454005 1645.250496 2995.988967 1649.554102 1912.979328 1211.863878 2353.086786 2424.627871 275.713387 1985.519261 1119.090395 2310.155728 2397.795081 1535.309357 715.111149 1904.072190 2585.404022 1229.694207 1847.933106 1144.177722 2865.166712 2012.081532 2744.532647 1780.361042 2284.570365 1902.701414 2717.781944 317.385597 1023.557304 2819.759373 2071.710056 3042.213984 1392.931180
2043.883276 1629.140482 598.780047 2889.713487 1258.372354 2128.815029 887.585962 2037.524165 969.938839 2074.242636 1951.689209 935.642665 1063.171513 0.000000 1700.955718 2824.801619 1661.705395 2609.724271 2283.954032 1397.732243 2051.152106 2801.245575 1637.561432 2450.791400 1434.932038 3125.974849 1240.324764 1985.942048 656.114508 769.302408 2392.823430 1437.824794 1749.871239 1082.924966 703.334944 2702.916613 1406.826079 2339.302857 1205.903541 1627.079826 837.891604 2463.099910 320.989486 1775.572268 1893.231238 592.732523 2041.190276 677.081231 2215.822237 1353.911147 1355.952774 1200.992570 2553.148411 1965.859830 762.160310 2282.209467 1043.832179 1785.524500 2194.804825 1313.778022 1464.924214 1073.113151 2335.974520 1685.129436 2856.946792 2752.221160 1916.239561 1365.102334 1470.709148 2806.802730 382.530872 2065.406149 1692.135566 1960.554392 2232.709407 1338.884900 1233.626083 800.770550 2462.582549 2388.363034 1395.780028 1538.025521 595.641961 2386.693657 1023.987548 1260.392264 1158.217171 2848.034886 2157.591259 2468.234716 2016.751813 2062.608417 1525.996607 2469.254301 1380.557110 1006.128816 2399.365035 1812.143953 2449.885476 334.211735
1238.854534 2315.997513 1923.344220 1845.128906 2465.464917 1037.698632 1416.501846 1377.474052 1261.429878 1014.808711 250.733491 1244.659274 2818.690223 1989.891141 0.000000 1160.903586 357.374473 1097.906036 1512.077099 1452.247072 438.761389 1292.658163 846.592035 789.458456 1414.440575 1852.816209 1693.588217 1320.916725 1462.865912 2201.499786 1759.864870 708.766757 2388.254042 1524.079229 1634.341861 1030.868169 2212.084000 638.347139 2266.788871 1945.997318 2281.459186 1734.122160 1911.708033 2017.573544 553.390381 1804.903044 917.736718 2385.995176 796.027037 2180.744054 1573.065131 2202.557899 1285.296792 2003.194406 1537.224844 1690.838590 1430.942071 1174.075307 670.435356 757.126597 1489.396870 1141.428280 1169.300576 1722.464011 1764.513255 1499.097522 1235.162190 1943.723393 2084.658620 1493.911870 2372.422012 654.835038 1962.834233 801.006962 1431.674768 2689.631077 1091.234997 2367.406860 1052.011439 1934.196457 1687.271067 2417.757125 1822.001734 957.475782 1924.040535 1613.568926 1449.708210 1370.589841 1921.395665 1439.140703 833.552144 1132.656633 1263.254206 1459.469442 2309.701111 2230.089333 1306.931498 940.612482 1094.641356 2319.406209
1327.400082 2314.197656 2689.787444 684.225320 2502.572401 912.708023 2208.906405 1382.768872 2064.364085 950.252740 1487.684563 2037.063833 3108.977546 2565.252274 1367.532421 0.000000 1254.836670 782.586116 828.525015 2448.212967 1274.663426 131.754577 1497.501167 573.411702 1973.462105 988.194586 2115.755074 1620.753725 2473.967606 2527.180220 1407.314858 1610.698835 2881.847394 2290.314939 2379.947790 838.013268 3004.488559 1016.035538 2721.698752 1745.079580 3176.076202 1459.746985 2549.803703 2449.884571 1753.170973 2702.365241 1468.798289 2914.807618 972.474399 2376.852569 1924.983706 2924.039114 628.014916 1767.625635 2396.544800 1457.461917 2124.916164 1337.279940 1241.957208 1804.799690 1877.564639 2050.479370 1332.260943 2112.188543 821.118086 723.445102 1398.097044 2343.824249 2250.344537 333.008284 2947.783146 1245.024974 2126.038866 1015.738160 1057.507712 2903.430375 1478.575156 2900.877341 456.174283 1137.057238 2069.494295 2588.017030 2230.026451 894.127368 2491.952434 2035.735782 2252.642417 253.123361 1176.952119 1006.112625 1728.124164 1137.951453 1741.710386 355.662255 2472.905743 2764.006628 1242.274294 1573.870387 777.970757 2899.464009
1095.016218 2226.630111 2007.525602 1537.229204 2136.834125 680.324159 1059.127373 1218.669604 1202.314336 859.585423 603.710746 887.284801 2461.315750 1676.826572 561.027612 1205.622228 0.000000 1278.630397 1315.407445 1349.374378 389.446711 1337.376805 888.784742 920.842050 1452.882999 1824.120538 1434.622992 1278.740234 1732.016228 1973.742507 1690.991938 805.584587 2552.933879 1166.704756 1466.230109 1100.965200 1854.709527 1199.374751 2244.535003 1829.422851 2380.286397 1590.283844 1743.596282 2120.049573 655.866411 1447.528571 920.133276 2326.879635 767.331367 2070.571230 1601.082836 2045.424927 1272.752697 2071.536335 1409.433272 1333.464117 1288.962241 816.700834 562.678003 1150.109001 1274.665850 973.316529 1099.877079 1819.281841 1407.138782 1367.041234 1292.990934 1884.607852 1748.673241 1176.436413 2059.357443 830.070788 1605.459760 810.994854 1074.300295 2382.851269 1444.212252 2293.556410 1227.247189 1729.659324 1592.247770 2060.382652 1547.764609 944.884633 1566.666062 1510.696232 1390.592669 1440.841914 1564.021192 1394.205071 618.821125 973.852185 1271.819864 1410.154764 1952.326638 2156.238882 949.557025 1093.385601 788.180081 1962.031736
1225.059904 2324.235486 2463.458142 1329.472090 2799.346934 1023.904497 2100.754769 1413.312205 1818.177100 822.412531 1273.516814 1970.476076 3034.617075 2611.585791 1155.489605 645.246770 1420.213846 0.000000 1058.883107 2121.365743 784.543776 777.001347 1700.607297 384.560739 1849.690327 928.427922 1778.385297 1457.425090 2618.355517 2534.960617 1689.012397 1339.188007 2807.486924 2101.463976 2013.405260 625.970451 2845.618178 233.449422 2495.654990 2055.955573 2980.743681 1637.641455 2524.893676 2093.752803 1560.365356 2355.043036 1163.033534 2620.767642 835.403738 2615.326796 1616.770207 2726.979591 789.834688 1693.265165 2051.684310 1728.862297 2264.146698 1832.159101 915.667710 1615.948728 1856.410000 2086.887011 799.856412 2136.700093 1204.642157 1094.199805 1636.571272 2231.843954 2148.004359 716.532355 2775.623665 462.438858 2295.612018 902.546316 1195.744086 2972.539248 1625.657084 2592.663841 381.813813 1655.944301 1895.550061 2444.605461 2003.697149 632.603988 2512.858806 2182.817711 1641.712656 792.118832 1822.198889 875.747391 1345.463684 1168.494785 1597.000695 865.503388 2733.939457 2771.787024 1541.268343 1331.898344 689.743638 2869.546201
876.099444 2464.519691 2604.613597 745.912052 2599.740055 1277.145977 2344.608233 1327.624962 2031.140099 962.696736 1877.502501 2183.439075 3044.930720 2842.268210 1636.014819 830.146081 1676.125858 966.377799 0.000000 1996.241564 1406.839090 801.540109 1943.693142 1188.840672 2037.112041 995.623817 2057.050720 1739.921576 2315.242982 2512.332432 1396.953018 1545.449695 2777.322234 2461.172001 2049.456863 1413.909919 2934.475182 1199.827221 2270.398114 2097.800127 3209.112159 1239.894926 2326.823036 2174.982558 1772.201914 2731.778457 1504.407895 2765.219916 1003.062341 2514.177355 2088.300480 2664.753083 487.431934 2185.201387 2428.369608 828.963245 1870.791596 1751.304919 1417.763142 1851.322122 1632.777419 1556.543282 1071.959082 2101.748736 835.216697 1162.436034 1775.979965 2102.336975 1799.043898 905.311633 2910.816787 1114.994650 2251.432204 1183.512709 834.391461 3028.823713 1897.759754 2724.700038 873.750035 1262.352094 1950.359339 2773.928977 2261.851259 961.927504 2150.281032 1977.031429 2144.933413 750.648005 1409.194251 817.493528 1588.549529 1130.405213 1279.976136 871.195573 2886.930722 2587.382511 912.859223 1741.644935 1160.208445 3030.456088
1772.670620 1617.699471 1110.673625 2341.905036 1671.948260 1750.855058 374.309570 1709.913537 372.426540 1824.454036 1411.560714 422.398936 1932.700705 1068.104701 1469.016520 2224.859379 1389.829578 2363.869912 1686.441733 0.000000 1605.752948 2038.111796 1048.642341 1921.221955 885.535456 2528.462549 241.341146 1234.748347 994.382338 1453.952833 1882.393208 1353.193391 2088.048014 701.818892 286.757831 1968.508980 1389.823662 2107.363659 1414.647206 1665.076751 1332.712481 1865.587610 1116.795026 1492.278956 1020.869167 1060.032578 1040.265056 1470.539125 1520.555228 1458.364834 764.507688 1334.817818 2025.976557 1705.084950 473.486245 1869.153996 494.435597 1147.930216 1630.023440 724.858931 1028.031735 543.543707 1738.462220 1441.543444 2327.377347 2287.279799 1608.944966 1054.720055 1277.612879 1940.658943 1440.732165 1844.606597 1280.067867 1543.977279 1635.197107 2057.459377 691.828784 1246.550760 2112.549777 1838.966452 798.267729 1425.519732 650.912631 2095.563508 1038.051017 161.321854 560.704872 2334.758494 1801.935320 1954.958324 1188.702219 1465.096117 1112.941137 1955.977909 1714.853729 1522.715314 1869.795590 1214.162454 2178.009659 1402.316436
800.093145 2242.097587 2251.746999 1661.039935 2435.481624 1112.012981 1357.774872 1299.216335 1033.633323 740.274632 488.973038 1185.932300 2704.914006 1975.474071 817.775155 1114.698508 736.220103 1200.289815 1228.103662 1635.335791 0.000000 1246.453085 1145.025878 531.395339 1714.058478 1757.604989 1603.865435 1412.820493 2057.022195 2115.159617 1372.814717 554.644231 2471.092115 1465.352255 1697.777164 711.518489 2153.357026 1065.310816 2075.853990 1791.874792 2211.605384 1295.360771 2209.086775 1900.161407 853.612265 1903.884082 530.686565 2158.198622 784.766587 2231.917167 1312.997776 2307.178591 1111.877914 1849.071879 1631.883310 1702.582042 1492.739639 1552.920937 231.673967 1339.193372 1556.771120 1677.886864 841.370842 1568.341485 1660.208729 1241.034405 1501.158814 1715.926839 1723.037600 1290.481220 2150.344810 440.624077 1941.274651 516.713583 1347.087473 2718.666161 1286.049072 2288.891410 837.800478 1708.790011 1459.474513 2118.232863 1846.412108 555.437922 1984.455328 1702.210277 1221.911656 1051.395203 1565.087951 1139.683495 1078.372551 1054.398915 1005.154984 1020.708053 2407.566860 2351.986024 1644.141164 1074.845809 1053.995746 2309.685806
1195.645505 2182.443079 2558.032867 870.972903 2370.817823 780.953446 2182.209466 1355.918098 2019.734514 1052.909506 1597.702637 2010.366893 2977.222968 2725.362260 1346.969145 186.747583 1123.082093 831.875747 1015.272599 2332.246393 1461.411009 0.000000 1657.611152 760.159285 2160.209688 943.565015 1989.265946 1488.999147 2660.715190 2395.425643 1275.560281 1478.944257 2750.092817 2289.786849 2276.233048 1024.760851 2909.024498 934.591720 2589.944175 1613.325002 3197.706574 1646.494568 2736.551287 2341.988602 1690.389264 2570.610664 1337.043711 2797.226564 867.960654 2245.097991 1793.229129 2792.284537 583.385345 1635.871058 2264.790223 1585.847565 2238.825286 1524.027524 1279.897570 1991.547274 1952.323480 2096.398621 1200.506365 1980.433966 776.488515 910.192686 1266.342467 2421.883036 2118.589960 288.378713 2952.082587 1294.314605 2304.846802 1175.848146 1012.878142 3024.784914 1638.685142 2769.122764 324.419706 1005.302661 1937.739718 2456.262452 2098.271874 762.372790 2455.464699 1909.246655 2208.012846 413.233347 1363.699703 874.358048 1654.027377 1111.100679 1639.454285 223.907678 2659.653327 2632.252051 1201.940474 1733.980373 964.718341 3059.573995
958.428099 1878.907977 1657.699809 1902.427493 1789.111990 1028.885962 711.405239 1296.640080 981.773253 901.455805 818.415465 539.562666 2202.043169 1329.104437 567.681974 1636.580114 610.623783 1523.626400 1289.284591 950.711801 887.265266 1607.974142 0.000000 1357.140430 1314.529444 1593.318359 954.288452 1403.916326 1410.652562 1626.020373 1358.924875 304.551050 2194.911839 818.982622 1219.070302 1065.355181 1506.987392 1206.029113 1938.290649 1541.781611 2040.028389 1444.067676 1401.780169 1667.703775 255.669806 1257.514448 516.796723 2006.185668 1115.893170 1884.450179 1180.964132 1697.702792 1293.865966 1598.978698 1061.711138 1747.478002 941.240107 1334.566482 918.155728 749.912396 1100.036926 1220.850680 1053.553518 1318.248304 1837.654805 1748.822366 1469.982121 1648.508267 1374.172292 1417.190610 1711.635309 932.132404 1722.903723 1166.101449 1333.197631 1979.144749 699.133999 1982.193767 1072.154115 1867.327979 1407.614443 1712.660517 1197.938816 1213.906825 1307.393481 874.269161 1084.348314 1627.165099 1551.198109 1422.721768 444.192201 1051.822661 991.265143 1712.393773 2001.994514 1844.876239 1560.180808 230.126155 1398.803864 1663.316172
1054.035817 2361.806630 2454.013791 1129.644595 2777.676429 639.343758 1840.882227 1297.992279 1799.251729 859.983675 914.272862 1951.550705 2967.616788 2227.025052 794.120719 996.671075 1151.495192 700.185801 1265.501010 2090.939729 1130.704660 809.923491 1555.171399 0.000000 2052.680143 1226.209650 2219.360940 1474.667213 2256.986632 2551.734724 1304.451658 1276.106620 2955.258607 1716.903237 2195.239853 264.601566 2880.467412 566.930197 2448.334487 2202.449613 2755.720578 1444.907544 2472.606026 2505.606358 1347.511101 2155.435063 1153.458692 2655.616876 716.545264 2230.766057 1651.619441 2595.623408 834.906218 1998.599579 1966.367152 1541.856380 2070.717096 1822.714749 668.545506 1231.387989 1810.713792 1702.326272 790.412060 1997.708881 1128.813390 709.639066 1252.010533 2222.399602 1976.980272 992.496865 2587.216349 1162.624659 1911.051279 784.771836 1024.393860 2688.442788 1616.212733 2627.513076 687.148228 1271.383562 1923.407783 2549.417188 1994.252798 737.415715 2276.964847 2173.373360 1987.530061 661.719928 1623.825860 1237.086570 1502.611987 1053.174859 1610.599936 742.192428 2838.751185 2765.318884 1419.525362 1342.904062 522.600406 2561.236787
1397.747353 1338.304357 1251.790855 2092.929177 1555.118802 1110.612364 477.189880 1572.578623 709.935866 1617.385103 1758.918173 862.234842 1612.205173 1250.941633 1508.184682 2045.755050 1156.001655 2181.986767 1464.306185 788.702918 1545.448366 1861.212203 940.502709 2076.843706 0.000000 2176.663669 1030.044063 1008.331905 1232.630077 1254.646367 1725.725625 1245.053759 1276.393119 1041.967132 1075.460749 2005.857890 1353.960892 2113.401349 1285.682314 779.541295 1805.813030 1505.326046 1476.308975 1212.934357 1196.172515 1145.070359 1201.462360 1619.888240 1197.619572 1020.751135 615.890805 1512.685383 1703.040902 836.738383 656.323177 1757.624394 707.024748 546.292505 1718.679658 1015.969262 568.914354 1068.813034 1530.165284 556.007988 2075.912294 2035.814745 847.021311 850.208204 754.422645 2101.856247 1633.472505 1654.118591 555.639664 1921.192470 1223.199035 1333.031174 1093.079684 1334.950546 1899.723931 1455.468005 438.006165 1657.129777 965.827115 1929.836124 717.763378 950.024772 431.739979 2214.954190 1672.970427 1656.569265 1384.694909 1534.249168 1001.411534 1839.588219 1486.071623 1491.472775 1618.330537 1170.628863 1944.181736 1488.469371
1486.925461 2736.349383 2411.529458 604.313743 3055.406124 1072.233402 2034.525439 1283.376650 1931.969766 1478.037561 1999.643460 1927.734960 2982.872806 2666.482284 1864.703413 886.268875 1907.645222 1022.500592 1102.675756 2351.406256 1641.555715 857.662903 2228.118265 1407.061332 1951.808661 0.000000 2008.425810 1907.556857 2496.558064 2837.632391 1222.193423 1601.572489 2874.844836 2156.360468 2134.625519 1545.167231 2895.159686 1255.950014 2751.164565 2237.957263 3109.941826 1152.570147 2605.383768 2365.424383 1981.669221 2421.695662 1628.323667 2691.757388 1159.240610 2663.655701 1872.829397 2796.819292 543.554727 2169.145503 2118.286813 979.431615 1560.708802 1901.773289 1789.920059 2279.359878 2243.603436 2366.331157 1365.138397 2014.423956 498.863728 666.024757 1684.900177 2263.912672 2409.869916 1064.370216 2895.204546 1484.939451 2266.474042 1555.669627 1145.169304 3043.865551 2190.939070 2747.124884 970.287896 1626.402090 2151.609251 2830.051771 1951.768464 1018.050298 2300.749402 1928.406518 2120.248098 1004.393982 1230.622060 1146.434816 1945.307333 1354.026951 2068.751333 1055.850339 3037.399092 2887.011058 1162.362717 2099.442864 1664.239632 2936.198827
1852.350506 1707.065329 994.067300 2589.839034 1439.651094 1828.812591 539.562591 1989.414021 651.927024 1834.891298 1478.408866 367.720018 2049.408338 1139.435717 1227.675374 1983.518234 1148.488432 2122.528766 1965.942217 342.980446 1390.434139 1796.770650 1099.852567 1921.829479 1042.183269 2693.170925 0.000000 1577.728794 1238.809914 1454.177725 2183.268699 1198.473456 2033.369096 647.139974 526.547929 2053.512356 1335.144744 1866.022513 1551.835316 1640.567440 1675.692928 1936.064179 1187.921611 1699.307381 1355.522373 1085.671800 1341.140547 1602.562504 1863.535674 1686.958560 963.204006 1406.148833 2177.475690 1511.479081 544.817261 2108.944094 651.083411 1252.701784 1388.682294 776.069157 836.135989 781.864330 1867.185266 1417.034133 2555.627214 2515.529666 1791.023679 1334.220539 1246.234285 2085.149363 1477.742389 1826.054811 1221.847089 1669.270322 1914.697592 1999.238599 757.848917 1258.346726 2108.444271 1995.614265 868.744297 1540.817869 534.306307 1945.872062 1203.304038 444.475723 808.638870 2210.003997 1765.845530 2120.211346 947.361074 1744.596602 1352.731235 2020.678328 1830.151866 1408.469473 2098.045458 1113.735879 1936.668513 1473.647452
925.959977 1726.430435 1416.040751 1524.911355 2116.861439 1117.853744 1251.769474 908.129641 1249.886444 1330.512950 929.760162 1141.981567 2205.750277 1301.760134 679.026671 1531.060427 1036.401144 1667.292145 1161.250092 877.459904 1117.788059 1414.294359 1109.146343 1468.485127 1006.502816 1726.678653 938.269061 0.000000 1520.880542 1626.032503 1028.021299 1005.115113 2279.252472 1421.401523 1164.217735 1684.428985 2109.406293 1317.373810 1780.281356 1396.914892 2139.651739 765.484383 1596.716639 1056.200898 1018.650124 1739.482133 826.883928 1978.841365 1204.860952 1624.525664 995.169508 2106.022593 1188.346280 1554.972178 1350.946150 917.407335 1171.829099 384.192876 1161.734174 853.869633 746.477489 1324.807917 936.678324 1402.896654 1636.891312 1568.676177 657.198305 1412.675799 1316.165282 1702.673072 1684.291006 970.539277 1172.951801 927.483742 1094.929364 1950.343311 976.980515 1971.063143 1367.715677 1536.424402 1064.059409 1922.178523 1347.840546 1569.546691 1311.100588 858.249769 1026.151753 1765.694001 985.229472 1240.606275 754.002730 663.312221 161.194476 1519.335461 1519.818679 1862.858910 1253.054470 571.382185 1386.187904 1635.971869
1664.004538 1744.089322 460.478308 2588.345817 1002.599005 2275.344995 989.694535 2163.127727 929.761855 2149.022729 1854.516617 866.662088 1538.758498 527.025228 1911.972423 2626.734870 1832.785480 2624.013341 2243.777049 1027.277495 2042.103203 2481.067698 1491.598244 2357.572210 1190.356365 2981.676740 684.297048 1532.469717 0.000000 738.633874 2343.070733 1796.149294 1521.718121 430.777094 971.264149 2556.953425 1078.703814 2550.319562 1279.562790 1489.415014 1202.208448 2159.272163 795.545044 1422.782497 1744.731165 464.306429 1500.942580 1042.191461 2192.208768 1270.789106 1216.257067 1026.793127 2463.097107 1590.972067 632.168275 2449.877053 1006.795767 1440.934431 1764.503573 1167.814834 1503.219213 979.893961 2191.676411 1498.998650 2763.727602 2723.630054 1481.780038 985.223596 1673.194638 2401.336467 909.556100 2403.659717 1231.530953 2052.244322 2192.532423 1656.566095 1391.237432 1075.208843 2055.076232 2351.326622 1193.849488 1324.454990 1031.471689 2461.473750 644.108810 604.277756 1118.040187 2610.087215 2155.199227 2457.314904 1631.658122 1918.310307 1693.664193 2571.362874 1613.788986 975.460281 2306.145845 1682.151918 2456.628588 861.236963
1831.890689 1649.521062 751.743674 2745.956017 791.659516 1922.791568 931.720212 2262.670732 1135.224954 2316.908881 2311.441070 1130.990147 898.311603 724.928537 2148.616989 2180.201636 1968.180859 2484.461098 2276.485389 1155.685578 2203.544010 2311.956213 1580.935015 2734.939349 812.179204 2405.945659 1141.221501 1767.359366 636.968605 0.000000 2199.617756 1885.486065 980.568831 875.847108 1337.880707 2260.974041 826.292912 2696.343449 655.221032 1482.036127 1052.257489 2179.053508 959.131708 1203.122383 1836.604821 978.930312 1957.867033 551.818057 2009.798777 1177.791123 1076.084585 573.505338 2515.220106 1274.056094 1088.314948 2516.916633 763.963990 1358.471709 2209.573586 1482.615066 1381.093558 1424.963975 2342.344488 1258.502821 2646.008906 2760.718464 1659.200515 765.563482 1566.601850 2513.209920 1107.459408 2466.297795 1367.818868 2493.244614 2035.378239 1174.024991 1408.873272 374.143935 2556.778005 2108.494845 1111.733627 959.954246 1155.023652 2629.359902 811.994962 1061.202209 1243.919183 2433.324997 1730.964644 2468.748469 1800.002407 2086.196459 1760.703774 2513.388551 1013.396128 236.826408 2430.509741 1811.061170 2624.514739 920.766654
844.656018 1622.196018 2225.608510 728.305762 2259.712204 1139.952132 1746.409500 539.121905 1742.175279 1184.372057 1824.330581 1665.503898 2297.055208 2157.535090 1840.054517 1264.585345 1862.623430 1165.257421 1266.351942 1674.382734 1681.308050 1396.339922 1507.719808 1549.818160 1269.219621 1327.917970 1461.791392 1161.027846 2501.849698 1876.399711 0.000000 1808.218487 2293.608808 1944.923854 1748.758493 1791.227873 2510.709609 1398.706843 2238.954688 1094.299070 2920.147339 571.334118 2478.524575 1822.962670 1740.758489 2342.156181 1512.582248 2428.217768 1226.959340 1947.895966 1792.437504 2375.788264 1177.132612 1585.353646 1925.542798 539.998426 1765.501288 1441.360187 1820.963503 1911.036945 1601.333993 1840.949955 1018.787162 1433.187928 1148.081275 1107.983727 969.140442 1762.309123 1459.016047 1506.329185 2540.065961 1627.696279 1533.415853 1613.198543 1269.161322 2310.807363 1844.587835 2089.469600 1547.071234 508.403103 1051.615715 2194.044637 1871.362877 1496.823078 1861.316213 1381.772100 1628.825801 1324.295010 319.374202 1327.189432 1557.106104 889.603104 1322.222322 1444.842577 2302.832899 2113.226119 690.499518 1518.206836 1567.310841 2491.746825
653.877049 1795.993623 2027.046368 1667.687990 2051.152540 724.334912 1365.200106 992.089030 1453.118099 636.417842 513.864415 1193.357534 2474.918183 1982.899305 263.130924 1424.034510 306.072733 1258.588438 984.733541 1080.691560 695.519444 1363.420781 861.685817 1052.589380 1666.197597 1810.638043 1322.032705 1490.485085 1725.996836 2019.331202 1445.493635 0.000000 2408.649407 1472.777489 1367.449391 1293.999092 1769.027942 901.478063 2048.175719 1237.230561 2413.404041 1149.144675 1749.255807 1920.388533 799.622027 1418.017192 603.365482 2313.859059 811.342120 1677.272936 1364.972448 2033.283221 1316.763449 1294.427648 1554.177805 1626.847534 1575.127157 1030.015432 868.750736 961.660816 1410.555024 1123.242633 952.636671 1013.697254 1713.211515 1673.113967 1337.001687 1633.575545 1527.883971 1368.977936 2189.143279 627.581354 1418.352674 902.841810 1118.311048 2195.744183 1108.653526 2327.242320 1024.757755 1768.323425 1643.752302 2114.819043 1607.458343 948.868863 1784.266242 1242.013414 1641.396431 1444.826144 1404.275994 1118.170718 853.711728 747.271611 1077.833902 1514.397304 2165.641235 2244.588428 1255.629758 639.645682 1094.252814 1932.520357
2203.075360 1521.018197 1555.091793 3276.512969 621.650869 2482.919890 1644.101344 2377.906629 1909.617150 2194.401100 2804.766159 1472.258771 452.268155 1379.830158 2554.032668 3030.742359 2687.059823 2816.571695 2873.203580 1934.348349 2660.309610 2843.994776 2493.864801 2812.716887 1711.328400 3438.363940 1828.206725 1875.005997 1462.639860 1280.256804 2777.109620 2483.741580 0.000000 1751.678727 2083.165102 3033.969054 593.707150 2833.190310 720.687832 1810.556640 1398.534378 2563.485533 1700.819644 1424.188370 2505.699629 1655.134945 2680.546852 1088.564221 2569.927098 1002.527249 1713.425527 857.962428 3058.125791 1867.753728 1787.514738 2787.186846 1873.936212 1942.592413 2818.476335 2170.081391 1828.101540 2137.083020 2648.631813 1587.023333 3230.867398 2869.943971 1652.349317 1458.725272 1588.431959 3132.373489 1692.995718 2365.247483 1321.530348 2802.489739 2681.787488 403.985960 2113.791834 1096.823754 2762.423884 2639.051797 1582.039127 620.254063 1620.996388 2506.852121 1357.966779 1783.882028 1596.445878 3002.809402 2441.542091 2952.559763 2232.629197 2375.265709 2030.973987 3067.902454 494.617180 959.506227 2965.007958 2446.388182 3170.486557 1464.691042
1879.672471 1760.567577 859.907101 2463.040929 1243.490710 1844.567901 889.556551 2009.822264 890.375419 2052.290364 1719.783363 854.463766 1573.293328 510.121815 1735.361090 2216.751020 1666.758029 2531.052701 2055.883749 942.340957 1611.326109 2348.505597 1167.679116 1926.795116 759.579270 2760.997475 1118.291580 1101.692623 930.035898 834.831487 2129.713922 1472.230166 1410.831772 0.000000 1032.149253 2191.396682 1661.124399 2167.363328 1227.541893 1522.885381 1348.013420 1867.177006 769.770442 1638.450431 1313.954071 438.531827 1684.475839 1187.203046 1931.575109 1578.344594 1095.386958 878.720171 2213.930426 1160.194973 619.969953 2019.099958 975.279913 1203.009017 1333.726479 843.895706 1328.493624 549.116867 1935.011815 1315.587259 2332.950507 2292.852959 1606.600581 1200.891529 1292.609695 2549.759304 892.652687 2051.950186 1295.064683 1663.018477 1982.778306 1716.838019 1061.231284 1195.360847 2239.833232 2151.950090 813.264544 893.677895 600.694595 2166.764031 859.776744 1092.944388 837.872475 2469.874381 2079.102923 2268.068688 1546.869498 1765.004844 1262.887099 2471.224890 1183.011892 1071.657895 1875.368751 1397.805271 2393.020572 844.333550
1590.948807 2096.691534 1090.019007 2189.900185 1533.135126 1963.112449 593.766568 1784.110115 916.142800 1706.129267 1525.027622 899.902820 2152.157704 1516.715396 1274.294131 2196.049257 1398.136872 2328.299862 2037.230566 879.970266 1637.347125 2167.443285 934.226488 1954.095426 1214.701295 2527.544846 536.989820 1286.128746 1335.116877 1594.059879 1693.010128 1238.777538 2300.681509 1006.593581 0.000000 1999.581669 1867.327546 1912.641270 1905.047210 1955.606199 1611.397407 2051.613129 1346.696931 1721.189728 1189.896294 1385.848513 1451.023211 1699.305101 2047.033310 1865.322218 1091.842842 1885.313752 1853.335109 1822.787116 1081.807081 1582.396165 823.601436 1584.780274 1491.469881 610.443078 1311.108920 576.417177 1701.559187 1770.709283 2301.880141 2320.153269 1322.187135 1598.436315 1538.201803 2351.417097 1573.694095 1674.068430 1400.210748 1257.219448 2178.913367 2177.602258 795.072813 1795.336546 2006.380603 2102.680266 1341.983989 1900.271476 951.252009 1940.022259 1257.508015 939.289350 1091.590557 2430.682831 2012.384330 1931.848021 1313.416869 1539.292695 826.183306 2175.434907 2189.605473 1759.339531 1902.669061 1164.352642 2186.316952 1317.966399
1640.516542 2097.205064 2412.445257 1642.151175 2921.225850 1225.824483 1576.280661 1156.403562 1660.367682 595.382109 649.671296 1774.178427 3084.706260 2296.384041 529.519153 957.925855 886.893626 833.601687 1204.654588 1851.184876 866.103094 1089.680432 1317.295851 586.480725 1943.959728 1762.029609 2092.526022 1585.090466 1992.385066 2690.347993 1686.392632 1011.505054 2742.705333 1855.516506 2137.942707 0.000000 2741.603153 435.369408 2665.726675 2157.006453 2810.978340 1180.305977 2441.227187 2406.601483 1082.909534 2132.887181 1301.841422 2784.932981 1124.118215 2301.076290 1940.149179 2563.097158 1053.937435 1957.367912 1701.765586 1839.875490 1806.115529 1703.594461 403.943940 1286.645750 1948.213267 1670.947433 1140.857990 2025.202308 1715.294114 1296.119791 1764.681343 2342.661198 2213.488229 1267.032146 2322.614783 905.463969 2294.209872 520.170270 1568.107742 2827.321090 1458.319045 2766.344665 645.916560 1759.563327 2086.208871 2343.990321 1953.764377 531.988848 2240.022109 2012.506730 1848.646014 1027.946129 1840.372690 1195.854902 1292.368542 1432.597533 1519.471690 947.005581 2633.324317 2629.027137 1754.317365 1078.302496 632.823838 2630.595776
2057.178435 1491.401228 961.384643 2983.020663 282.124598 2270.375693 1755.510658 2366.238948 1730.372249 2542.196627 2387.869469 1583.668086 792.462936 1030.858472 2137.135978 2946.419395 2422.138805 2827.191117 2534.611815 1722.936025 2546.274029 2872.403666 2030.994750 2901.368561 1481.402029 2844.656791 1379.955579 1458.109307 978.694119 845.980676 2316.488054 2335.545800 698.224352 1304.543273 1666.922680 2859.632292 0.000000 2750.257244 538.307605 1391.960553 1113.754718 2223.593690 1263.130001 1394.571401 1911.992479 1300.288203 2196.601111 894.548077 2357.382901 972.910280 1603.621352 264.255278 2646.455587 1745.985235 1414.292714 2375.516642 1524.069124 1643.588313 2619.843481 1863.473365 1743.904669 1825.853770 2277.380547 1465.254841 2762.879203 2894.379623 2115.307612 1272.969667 1733.188991 3096.994998 1413.389343 2428.648584 1292.658048 2385.593049 2553.038672 936.091688 1578.345258 580.895955 2782.065751 2368.829298 1253.843841 869.667282 1356.075371 2854.647647 1037.282707 1299.936287 1597.556678 3199.542756 1847.834942 2698.715582 2212.112037 2121.421528 1619.303783 2936.884028 795.638400 475.560486 2626.527951 2029.491492 2844.297211 1159.500732
1205.147134 2312.139355 2369.090313 1206.781767 2881.350103 790.455075 1968.801691 1444.483457 1950.363046 810.316400 1042.192325 2102.662022 2962.004676 2378.136369 922.040183 522.556447 1260.820041 851.297118 1071.820306 2101.435572 969.327469 654.311024 1620.117588 151.111317 2203.791460 1377.320967 2134.437462 1223.975668 2384.906095 2702.846041 1455.562975 1318.060173 3106.369925 1868.014554 1779.955838 392.521030 3024.483088 0.000000 2599.445804 2126.783978 2906.831895 1404.192033 2562.944624 2280.176566 1326.915934 2306.546381 1199.283668 2806.728193 867.656581 2381.877374 1802.730758 2746.734725 820.091771 2087.859352 2075.847669 1692.967697 2198.636559 1608.168543 796.464969 1382.499306 1961.825109 1853.437589 705.488583 1903.250671 1279.924707 860.750383 1403.121850 2137.476125 2080.653946 855.564731 2715.135813 953.732927 2062.162596 912.691299 1175.505177 2839.554105 1531.289255 2747.519862 776.408000 1422.494879 2074.519100 2211.156039 1909.329320 399.154566 2428.076164 2082.225437 2133.006725 732.242702 1618.025202 892.807703 1449.003564 1204.286177 1385.170144 852.790269 2500.490035 2891.877290 1558.328655 1470.823526 456.294216 2712.348104
1836.937514 994.300030 1007.464876 2839.347648 871.817506 2101.252932 1467.830447 2066.406068 1320.805367 2321.955706 2391.599059 1425.091997 978.469593 659.142326 2340.858943 2771.558168 2146.642223 2414.048632 2408.017784 1430.258410 2478.675701 2851.852771 1773.176969 2798.609371 990.640568 2997.302191 1221.379490 1912.010971 820.118030 591.356532 2279.775746 2077.728019 1060.726821 1250.895124 1362.477270 2838.532151 664.077069 2647.498054 0.000000 1460.214616 1340.878428 2127.546980 980.131812 1242.362339 2028.846775 1251.874849 2038.025022 826.949749 2188.260140 820.701218 1445.045263 827.441827 2558.524410 1213.468803 1421.302636 2287.585465 1355.320522 1449.971571 2584.621603 1449.393560 1535.944705 1667.277681 2364.609387 1236.681309 2726.166895 2777.375466 1802.098676 1025.950467 1495.863454 2764.849371 1041.673198 2351.774165 1029.373513 2619.696718 2213.839603 1254.182980 1461.437334 454.301924 2561.824830 2201.886476 1060.227098 966.017873 1254.784287 2615.939802 817.041786 1141.360198 1422.380547 3024.681529 1811.122633 2337.180969 2108.354108 2091.243284 1531.372606 2743.267286 947.356661 316.984397 2608.971105 2003.303124 2629.561564 993.354061
1787.195274 569.118077 1533.844315 2054.564892 1573.760157 1752.677376 1406.803912 1641.224115 1542.660241 2259.450115 2014.902274 1234.961340 1627.408877 1507.029177 1957.696437 1914.181139 2000.638247 2211.797049 2101.969730 1684.727564 2090.769656 2045.935716 1390.014464 2487.592841 976.116315 1855.775563 1639.842710 1415.749205 1419.069246 782.100641 1963.305314 1694.565514 1261.941162 1514.381295 1914.468975 2455.369645 1608.393553 2445.246471 1437.321673 0.000000 1834.358130 1818.420827 1741.232349 728.663600 1607.915907 1543.895713 1710.554826 1333.918698 1839.684585 1030.684646 1545.075041 1355.605979 2149.085273 647.839358 1334.881712 1966.413015 1546.064631 1453.269937 2094.871473 1066.231054 1270.929399 1537.169337 1903.550823 367.108964 1420.310758 1790.301305 1236.469231 1076.416455 885.921315 2188.646764 1889.560049 2322.146868 771.764383 2343.232947 1987.342697 1549.155893 1806.347485 1156.244576 2370.355422 1776.704522 1129.924232 1140.966696 1168.363363 2536.419190 1137.677952 1843.302850 1407.856294 2167.304500 1494.652202 2207.478774 1647.696591 1630.184720 1532.705618 2269.843394 1430.300693 1018.927049 2204.531339 1433.630545 2692.151896 1702.867295
2435.049795 1882.520025 994.795055 2811.024726 1208.006381 2471.155872 1434.797407 2584.735610 1517.150284 2603.500370 2280.883687 1331.657674 1209.172978 547.211445 2130.674961 2989.859501 2190.512265 2399.155948 2831.165477 1662.003455 2118.238860 2993.905234 2101.824710 2649.634199 1688.399747 3266.793842 1452.582568 1839.557002 902.412990 1157.785308 2710.306834 1967.082528 1716.788687 977.764932 1250.546389 2829.757349 1410.136963 2632.605370 1192.578768 1992.725205 0.000000 2313.998086 717.004494 1785.690198 2216.385306 1033.083631 2221.150788 466.512907 2249.190121 1364.029077 1287.339046 1053.507843 2679.797059 2049.922293 1177.953547 2728.171094 1591.043624 1636.422677 2106.834960 1821.660639 1729.929079 1526.881799 2439.484610 1769.191898 3156.697983 2787.021947 2174.744572 1756.268853 1505.509936 3045.751218 417.331659 2558.862937 1728.478343 2436.126958 2779.920852 1484.886365 1649.175219 884.833013 2780.969761 2585.363751 1246.678205 1242.462378 1142.853406 2673.676782 1415.154067 1506.690746 1029.824562 2926.057238 2241.653722 2751.353080 1830.123293 2502.869223 1971.958234 2924.702738 1526.558575 973.046263 2853.133683 1616.057247 2863.497069 297.580022
974.585130 1644.150178 2310.156832 1234.392416 2132.416558 688.301359 1710.359874 341.987841 1673.305626 1138.677751 1389.230640 1825.604602 2170.469404 2383.805652 1675.182070 1224.247555 1291.289311 1615.740688 1112.831749 2026.867076 1463.063335 1356.002133 1310.585744 1521.186926 1627.436014 1491.941129 1930.932414 1259.873468 2028.315536 1867.487757 506.086654 1412.051146 1722.274690 1873.683837 1762.529417 1785.788492 1939.375490 1691.090344 2049.607434 1085.387116 2734.084330 0.000000 2039.895590 1614.752651 1547.200776 2094.209073 1244.391625 2225.904746 775.308567 1525.429491 1226.375312 2133.414468 1136.794822 1142.584204 2081.203728 664.505908 1933.919230 1226.453156 1634.902291 1554.976724 1540.695579 1269.615836 965.835143 861.853809 1107.743486 1067.645937 1037.216788 1517.706911 1415.206214 1465.991396 2385.228769 1417.794106 1113.903895 1560.246524 982.022119 1891.295405 1415.880562 1674.814755 1563.527992 890.959252 1505.155166 1962.975598 1914.685379 1451.128772 1479.817464 1887.858754 1736.347776 1477.370916 825.460856 1269.763094 1160.938764 692.469040 1421.067943 976.437756 2216.891870 1950.979309 650.161729 946.872718 2002.218313 2286.164681
1722.893790 1802.978574 277.790561 2780.631862 1438.323473 2350.868224 786.495752 2222.016979 1108.871984 2207.911982 2272.184137 614.653180 1597.647751 906.703654 2021.450646 2723.711409 2134.589461 2774.704306 2422.887177 1076.742757 2236.073334 2790.789564 1657.264126 2538.097534 1389.619958 3040.565992 1027.272207 1875.999601 619.896283 1007.117170 2631.119095 1961.815176 1980.162615 871.469365 1294.160815 2722.619307 1582.077906 2386.986217 1407.366420 1306.090340 1000.701147 2218.161416 0.000000 1481.671750 1879.340304 616.694121 1857.099027 842.061266 2437.875432 1442.085350 1279.049451 1379.463408 2642.674034 1760.549284 528.950580 2492.557657 1016.330620 1499.823683 2205.195844 1398.068479 1423.337705 1385.762616 2118.644779 1557.887902 2726.401098 2774.679458 1653.342921 1044.112848 1493.167447 2733.908132 583.993751 2462.548969 1636.657340 2514.909517 2371.642551 1873.361138 1204.614634 1188.004713 2355.377432 2360.861475 1390.282993 1680.618833 1068.526027 2507.749691 702.998063 1208.147775 1297.150316 2746.944677 2214.088479 2367.144507 1793.000268 1977.199560 1954.942713 2368.164091 1784.601502 1243.943578 2566.941809 1578.934222 2515.517840 703.633052
1267.007309 670.229536 1409.385341 2264.182203 1363.360819 1894.981742 1229.139633 1452.124517 904.998084 1752.025500 1438.874263 1057.297060 1411.329169 1279.221313 1628.250556 2359.388519 1920.561625 2341.301727 1947.421468 1267.726841 1734.527498 2344.106239 1698.287788 2215.488208 946.600422 2281.396422 1475.230195 949.223885 1294.610273 657.641667 1977.245184 1954.338998 1529.671677 1336.717016 1554.484672 2313.476245 1088.639465 2266.597695 724.080458 783.150782 1709.899156 1714.708269 1442.767184 0.000000 1784.817093 1636.571980 1776.107813 1209.459725 1603.275602 568.324765 1057.423522 1212.757465 2108.696932 498.771279 1479.084644 1817.344936 1134.378164 1076.191285 1966.201464 1374.504379 542.265800 1262.237159 1722.849701 598.444467 2203.461540 1844.176674 726.567205 758.566676 562.664662 2242.522132 1661.752184 1919.763162 354.763660 1876.707627 1813.713146 1132.155170 1510.244214 1031.785603 1936.746341 1713.269685 743.361753 1242.078156 1438.549331 2064.476521 720.677228 1429.048695 1069.112990 2491.757325 1679.217396 2026.777651 1703.226615 1449.483597 1110.418361 2369.487000 814.519653 894.468075 1807.587026 1520.606070 2335.411789 1578.408322
1131.216218 2053.113507 1823.018212 2145.027159 2082.313644 1201.674080 1004.606893 1469.428199 1062.106330 1113.757011 991.203584 832.764320 2495.244824 1622.306091 740.470092 1802.441420 783.411902 1503.644546 1462.072710 1231.676661 771.549919 1840.759949 293.201654 1302.945258 1388.656201 1886.520013 1247.490106 1409.994840 1703.854216 1863.876592 1591.221673 477.339169 2488.113493 1112.184276 1108.801486 947.639813 1800.189046 1378.817231 1932.943206 1714.569729 2018.575180 1626.483843 1694.981824 1464.183163 0.000000 1474.394340 809.998377 2186.671629 1288.681289 1917.860047 1297.029686 1990.904447 1587.067620 1771.766817 1354.912792 1658.369184 1234.441761 1164.921142 919.416879 494.242590 984.321578 965.180874 1346.755172 1491.036423 2032.214580 2012.584324 1497.083245 1744.399846 1622.834068 1544.104777 2004.836963 1104.920523 1747.979049 1050.386102 1595.650217 2272.346403 815.199553 2068.546668 1365.355770 1827.849580 1301.903498 2005.862171 1491.140470 1326.987841 1600.595135 1167.470815 1079.000871 1822.945122 1844.399763 1591.426944 328.476853 1224.610779 1144.387628 1792.257972 2278.702815 1931.229141 1732.968927 523.327809 1571.591982 1956.517826
2054.132406 1899.787578 609.029176 2982.171903 1049.096708 2230.502852 1030.994995 2415.332907 1245.447877 2539.150597 1955.298449 859.152422 1644.450473 581.278960 1704.564957 2762.558101 2061.939430 2802.470994 2559.463071 1321.242000 2143.326346 2827.177004 1713.486197 2472.602197 1305.386352 3026.140821 1030.406354 1593.987487 799.480375 808.398397 2579.431720 2018.037247 1788.967229 545.807081 985.516986 2735.433126 1569.564616 2342.912096 905.487548 1637.328955 1018.183034 2073.345066 331.238615 1387.744149 1859.761152 0.000000 1847.051886 895.841867 2317.510060 1455.887066 1418.843834 1381.903735 2759.737507 1706.002054 860.189195 2511.394822 1260.829863 1395.769657 1879.533560 1389.702787 1591.868059 1094.923948 2237.509008 1463.960301 2878.757589 2766.882347 1927.944079 950.185247 1485.370335 2747.445773 771.126087 2359.399996 1487.825323 2208.825558 2508.218445 1703.063798 1535.853250 1182.542333 2599.876675 2344.710731 1006.025184 1439.484976 1111.274162 2662.040740 1034.236678 950.387062 1383.679556 2991.443920 2539.363041 2611.643750 1977.767428 2257.299708 1755.181963 2612.663334 1728.818973 1045.224805 2421.175832 1909.177198 2622.844049 514.503165
752.534522 2039.704378 1804.037503 1570.433914 2128.833918 1082.598672 1430.241752 1001.712251 1168.796817 1237.552714 843.354141 1321.095793 2470.476538 2078.592068 633.674211 1538.114666 656.446927 1674.346384 1057.508058 1190.733848 990.759052 1509.508694 902.829599 1423.132667 1347.317892 1555.580189 1251.543004 887.119603 2096.540123 1939.306446 842.128152 609.428890 2623.711011 1593.565715 1477.491679 1150.363283 2175.105161 1272.021350 2093.555300 1846.659451 2346.768877 927.270953 1997.891813 1369.474842 1068.267939 1802.363023 0.000000 1950.254625 691.266187 1937.799608 946.257190 2158.385841 1195.400519 1868.246121 1510.794859 1230.681279 1627.903132 1133.223657 953.980542 966.910374 1059.751433 1356.114619 756.519882 1623.126144 1320.858083 1629.016619 970.472249 1725.949743 1675.478977 900.393887 2105.110648 1067.357472 1706.837183 719.730110 816.400908 2325.661833 1045.651083 1922.150825 1464.533873 1350.531256 1225.037045 2230.209877 1344.276510 1355.560918 1624.374532 1171.523713 1339.425697 1369.259277 1034.401386 1235.825443 547.685986 1006.840292 474.468420 1323.297859 2183.994495 2146.058957 1211.532410 576.643239 1185.562268 2316.866189
2299.004072 1416.007117 772.542429 2897.955450 875.921909 2490.897839 1068.966899 2281.173736 1391.343131 2392.000585 1814.370779 945.934452 1209.381717 462.618587 2052.070765 2577.889810 2124.323983 1932.643041 2372.035965 1408.024030 1651.725953 2709.644387 1697.167811 2183.121292 1542.218947 2861.070963 1209.762267 1373.044095 713.207987 926.539688 2243.793926 1900.443381 1438.227083 1097.084594 1165.953531 2363.244441 1024.375634 2166.092463 726.065861 1526.212297 879.806690 2138.528478 783.608073 1319.177290 1952.837617 566.570724 2182.412517 0.000000 2426.436970 897.516169 1461.539510 919.608827 2561.390374 1583.409385 711.440640 2290.451430 1298.801767 1757.236970 1883.399919 1600.016698 1263.416172 1355.712538 2301.134839 1302.678991 2690.185076 2612.784870 2030.242400 1471.914658 1331.272858 2649.175396 604.431497 2092.350030 1276.394387 2168.439535 2341.174366 1485.095105 1244.518320 418.320105 2314.456854 2623.593563 1558.570851 1155.575076 1058.260548 2207.163875 1357.316797 1317.485743 1207.071411 2703.121156 1775.140814 2613.650370 1975.490328 2036.356316 1534.238571 2650.635238 1432.130252 694.484660 2626.098565 1761.424282 2622.386679 376.126821
770.529421 1718.952027 2036.875269 1257.045975 2494.170033 394.778043 1827.035503 581.447015 1874.818323 707.924832 1147.232667 1655.192931 2504.180853 2181.597964 1235.984861 848.135477 1278.926670 984.367195 716.050061 1689.266530 1229.139789 819.529505 1115.630265 1075.312612 1778.403752 1056.789171 1625.213288 879.837830 2356.494930 2321.466461 1284.558353 972.853937 2671.752211 1934.612887 1923.094680 1239.530056 2622.617657 924.201294 2164.828091 1780.069381 2689.546544 1108.437724 2230.729579 1936.038728 822.428611 2177.198298 867.068624 2411.051161 0.000000 1789.593250 1407.053726 2604.964197 505.421330 1837.266469 1743.632625 917.815455 1852.649883 1264.030705 935.689914 1316.671201 1441.911448 1740.775439 373.273539 1556.536074 1269.728392 1321.576550 810.837726 1805.261081 1693.473876 1053.261390 2520.550358 1085.932384 1849.342061 967.684919 788.754179 2626.733570 1168.871225 2382.947361 932.154499 1564.785930 1482.234976 2290.800647 1577.114276 942.472753 2057.944330 1726.031852 1901.429482 1082.769051 1265.416144 643.113665 786.066723 336.629595 1041.032306 1017.716941 2399.656509 2481.812488 926.371844 1260.631199 1380.495511 2515.809699
1467.715618 518.490948 1272.912131 2330.732068 1306.514008 1864.857212 1435.636658 1590.596986 1326.659205 1682.996576 1860.535384 1478.958181 1012.717867 1623.719835 1801.896196 2398.312690 1844.838005 2108.406744 1908.253559 1283.821700 1730.725955 2369.706718 1563.914077 2262.121295 958.446778 2473.682121 1525.162846 1370.885006 1267.267740 1079.302788 1895.273561 1538.765272 961.346912 1219.453586 1570.579531 2393.804172 1246.243797 2321.785786 964.577509 934.273669 1813.562207 1728.374563 1786.485867 421.661121 1819.583883 1611.815691 2073.999308 1594.355565 1627.390160 0.000000 1043.057075 964.062767 2055.598542 884.539097 1480.018107 1784.659598 1374.940254 940.065165 1878.592915 1409.741922 885.449410 1605.420769 1683.681792 760.872227 2354.584427 2052.507831 1148.228326 574.398488 770.995820 2450.853290 1716.885052 1742.180340 378.878218 2009.562138 2181.645813 1156.269728 1111.264585 848.912204 2139.356740 1726.077394 661.054681 1090.339567 1313.499758 1995.447597 685.238926 1445.143554 1190.984262 2491.404878 1828.191741 1987.609743 1287.652889 1410.315689 1028.446738 2233.360879 1236.180774 1125.076759 2000.057938 1496.852526 2277.873546 1460.262130
1449.384690 1226.082888 1083.781521 2048.336068 1182.576727 1503.257522 483.984562 1642.545998 467.764597 1889.896909 1527.447186 620.063573 1524.219347 1157.430340 1276.713695 2054.485140 1557.062357 2177.534376 1781.779790 901.546873 1445.439750 2025.879168 1074.860407 1976.835089 401.060702 2232.089483 929.763502 1130.563727 1202.997194 1332.779620 1551.446012 1253.479067 1677.453821 647.308525 1131.908437 2108.517967 1228.847971 1915.060834 1363.914799 1129.682355 1645.736657 1346.099736 1199.072376 1109.342938 1330.530213 867.833761 1591.657130 1003.997435 1590.264730 1225.691463 0.000000 1212.128651 1711.770993 1237.799085 919.944118 1440.832048 713.819430 668.524327 1593.306710 1123.851184 453.224607 1124.086948 1554.429451 957.068690 2160.316025 2039.637017 1045.693549 1061.418081 758.125005 2217.994608 1158.853458 1776.350413 760.579993 1724.275932 1624.259737 1537.971503 1013.781475 975.893635 1847.705149 1412.574617 278.779854 1283.952687 972.621798 1866.038961 1118.824079 1062.868727 509.972464 2289.118714 1751.202912 1790.283904 1002.366684 1397.728578 684.619189 1961.820042 1573.286683 1252.058189 1987.470827 1304.986561 1895.598719 1380.124256
1805.924492 1574.047168 1174.917148 2718.765384 364.770539 2311.707773 1491.255380 2101.983670 1631.074809 2290.942683 2123.614191 1319.412807 717.891088 766.603193 1872.880699 2682.164116 2230.255172 2562.935839 2270.356537 1458.680747 2282.018751 2608.148388 1923.001496 2662.339156 1354.687359 2920.532682 1115.700300 1193.854029 714.438840 583.762336 2142.114498 2126.797877 955.047631 1145.215934 1402.667402 2844.736377 800.771712 2511.227838 657.053032 1424.532869 849.499440 1959.338412 1087.592679 1383.441219 2178.671302 1178.745269 1932.345833 630.292798 2398.714981 1055.556220 1339.366073 0.000000 2382.200308 1481.729957 1341.733438 2111.261364 1259.813845 1578.046904 2355.588203 1599.218086 1792.590680 1561.598491 2013.125269 1200.999562 2588.505647 2756.797639 1851.052334 1008.714389 1623.080406 2832.739719 1149.134065 2164.393306 1434.434438 2121.337770 2288.783393 993.604476 1873.549218 316.640677 2530.811807 2104.574019 1354.884534 934.433045 1362.245154 2603.393704 1345.334829 1035.681009 1710.877416 2935.287477 1673.461386 2434.460304 1947.856759 1857.166250 1355.048505 2713.189489 1035.276685 211.305207 2446.908499 1765.236214 2580.041933 895.245454
1247.982095 2192.794656 2660.346330 757.097645 2684.925999 833.290036 2329.550281 1055.289644 2131.634311 934.482833 1571.882177 2247.925024 2947.827233 2857.582951 1321.148685 342.714148 1364.090495 478.945865 559.121029 2138.709322 1098.000988 314.108176 1821.725527 863.506604 2246.626421 1199.771868 2257.331162 1668.613491 2561.212092 2479.511323 1586.455953 1058.017762 2852.406280 2347.461136 2425.467152 1001.612504 2827.045704 712.395287 2545.950113 1927.433178 3309.606371 1229.115373 2807.273569 1821.869655 1742.725854 2476.034953 1389.380301 2788.841779 920.297244 2390.194421 1845.565719 3034.627120 0.000000 1738.184521 2367.103686 1365.115114 2291.161876 1679.994088 1246.365332 2019.678577 2004.660070 2115.664312 1083.838327 2071.715016 764.307062 1066.159250 1445.956811 2416.696574 2155.994951 602.486889 3004.419177 941.384723 2176.633315 1012.114900 1025.202358 2954.024825 1802.799516 2821.459354 426.733169 1319.410836 2003.075122 2286.497043 2200.585337 474.495571 2542.546884 2197.634589 2120.658521 577.347721 1519.666267 602.880089 1706.363967 810.472224 1829.807967 512.295612 2575.831040 2716.337731 1268.401040 1570.247126 1120.684905 2990.538119
1139.355916 708.216413 1522.573298 2144.364159 1665.184917 1766.087788 1574.015246 1314.187185 1554.276371 1624.374107 1741.046715 1597.651748 1341.351911 1869.719586 1490.313224 2130.777807 1847.687697 2203.364395 1454.130372 1601.131688 1596.590165 2225.580912 1752.704872 2127.985504 1274.956346 2218.465972 1661.940845 811.286553 1781.759655 1144.791049 1751.693083 1816.401666 1114.221759 1431.211922 1700.886827 2120.393400 1673.163788 2128.660363 1318.057347 362.690409 1823.657585 1576.770936 2036.147034 977.321894 1829.936677 1711.072926 1563.597054 1696.609107 1428.977799 1016.839369 1090.030684 1614.515646 1912.018064 0.000000 1697.572121 1318.573657 1803.850115 1195.479428 1828.264132 1428.921463 1360.224181 1793.880195 1584.912368 522.385543 1783.001166 1974.176189 588.629873 786.156824 1054.272417 2331.679053 1899.714320 1781.825830 927.040963 1738.770295 1906.215917 1518.207719 1788.267068 1518.934985 1864.243231 1575.332353 1132.326970 820.391395 1531.053772 1936.825128 819.593641 1581.921553 1469.341282 2204.778377 1541.280064 1888.840319 1565.289283 1311.546265 884.866260 2325.325944 1109.725391 1381.617457 1556.691981 1382.668738 2197.474457 1730.943856
1753.842272 1573.839124 978.538619 2569.353155 1226.102111 1915.772989 357.526259 1931.610880 679.902491 1937.789471 1743.233557 234.493813 1579.222661 594.618456 1492.500066 2294.741917 1605.638882 2421.448832 1993.917685 696.583391 1707.122754 2295.092278 1269.414124 2157.938168 978.460986 2750.159893 498.321627 1487.336578 1105.583708 1220.475442 2202.149602 1515.162071 1796.475727 385.643955 843.642845 2334.769306 1201.918539 2006.826850 1079.803510 1486.373736 1432.510060 1901.565570 862.133737 1512.620231 1525.083930 678.816968 1476.939660 1271.699686 1962.008756 1242.467801 750.098871 861.331572 2113.723454 1231.598704 0.000000 1963.607077 587.361128 1289.773701 1719.370434 1017.909112 1043.178338 934.760822 1589.694199 1262.840429 2538.243409 2394.520092 1795.792420 1075.061329 1113.008080 2353.748765 977.149328 2142.743426 1510.678864 1985.958937 1942.673059 1854.936048 895.774101 1177.972249 1975.218065 1931.891983 1028.878725 1279.321850 539.575447 2078.780198 733.946544 679.197195 868.180823 2317.975184 2109.411271 1938.175014 1264.049689 1686.793461 1434.718060 1939.194599 1568.655846 1072.636780 2185.423709 1049.983643 2393.818962 928.830191
765.050436 2270.024000 2357.112032 970.400955 2178.202874 1157.412198 1526.318402 804.750666 1202.176854 1250.068628 1630.282662 1354.475830 2215.967475 2144.017601 1731.041589 1213.354358 1773.983398 1451.849357 866.552929 1816.565408 1141.309624 1287.011667 1248.686650 1672.704964 1558.523839 1154.948782 1772.408965 1299.595218 2059.029340 1858.200776 647.827982 1467.910665 2362.578829 1633.895785 1866.320694 1723.303833 2321.900556 1685.298779 2159.349106 1725.691255 2380.148914 640.304139 2134.865437 2099.991474 1504.356456 2072.427612 1389.348666 2326.742152 968.361304 2060.405074 1523.298296 1835.789838 972.903492 1782.888343 1800.426840 0.000000 1661.283169 922.341674 1372.983591 1392.018432 1462.626373 1862.956715 895.553580 1502.157948 719.483976 817.541049 1396.997145 1662.432573 1687.994891 1215.886508 2401.438466 1581.933702 1711.100599 1320.712968 835.020203 2488.492109 1721.354253 2152.430515 1399.636661 646.970475 1628.018043 2298.938557 1897.351039 1352.645090 1321.317787 1968.690159 1390.455186 1115.412444 967.202183 1126.887442 1477.500522 1009.001018 1377.460704 1235.960012 2057.967477 2047.095045 801.596707 1478.812805 1991.325115 2478.229336
1761.505285 1538.203483 850.820655 1981.992027 1494.697322 1501.712223 473.816636 1708.747961 371.260964 1718.426830 1617.936576 367.026157 1836.339942 1105.773481 1384.652999 2328.382069 1427.594808 2340.597426 1685.276157 790.697454 1664.529536 2141.634486 816.971025 2174.111455 391.099859 2164.045721 447.717008 1187.778898 935.849261 1430.483153 1614.788475 1121.522075 1667.492978 595.651666 573.916717 1882.326207 1334.450883 2023.000138 1190.455763 1170.641154 1549.233024 1658.220331 1044.674966 1421.463533 1072.640832 860.986860 1264.362540 1131.048586 1588.719431 1374.138071 312.120595 1418.909584 2023.891588 1227.838242 557.578011 1752.952643 0.000000 937.392363 1735.126753 718.651076 765.345202 805.622355 1716.955301 947.107847 2341.723873 1996.754475 1238.121170 1053.554479 1070.245600 2164.756427 1334.495744 1749.103430 946.739523 1831.136166 1614.298894 1724.131033 644.909282 1288.014230 1889.125141 1344.530855 590.900449 1489.329561 391.059662 2030.877851 1006.660801 367.697716 559.539296 2038.131157 1800.769744 2041.224595 1221.456470 1463.930542 996.739784 2055.484976 1778.663558 1474.836576 2009.430396 1047.097180 2207.719314 1375.490025
1089.047937 1581.840094 1434.770358 1818.835909 1732.668563 1579.893144 1113.372044 1176.582954 1037.540498 1467.799760 1391.799562 1154.662381 1845.324434 1663.712894 1141.066071 1648.843033 1404.083950 1961.216699 1623.289492 1171.384458 1429.931005 1715.921188 793.460167 1894.797042 636.182165 1630.371165 1232.193614 462.039400 1136.687666 1419.839712 1321.945853 1098.011217 1895.059597 1318.207207 1042.667850 1818.757094 1990.143057 1779.413210 1724.462464 1012.722017 1838.796262 1227.523783 1212.523763 1350.125452 1049.129973 1575.093387 1288.923328 1918.684810 1242.235279 1253.870396 1013.821065 1925.771091 1482.270833 1254.835500 1141.527714 1211.331889 787.636224 0.000000 1419.145982 469.676758 540.284699 940.615041 1395.818727 1192.190153 1930.815866 1846.059838 538.321895 1192.561942 931.972406 1947.563384 1796.517514 1107.826087 788.758925 1389.523142 1556.968764 1566.150435 1259.460703 1706.007393 1505.002487 1193.836219 857.866619 1959.981772 975.009365 1551.281119 1154.672494 1152.174323 915.824994 1901.966394 1403.498536 1222.340703 1172.650549 1125.351621 455.119030 1293.295715 1135.625803 1656.666120 1580.938972 1023.586322 1848.227304 1916.156815
1262.252299 2220.386840 2314.997879 1567.249861 2517.281910 992.860669 1563.673509 1595.967091 1495.792477 718.563885 734.584472 1391.830937 2893.827988 2141.052224 764.539118 883.024541 504.546136 1340.734481 1439.324976 1831.793179 462.159154 1014.779118 913.351912 984.748166 1937.265941 1871.219127 1691.555024 1181.146526 2227.405030 2478.288643 1372.051930 1016.803385 2551.827061 1664.638234 1970.776245 924.947957 2359.255663 833.636849 2538.013144 1966.128181 2673.764537 1757.519925 2060.181857 2010.534173 1160.412547 1728.943242 992.845719 2540.202674 1079.867877 2204.320065 1536.205239 2543.358405 880.203947 2082.089408 1913.979408 1838.010253 1793.508378 1321.246971 0.000000 1409.873484 1700.810764 1477.862665 1303.529996 2030.500639 1644.511009 1606.469643 1605.527444 2178.085993 2031.470362 1216.032825 1918.670843 746.140980 2110.005896 329.291998 1386.836806 2636.442819 1054.375106 2512.098873 1143.317380 1568.685055 1814.985093 2465.591983 1855.236885 837.209690 2071.212198 1611.535732 1684.070809 1136.147902 1691.426132 934.342210 1101.490271 1416.497473 1115.527750 1238.686796 2456.872774 2660.785019 1454.103162 887.424224 1059.294093 2243.446407
1282.211509 1558.870917 1519.008598 2129.698360 1969.712040 1352.669371 892.005289 1620.423490 567.863740 1225.239214 1142.198875 720.162716 2104.346672 1509.704487 891.465383 1960.363523 934.407193 1847.409810 1613.068001 859.551740 1146.046857 1931.757551 323.783410 1677.442197 1414.717257 1917.101768 1022.737370 1004.351880 1229.637983 1649.390033 1682.708285 628.334460 2219.464101 999.582672 963.851864 1389.138591 1687.587442 1529.812522 1610.084407 1865.565020 1524.332589 1767.851085 1241.218037 1687.716157 579.453216 1438.114498 840.580133 1692.429039 1439.676580 1423.617457 1013.656555 1841.409008 1617.649376 1761.913350 1166.113726 1453.598746 1026.970055 1383.449402 1241.939138 0.000000 1346.835202 470.938283 1091.116109 1642.031714 2161.438215 2072.605775 1179.314080 1250.157256 1473.050080 1740.974019 1825.211787 1255.915814 1475.505068 1424.883040 1656.981041 2252.896577 789.783946 1770.416512 1395.937525 1492.237188 993.704929 1817.817520 1185.370058 1537.690235 1209.696983 942.718079 756.142072 1950.948508 1874.981519 1570.421669 702.973791 1375.606070 1165.546356 2036.177182 2107.151517 1653.860637 1797.190167 553.909564 1722.587273 1821.912611
1622.973423 1264.884953 1356.044524 2293.728638 1439.208647 1514.946987 851.239633 1608.570366 963.373328 2001.725246 1648.357352 959.138522 1563.021413 1338.516398 1471.903337 1966.139181 1560.336278 1963.417651 1868.640807 872.138582 1782.180601 2054.025323 1156.021989 1965.885727 404.334623 2164.296650 1039.829372 792.876666 1478.671059 879.555013 1820.897965 1460.573039 1680.727742 828.394583 1158.896413 2190.191106 1705.847926 2110.250476 1380.789525 1183.875918 1931.812502 1384.901802 1296.684081 1148.145003 1242.551294 1240.177570 1555.152262 1431.373071 1601.954195 1264.493529 515.157723 1453.060351 1802.501417 1241.073005 936.818844 1710.284001 592.112364 533.925486 1953.071468 832.238579 0.000000 719.971360 1729.554991 960.342611 2339.198825 1920.024501 1072.247381 929.331854 638.512490 2233.690158 1674.011180 1641.751572 799.382059 1720.360408 1627.533658 1576.773568 967.978415 1253.698949 1394.480542 1656.267466 317.581920 1722.072478 896.283531 1832.433626 882.967914 959.810080 526.847190 1949.491525 1768.077638 1756.266189 1517.524406 1456.188887 954.071142 1827.221201 1669.551289 1116.381421 2022.665160 1364.258851 1934.400785 1528.628842
1576.990348 1520.274357 1048.070314 1913.924062 1737.755463 1647.448211 834.768317 1895.115870 862.642579 1520.018054 1170.666496 774.896939 1844.407550 1285.724928 1186.244223 1900.337710 1229.186032 1981.935834 1902.104307 884.683501 1062.209242 2032.092287 618.562249 1377.678249 1105.785764 2211.880608 661.316577 1299.130719 758.699699 1497.333573 1977.487124 923.113299 1926.664777 1054.316895 492.913581 1642.279815 1742.321665 1824.591362 1722.491989 1653.665475 1770.980900 2062.629925 770.279753 1829.670776 874.232055 1223.006128 1135.358972 1612.341019 1734.455419 1600.193469 993.944550 1693.379784 1812.884977 1290.975067 873.551956 1677.104137 714.685905 1444.648163 1293.883208 294.778839 1296.803028 0.000000 1385.894948 1661.793752 1783.833640 1743.736092 1169.558558 1544.386695 1653.411207 2035.752859 1354.273504 1502.833319 1661.425428 1578.922824 1705.352375 2120.120937 512.114417 1320.239881 1690.716365 1787.016027 1272.724405 1906.050192 1105.745567 1617.647164 1402.808510 802.167663 1012.301115 2039.398176 1731.994717 1865.200508 997.752631 1670.384910 1319.096886 2082.917295 2161.793147 1182.922354 1326.251884 848.688404 1850.891704 1473.912805
536.050043 2000.371269 1663.601730 1357.477128 2259.690654 326.078790 1727.885346 738.994874 1578.137615 498.548314 805.543419 1604.852899 2663.257671 1912.477791 954.041323 1118.439528 1020.106988 1120.718909 961.162076 1646.714789 974.539057 1089.833556 1098.658595 1116.864101 1668.484853 1469.875170 1428.948880 1161.402245 1983.221392 2172.283031 1335.923238 994.627364 2437.272833 1691.123742 1749.947692 918.166243 2318.994506 1137.337524 1930.348713 1743.505791 2316.273005 864.726713 1857.456041 1863.269928 1235.514609 1803.924759 493.795086 2311.628241 413.085998 1917.501089 1307.630806 2231.690659 775.725380 1853.514975 1370.359086 1228.591412 1654.481501 1032.302689 828.661813 1181.299051 1292.728017 1397.704886 0.000000 1684.443914 1311.799673 1023.828667 938.745565 1431.987542 1458.994497 1378.212269 2147.276819 712.658845 1821.061614 594.411381 720.054926 2598.453124 825.800673 2283.524440 1069.740175 1634.320215 1586.410660 2083.687751 1203.840737 808.245976 1768.607982 1382.961299 1766.415947 1304.203257 1422.964003 479.305560 743.514981 749.715594 968.263505 1288.020992 2167.928492 2247.333110 854.217916 1070.438324 1527.971668 2246.689526
1420.086310 782.296369 1757.377621 1949.676994 1510.078121 1385.568412 1559.953070 1487.441944 1431.615588 1892.341151 1647.793310 1458.494646 1461.220928 1730.562484 1730.982114 2137.714446 2088.356587 2435.330356 1734.860766 1317.618600 1877.320560 2155.352616 1613.547770 2362.205509 1082.763190 2079.308870 1558.959746 1092.016947 1642.602553 1005.633948 1842.143387 1918.098820 1394.952153 1453.513533 1604.376431 2401.123794 1347.735038 2369.329253 1293.357484 223.533307 2024.835855 1830.135149 1542.078062 906.691279 1831.449214 1748.025697 1844.327448 1364.050937 1472.575621 663.575682 1277.117023 1541.667585 1977.996950 280.730394 1558.415019 1599.304051 1476.700841 1152.559740 2108.994526 1289.764361 911.226611 1631.197971 1536.441860 0.000000 1643.844064 1990.893976 869.360267 808.458436 709.381964 2389.239434 1850.689667 2062.556224 404.655420 2019.500689 1779.544549 1182.046929 1774.840267 1379.777883 2144.973625 1856.062747 762.815268 1101.121789 1391.896670 2169.310226 770.568988 1478.940454 1340.025354 2390.837807 1373.490275 1840.369810 1846.019677 1263.075757 1165.596654 2379.260294 1390.455786 1242.460355 1837.422375 1657.163851 2379.634132 1740.177758
1569.146096 2553.373717 2722.140367 634.254134 2662.726102 1406.578404 2291.303112 1560.488441 2196.678992 1051.550762 1981.554945 2333.570030 3015.846652 2914.709197 1861.402802 493.870381 1748.707051 791.486292 1038.377905 2709.335261 1576.030068 625.624959 1991.371548 1067.282083 2387.273466 435.464806 2443.890615 1831.875357 2781.776911 2832.422987 1332.778387 1786.792277 3132.050489 2591.825274 2570.090325 1331.883649 3098.727276 1024.935713 2825.753585 2057.911584 3111.329021 1409.775799 3040.848573 2550.644171 1903.316038 2857.160468 1758.010075 2928.248362 1080.887427 2590.989171 2308.294203 2297.955564 728.774515 2199.085894 2553.751619 994.502138 1996.173608 1831.150322 1707.154001 2298.670072 2221.573161 2544.349751 1454.160966 2271.629608 0.000000 369.990547 1891.725153 2293.853063 2492.090551 768.336006 2715.546370 1253.925150 2435.974565 1509.608542 911.203277 3213.366075 1972.445537 2614.596240 950.044665 1417.931816 2384.394102 3015.271559 2387.233270 1203.270086 2315.819925 2363.871324 2384.957324 746.993742 1652.152589 1261.318193 1866.954150 1417.517023 1993.069833 849.532637 2966.776125 2509.260771 1081.049374 2067.740768 1271.841139 3097.281520
1270.444609 2257.039113 3019.130298 420.005529 2870.747389 1192.074004 2427.425712 1414.073611 2129.701260 1162.876251 1930.666145 2255.583140 3206.211351 2748.566821 1679.932653 686.677149 1623.011658 837.729833 793.493317 2497.493289 1456.784956 499.929565 2024.413336 1222.290572 2255.917236 674.043956 2489.195512 1916.691203 2703.790020 2470.021677 1449.908029 1416.801730 2917.801884 2535.003095 2776.162613 1360.396472 2946.448532 1071.179255 2591.342091 1687.921036 3156.260940 1195.527194 2753.965530 2180.653623 1927.483840 2834.818921 1748.164269 2980.144793 1279.081212 2513.002281 2204.349687 2717.129887 358.783968 1984.837289 2347.658827 1193.242127 2234.752758 2023.957089 1389.864315 2378.462545 1851.582614 2350.036599 1442.622295 2055.030000 419.174324 0.000000 1766.272033 2059.441569 2193.389064 398.345458 2345.555822 1300.168691 2149.645842 1370.898868 833.216386 2927.037351 2092.662643 2844.165613 785.517137 1505.232226 2169.164534 2645.281011 2559.369305 833.279538 2396.062009 2409.176220 2317.979592 867.210848 1592.518670 961.664057 1826.996568 1169.256192 1929.644713 723.837243 2688.091628 2706.848085 978.054503 1929.031094 1464.647906 2745.969250
550.726043 1437.373307 1626.313688 1624.163652 1877.491287 1177.457915 1051.244110 725.557312 1373.620341 1035.744234 1152.416842 1364.638247 1916.836743 1524.416814 901.683351 1643.068979 1259.057824 1614.734522 1220.854262 1100.116584 1007.960292 1636.951039 1331.803023 1539.355632 1149.464668 1786.282824 1160.925741 222.656680 1743.537222 1651.149322 1250.677979 1227.771793 1940.102436 1599.988891 1112.256955 1597.194979 2093.433387 1540.030490 1911.988728 969.231655 2362.308419 988.141063 1819.373319 1278.857578 1241.306804 1766.636717 1049.540608 2078.367654 1264.465123 978.755524 1217.826188 1942.818291 1411.002960 1026.428743 1320.920203 1140.064015 1281.078978 606.849556 1239.634259 1076.526313 771.594308 1491.565668 996.282495 745.698348 1736.052284 1638.926100 0.000000 1380.088206 1076.795130 1743.049180 1906.947686 1193.195957 1038.504335 1150.140422 1317.586044 1815.895844 1199.637195 1827.667728 1275.613358 986.702480 671.397250 1846.820137 1166.552695 1348.195255 1404.417903 1080.906449 1118.261737 1830.624341 952.650191 1300.210446 976.659410 722.916392 383.851156 1741.992141 1742.475359 1887.975730 1312.658641 794.038865 1608.844584 1858.628549
1356.516168 1107.788438 1504.962198 2322.316863 1169.131562 1570.647812 952.643149 1703.316144 936.423184 1841.534360 1876.433164 1088.722160 1231.270129 1155.176913 1745.372282 2153.786050 1862.366254 2463.704955 2108.759808 968.937164 1914.098336 2285.540627 1477.953915 2445.493676 824.237562 2314.864913 1210.278310 1146.533148 1352.018552 873.503430 1919.576681 1722.137653 1585.231316 645.055097 1255.694995 2402.985104 887.006964 2383.719421 531.900523 737.308360 1477.582170 1413.490027 1414.825539 437.558901 1733.623721 1083.586924 1876.606131 1358.850271 1657.655021 1005.883667 468.658587 1058.073153 2163.076350 794.505448 936.290192 1895.825637 1060.055718 684.493748 1978.781576 1154.170506 799.812610 1194.171965 1884.188041 513.775054 2157.619118 2107.027307 977.758832 0.000000 825.515295 2486.794334 1416.741120 1792.319835 792.322561 2074.016890 1964.623949 1259.494930 1482.440062 986.202447 2014.808611 1684.855691 346.170145 1065.002419 1146.741668 2153.985380 336.620440 1130.259018 828.964881 2406.909411 1847.710857 1906.834451 1471.025271 1610.821938 1139.612778 1977.789463 1252.078554 848.884920 2063.651755 1708.080070 1962.989010 1489.388648
1655.687796 867.310362 1488.572361 1701.517541 800.696157 1585.853024 873.464477 1376.128921 1195.840708 1903.225919 1621.209627 1231.899397 1534.563205 1458.469989 1739.833666 1968.189161 1732.179728 2119.241845 1629.249372 1163.343077 1818.690416 1781.441577 1516.680782 1652.823546 576.178073 1955.555967 1404.684223 1060.806995 1187.919925 1104.107324 1949.879651 1670.183309 1605.048733 948.348174 1450.100908 1917.425112 1190.300040 2219.753742 835.193599 552.213984 1718.092053 1716.783103 1682.426671 740.851977 1757.284768 1386.880000 1668.896936 1655.925381 1672.860233 770.702866 771.951663 1222.162871 1640.295980 774.203372 1119.615192 1302.051670 1043.602290 987.786824 1791.479204 1343.289184 735.692431 1455.663790 1404.677605 753.134162 1700.686335 1281.512012 1104.961753 303.293076 0.000000 1679.857470 1720.034196 1902.362239 624.000998 1557.228772 1799.377108 1401.392508 1489.354282 1275.869042 2067.029149 1949.022145 649.463221 1368.295495 1028.811367 2037.545971 639.913516 1324.664931 732.925343 2148.722860 1974.155791 1708.605555 1458.244607 1131.311502 1222.001471 2005.349255 1555.371630 1138.551515 1721.053750 1632.189180 2175.423952 1792.681724
1382.442248 2266.353748 2955.352962 683.414874 2807.647047 1128.296668 2055.497350 1350.296276 1731.355801 764.530793 1723.543326 1883.654777 3242.833865 2673.196548 1472.809835 637.720780 1496.064993 773.952497 854.127661 2345.744355 1246.706844 609.114808 1626.067878 992.733006 2541.633053 655.186302 2301.587912 1805.670352 2595.073063 2774.517955 1341.191072 1353.024394 3110.501930 2163.074733 2395.499641 1257.334572 2851.079503 1007.401919 2773.576468 2222.439810 2909.327861 1458.936539 2906.809252 2116.876288 1818.766882 2601.606560 1470.990106 2581.799334 1188.216429 2404.285323 2140.572351 2786.065366 295.006632 1996.280171 2329.605787 1349.296994 2190.462116 1975.000720 991.518857 2049.815564 2139.120223 2266.221399 1378.844959 2320.790349 488.109802 858.100350 1740.963443 2343.013803 2305.386703 0.000000 2910.189700 1236.391355 2471.639948 1231.480189 724.499428 3249.031457 1694.317185 2902.351797 721.739801 1598.084687 2157.196990 2581.503675 2495.591969 769.502203 2670.614781 2248.641521 1919.634133 468.865390 1660.565273 897.886721 1974.283151 1105.478856 1945.458526 563.302544 2870.837672 2997.370573 1119.630930 1789.612416 1415.691537 2957.926155
2410.990926 1817.672700 682.633566 2789.695818 1316.261417 2531.826027 1270.974519 2440.535164 1162.281195 2477.253635 2354.700207 1099.131946 1466.182511 403.010998 2103.966716 2920.655285 2064.716394 2714.395170 2476.296388 1443.298945 2433.478082 2869.619854 1684.493051 2741.001822 1552.632853 3043.734244 1509.872119 2148.985272 825.575071 740.453649 2786.403089 1840.835793 1445.187535 1256.352166 1106.345942 2749.848233 1359.160834 2742.313855 823.372670 1640.392261 810.705117 2647.525169 724.000484 1815.937639 1940.162858 995.743521 2194.578283 781.752129 2569.925086 1604.874712 1608.074010 1145.949935 2728.474256 1862.381649 1135.541637 2390.229946 1446.843177 1969.949760 2515.503079 1587.341938 1823.870707 1476.124150 2492.855881 1841.312439 2788.864612 2369.690288 2193.140030 1391.471353 1088.178277 2768.035747 0.000000 2468.417147 1712.179275 2363.565391 2425.051763 1557.145786 1231.843560 960.929268 2756.647167 2691.945060 1580.205288 1546.739579 998.652959 2789.704655 1391.095198 1429.852828 1350.559527 3028.890644 2317.749977 2796.783832 2041.539552 2219.489778 1929.007606 2852.642858 1753.849777 823.611741 2802.376033 1827.473506 2852.896474 400.413427
762.621046 1861.796628 2310.013739 1458.789939 2486.261657 707.371149 1679.879791 954.411895 1355.738242 359.973673 811.077956 1508.037218 2789.274389 2183.863908 892.609568 968.835039 957.774988 966.113509 1089.014941 1658.926885 322.104918 1086.976612 1238.168439 853.500258 1387.251469 1429.754051 1315.946438 1252.802710 2355.475481 2072.521759 1549.619039 876.749149 2662.642521 1775.453695 1842.494368 806.814957 2475.461944 844.759352 2033.216132 1984.321729 2518.304823 1257.888671 2223.842793 2140.017147 1175.717183 1892.604178 852.791483 2440.785716 372.964880 2162.558130 1436.788281 2264.540733 805.197276 1708.627752 1589.245452 1290.780334 1801.707840 1636.995585 453.228852 1606.343691 1519.299021 1806.043289 746.238418 1890.446403 1569.504338 1563.139324 1183.802605 1988.858576 1685.565500 1236.386017 2371.899695 0.000000 1942.891133 440.107458 1101.347285 2510.100390 1467.247529 2412.681915 397.176401 1279.361419 1715.568135 2433.645247 1850.252746 672.424694 2105.014846 1721.467700 1179.273797 952.187384 1638.381023 927.539202 883.024826 709.594475 1245.010724 1072.734951 2722.979244 2309.348166 1299.336724 998.239685 1252.815409 2407.107343
1385.809296 983.602418 1635.795789 2117.379349 1222.798656 1643.289985 1155.297651 1829.958957 1026.960169 1870.827488 2132.941145 1179.259145 1056.565509 1558.979929 1978.474529 2096.647420 1834.109426 2232.879137 1964.562004 912.963181 2195.837426 2068.041447 1615.628671 2164.555064 678.107771 2299.433044 1154.304327 1299.447858 1489.036209 902.796558 1704.800464 1920.179721 1304.836387 1048.858114 1199.721012 2429.156630 1289.683036 2172.713237 935.703539 555.395451 1620.180435 1789.599134 1803.255273 748.416296 1749.122486 1487.389940 1879.570131 1447.131400 1248.511942 465.111470 872.461603 1137.012166 1753.933272 614.353371 1334.430948 1776.530258 1098.683556 1040.496678 2184.201857 1291.845261 506.571192 1226.542551 1621.785481 860.391989 1975.706209 1793.243530 1202.983244 403.803016 511.731519 2191.588989 1446.034248 2125.464475 0.000000 2068.960290 1901.306806 777.391510 1474.549606 1205.064679 1901.051734 1479.918177 722.279252 1343.534339 1176.034796 2183.278508 365.913568 1074.285035 1018.607117 2331.280993 1520.815376 1891.625608 1752.764360 1585.141538 1020.317399 2266.228884 1194.322517 1067.747151 2171.045352 1675.722775 2178.433346 1751.687398
1179.470027 2205.954260 1985.705881 1801.500294 2502.874521 1124.220131 1733.100493 1348.640599 1413.761000 776.822655 703.235601 1561.257921 2564.535990 1845.468052 452.502110 1117.274973 738.796569 1375.645704 1505.863923 1675.398080 380.127677 1249.029551 1021.695255 887.856451 1735.653417 1846.603033 1664.319989 1415.396958 1915.368022 2170.177723 1509.650677 875.811149 2222.535063 1335.346236 1937.843456 1091.646165 2528.682647 736.745134 2450.065114 1636.836183 2465.438072 1674.737653 2105.116678 1995.709847 1005.892491 1773.878063 910.814241 2512.967639 789.813861 2127.756279 1508.970204 2214.066407 1114.454379 2054.854373 1692.463236 1707.629316 1855.820899 1555.497403 234.250433 1166.236233 1428.042998 1593.930390 1163.087400 1889.508403 1878.761441 1597.495517 1600.651587 2005.471440 1702.178364 1450.283257 2152.921276 416.848982 2191.700469 0.000000 1518.196267 2307.150821 1027.140071 2484.863839 814.025382 1239.393057 1745.624918 2229.024132 1525.944887 935.565599 2037.599757 1584.300697 1596.122779 1369.036365 1829.024879 1168.592642 772.198272 1103.823180 1349.778183 1400.835730 2518.358128 2407.004131 1589.071769 558.132226 1193.039351 2179.679787
657.942819 1946.618041 2331.051942 903.645074 2083.147619 844.705198 1594.209326 649.285164 1916.585558 742.181281 1642.638421 1422.366754 2692.503761 2211.908525 1661.827981 969.217328 1562.897296 1207.484948 241.107150 1884.456331 1401.638869 1042.647259 1387.469108 1360.497068 1818.955417 1236.730966 1764.669567 1333.768202 1870.573634 2294.175808 616.691643 1468.259690 2559.165610 1701.786709 2101.874389 1443.194954 2389.791480 1353.864165 2052.241489 1710.990713 2922.832477 1153.210445 2471.557151 2101.447016 1094.267454 2140.318536 1362.474377 2547.063292 495.405753 1679.785895 1856.980881 2504.614332 728.539083 2171.959879 1944.515225 759.642221 1824.044194 1533.448784 1058.351160 1588.510044 1414.620794 1797.650432 868.679292 2015.064254 852.713259 812.615710 1306.243479 1884.180350 1580.887274 1146.418783 2594.439396 1079.533951 2058.664113 1209.325871 0.000000 2737.114709 1664.276978 2177.852369 1114.857184 1125.094746 1668.307358 2518.466661 2072.520029 1054.632302 2080.960008 1861.582542 1941.467984 991.755155 936.065845 1058.600678 1281.472476 714.442716 1317.142924 1112.302722 2669.074587 2369.225886 395.131502 1617.595263 1401.315595 2546.120260
1973.876547 1117.032237 1473.676169 2929.273357 794.416124 2309.825734 1963.783356 2189.138275 1688.663549 2281.537865 2459.076672 1791.940784 279.173999 1328.119328 2400.437485 2626.756399 2443.379294 2706.948032 2506.794848 1767.201212 2329.267244 2440.008816 2162.455366 2830.684311 1556.988067 3072.223410 1424.220765 1969.426295 1275.954975 1358.272202 2493.814850 2137.306561 527.444878 1706.732069 1950.768695 2992.345461 512.291526 2920.327075 922.765973 1532.814958 1626.046245 2159.499573 1649.108814 1020.202410 2418.125172 1488.984979 2493.861967 1406.839603 2225.931449 598.541289 1641.598364 776.546805 2654.139831 1483.080386 1833.323376 2383.200886 1843.334815 1538.606453 2477.134204 2008.283211 1483.990699 1851.116174 2282.223081 1359.413515 2953.125715 2651.049120 1746.769615 1172.939777 1369.537108 2728.387529 1710.650200 2192.153327 977.419507 2608.103427 2346.536509 0.000000 1709.805874 843.377008 2589.329728 2324.618682 1259.595970 818.549278 1764.102047 2593.988885 953.980820 1597.197144 1423.351722 2853.242163 2200.197717 2586.151031 1886.194178 2008.856978 1626.988027 2663.916494 416.931008 772.821342 2598.599226 2095.393815 2766.500597 1454.726933
1411.077591 1695.797723 1506.512397 1933.944483 1664.406861 1481.535453 965.814695 1640.943934 923.362119 1354.105296 1198.192651 840.892425 2006.049481 1086.677118 947.459160 2002.083905 1063.273275 1976.275892 1670.538598 980.160365 1252.769058 1973.477933 452.649492 1736.917616 882.890835 2045.967850 637.179918 1359.850259 1330.603913 1450.594119 1804.862875 757.200542 2141.936062 1120.312381 924.147020 1518.004673 1710.678104 1585.806299 1845.744932 1390.404711 1879.830968 1827.929869 1342.183967 1507.246513 708.319298 1349.663894 962.734723 1485.827568 1568.542662 1707.521597 481.830133 1585.845431 1659.369758 1027.714303 1181.997179 1768.026858 828.680828 1032.677294 1283.659520 355.498379 784.688611 571.904214 1419.057309 1438.898823 2251.035243 2114.326157 1507.817827 1543.248214 1239.955138 1863.128610 1469.207990 1274.044081 1242.410126 1531.605241 1779.135631 2019.801636 0.000000 1457.723768 1524.803607 1847.735567 760.609988 1765.782820 1046.751404 1666.556317 1565.195362 557.160627 991.802598 2079.814590 1855.037558 1591.310666 809.695992 1504.472153 1011.813998 2165.043264 2055.116817 1687.420527 1793.453486 595.629946 1851.453355 1420.888853
2244.782355 1666.655255 955.395746 2553.779583 457.601804 2269.927298 1483.457102 2053.253245 1444.436697 2446.575042 2324.021615 1384.272154 791.061612 831.462540 2073.288124 2765.735352 2116.229933 2920.093659 1953.715860 1523.540094 2347.672703 2755.255969 1987.860843 2862.746580 1419.546706 2707.329776 1180.559647 1695.142750 779.298187 772.800332 1825.473821 1810.157200 1019.906978 1210.075281 1467.526749 2974.399912 606.055529 2711.635263 815.734189 1107.892192 1095.298864 1952.217829 1152.452026 1066.800542 2243.530649 1243.604616 1997.205180 992.688628 2356.934506 1148.387485 1404.225420 501.288721 2441.147794 1165.089280 1307.300204 2225.932433 1536.764322 1758.067484 2543.801760 1664.077433 1609.066342 1573.493662 2056.233669 884.358886 2271.864970 2587.951741 1753.719153 1073.573736 1306.439730 2859.027493 867.972847 2437.738554 1289.014305 2622.626492 2384.409374 1066.775000 1938.408565 0.000000 2723.306065 2299.671289 1419.743881 737.254971 1300.522608 2759.026063 1224.886627 1100.540356 1617.081819 2704.363865 1356.820709 2535.539230 2127.920721 2147.434642 1856.337226 2824.911433 1013.810147 276.164554 2515.973340 2217.986997 2904.410014 611.349926
1365.826035 2019.667765 2233.613161 1149.318084 2920.148622 974.604072 2297.896777 1031.498392 2148.149046 741.178967 1485.678047 2174.864330 2652.803262 2534.988973 1365.525904 571.658639 1460.597284 568.937109 967.141905 2158.261320 1299.748978 703.413216 1710.926879 571.405185 2287.304231 1494.395919 2219.070476 1280.801416 2553.232823 2456.242401 1734.609730 1154.524551 2425.673111 2261.135172 2445.019151 836.006751 2923.552494 787.316906 2629.508699 1674.141760 2975.343301 1442.990551 2427.467471 2028.173887 1417.725224 2373.936190 1447.638281 2735.900032 595.296614 2328.290721 1986.879756 2801.702089 408.020875 1311.451352 1940.370517 1347.048484 2432.475912 1664.994291 984.932132 1667.293487 2027.278905 2024.596954 968.570152 1833.836895 1172.327937 1281.044251 1406.134340 2097.608176 2119.452465 839.209617 2717.288250 992.531445 2238.492315 975.572413 1240.695164 2829.659071 1764.167839 2830.386336 0.000000 1708.715877 1950.133374 2131.842746 1773.852168 437.953084 2131.044993 2139.051184 2171.805243 555.010983 1715.467521 549.938342 1381.363337 786.680972 1441.995891 675.558551 2421.176743 2693.068809 1215.459293 1476.919389 1001.385339 2869.200708
1114.913638 1892.453638 2068.665493 637.461172 2529.969824 1080.687016 1823.963355 781.185686 1817.027285 1435.345349 1582.384904 1652.120782 2567.312828 1954.384877 1331.651413 1025.047826 1655.903933 1161.279544 1241.454708 1530.084647 1756.160056 996.441854 1749.783589 1545.840283 1539.477241 819.514867 1448.408275 652.624743 2173.505284 2146.657331 270.257620 1349.831200 2409.609484 1931.540738 1696.521114 1683.946182 2619.545508 1394.728966 2432.906099 1364.556690 2792.276481 687.334794 2001.758068 1708.825641 1671.274866 1919.557539 1430.592121 2631.466107 1167.694224 1851.401382 1647.794251 2450.640270 682.333678 1582.442063 1792.116562 614.850431 1824.453842 1036.817618 1312.560400 1506.494376 1399.102232 1894.306466 936.797035 1381.344692 1032.839975 652.223620 1239.398062 2032.566743 1729.273667 1050.569078 2336.915749 1623.164019 1786.000112 1531.208416 1011.337963 2563.391621 1629.605258 2359.727220 1109.066848 0.000000 1321.873335 2003.958679 1857.979761 1156.829249 1936.168218 1368.388984 1678.776496 1213.258817 589.631821 1285.213767 1406.627473 960.704565 813.819218 1194.629290 2172.443421 2383.483738 719.309328 1224.006928 1803.018583 2288.596612
1478.792410 947.303033 1173.992795 1976.146718 1280.041307 1224.477667 818.184013 1409.307723 995.193559 1731.250406 1680.852933 1031.783142 1245.439493 1105.919375 1530.810543 1807.615905 1634.069073 2280.247047 1859.560953 622.767019 1819.675477 1939.370482 1183.204640 2132.168696 478.067417 2020.115637 864.108165 851.783872 1452.411645 1258.608982 1573.406536 1487.755690 1754.460537 1309.537239 909.524850 2208.501566 1669.645190 2169.157682 1314.538749 1016.282933 1915.722936 1067.319882 1426.908860 830.563083 1438.874446 1290.540466 1663.032075 1406.970404 1311.484876 946.911609 834.724569 1618.812304 1816.906205 1022.294489 987.181740 1601.076362 713.885573 389.744472 1808.890455 859.421230 732.679712 1011.286231 1644.030587 1034.075406 2175.063367 1760.857162 928.066367 782.638226 479.345150 2140.624189 1488.450247 1497.570559 481.800139 1779.267614 1618.453804 1259.191648 1314.595803 1364.612821 1894.746960 1338.685546 0.000000 1519.151653 982.751969 1941.025592 847.713707 784.088873 577.210086 2060.739266 1793.243008 1612.085176 1562.395021 1515.096094 844.863502 1683.040187 1489.716916 1495.435390 1717.481610 1413.330794 1616.818865 1440.131110
1835.673759 1203.157647 1739.987051 2669.695437 1133.750654 2458.024167 1516.750140 2275.263685 1704.333966 2320.691950 2533.794883 1856.632942 750.848638 1654.315931 2486.562895 2936.367057 2503.413458 2793.073443 2587.917398 1968.488399 2415.392654 2749.619473 2248.580776 2621.001442 1347.411803 2923.733863 2019.397090 2002.319509 1504.759560 1005.142602 2423.409820 2223.431971 918.026121 1828.729486 1482.407270 2882.142694 912.758557 2959.481160 995.173605 1520.391880 2026.513275 2316.494496 1614.161021 1094.920620 2504.250582 1282.922405 2548.874163 1556.960659 2312.056859 684.666699 1727.723774 1177.013835 2608.473876 1569.205796 1856.170463 2270.229566 1721.051630 1597.975933 2563.259614 2067.652691 1570.116109 2058.824448 2363.345631 1360.489093 2668.864231 2249.689908 1779.662829 1259.065187 968.177896 2648.035366 1884.106764 2426.847039 1063.544917 2525.406668 2476.504304 1026.562025 1795.931284 1379.286537 2560.561074 2410.744093 1345.721380 0.000000 1727.036386 2633.142971 1212.345562 2023.166952 1701.103239 3115.572057 1954.756707 2667.273582 1972.319588 2089.979528 1713.113437 2891.271648 289.333996 1241.969009 2679.721777 2181.519225 2962.540245 1797.425570
1479.127016 1619.569809 459.760993 2294.071526 1321.993748 1533.173068 524.044609 1711.783875 374.296878 1925.648857 1669.774180 401.012162 1745.262109 761.136805 1585.443282 2271.685662 1066.063434 2344.693831 1688.312071 863.101740 1455.510145 2271.614626 1090.633614 1893.764880 979.496696 2530.332888 664.839977 1390.300087 779.380655 1151.019098 1797.181469 1395.184664 1827.519337 487.283005 982.865986 2155.988796 1368.436888 2173.345200 1017.529009 1652.892085 1201.491134 1867.457948 653.615304 1388.694658 1340.170875 600.084022 1600.718845 1271.102155 1620.180276 1408.986150 820.089693 1027.849921 1957.506450 1398.117053 166.518349 1686.567506 695.772141 1189.882539 1628.741437 810.865471 869.282253 516.086631 1740.332559 1429.358779 2299.920272 2259.822723 1426.358475 951.135757 1279.483217 2242.499848 943.436082 1896.134223 1281.938205 1877.058288 1637.067446 1975.960839 637.984122 1221.094441 2141.736414 2040.302996 800.138067 1380.960900 0.000000 2010.948068 900.464893 739.763102 562.575210 2438.960076 1803.805658 2036.019362 1430.568038 1466.966456 930.354646 2105.712948 1670.294896 1083.776914 1842.338515 1216.501992 1854.243515 1095.348540
1211.383579 1965.674486 2523.325210 1319.939321 2482.195537 796.691520 1945.272026 1094.822399 1910.316603 463.851531 1176.788229 1773.429454 2562.850110 2383.087381 983.885671 946.479869 1276.415898 863.291356 672.665740 2076.573058 876.683280 775.794285 1559.314584 680.564821 1941.829830 1390.229600 1870.524800 1411.539510 2446.751583 2627.100120 1511.124121 1413.430478 2727.312157 1872.965565 2363.330889 527.116933 2724.760030 607.872817 2516.692979 1929.060564 3003.057401 1005.037467 2642.736007 2255.314052 1414.557977 2311.497392 1170.310845 2812.964638 592.129366 2381.722616 1808.967203 2751.685736 1030.049930 2147.621671 2143.823813 1501.628985 2168.349998 1554.470892 771.869762 1703.855562 1945.590643 2125.313951 965.402905 1866.891276 1223.153100 1222.655027 1402.967092 1984.792456 1681.499380 735.043298 2690.540605 554.578361 2118.941362 537.619329 1086.093191 2838.563498 1564.759400 2630.040251 879.998706 1707.779574 1947.241649 1812.001473 2063.564216 0.000000 2321.412897 2057.362923 1733.852159 495.957281 1778.791527 965.821582 1309.817601 928.758962 1360.307630 616.504849 2101.335469 2492.722724 1222.328517 1095.751555 749.335675 2717.299116
1019.895728 1099.980512 1269.882221 2077.633800 856.885087 1647.870162 1058.824278 1519.018917 734.682730 1504.913919 2103.815929 886.981706 894.649688 1261.811526 1853.082438 2316.441682 1876.184662 2127.084515 1772.139368 1284.872441 2036.495795 2231.916858 1590.285788 2123.229706 1165.352348 2337.567929 951.546581 1258.865021 1173.851595 536.882989 1979.743529 1589.951514 1277.164553 986.169883 1398.826570 2066.364664 1068.790697 2143.703129 873.015308 845.306204 1254.266867 1515.163353 1463.736531 778.673687 1845.955594 1303.002264 1865.231961 1081.217831 1734.877370 739.087287 809.773373 794.922005 2126.040789 1135.620234 976.639577 2008.157510 1154.777783 796.825621 2186.831678 1266.502378 1140.927396 974.286554 1547.567600 854.889839 2265.616961 2281.427954 1241.825317 341.114786 1166.630081 2520.295571 1080.120679 1759.550906 933.659278 1988.267337 1997.453297 1170.363076 1448.105350 911.026924 1744.783043 1990.661839 687.284931 977.620770 810.121228 1817.364940 0.000000 1396.022304 652.693548 2299.794026 1511.090416 1813.206094 1732.345813 1274.201497 1251.944650 2090.121335 1212.035285 773.709397 1863.943746 1580.225882 1812.519777 1457.344652
1649.199346 1623.077109 949.351771 2439.841545 1519.670386 1908.831883 455.574371 1898.377075 655.971851 1663.132182 1250.238860 283.731798 2013.965507 1073.273569 1307.694666 2063.537525 1228.507724 2202.548058 1954.172882 422.999738 1470.453431 1876.789942 887.320487 1903.595731 1013.040012 2452.245013 80.019292 1448.647762 1154.821694 1370.189505 1738.792976 1191.871537 1949.380876 563.151754 366.986393 1952.675669 1251.156524 1946.041805 1507.119786 1714.460050 1691.081911 1823.935777 1143.206081 1718.704101 1142.990293 1001.683581 896.664824 1558.581610 1587.931011 1297.042980 611.979310 1441.871925 2074.640259 1591.498373 624.836553 1949.382558 685.409239 986.608362 1468.701586 563.537078 898.941457 525.917483 1653.184706 1497.053425 2217.522906 2269.653575 1524.930256 1338.265366 1162.246066 1797.058711 1279.410311 1819.452891 1301.866381 1616.394934 1713.065732 1966.408746 837.868209 1338.366018 1959.474603 2024.553927 890.759165 1456.829649 489.590777 1975.583203 1119.315818 0.000000 675.196407 2265.924101 1845.864822 2036.223126 1027.380365 1748.641429 1193.169699 2037.242710 1746.163646 1488.488765 1852.169366 1117.446642 2016.687805 1407.485304
1591.135015 1483.597371 1135.006575 1781.200164 1440.091211 1543.660958 598.703984 1800.812574 725.279080 1573.675808 1451.122381 498.974054 1781.733831 1004.590110 1200.388890 2067.501036 1243.330699 2195.846404 1921.991507 632.178893 1584.671445 2038.895064 1152.181061 1989.847346 658.575185 2276.154730 873.520038 1087.601671 1370.063949 893.247961 1709.883560 937.257966 1558.597202 778.394009 918.936724 2217.536243 1466.398780 1838.736029 853.942335 1387.196839 1731.513415 1603.614219 1044.568996 1366.857421 1407.850868 713.330380 1361.178620 1261.511918 1219.365559 1483.205947 257.514483 1085.266935 1724.786889 1451.316773 409.971654 1698.346531 622.434042 919.734417 1615.561907 828.397652 710.739090 872.975666 1592.639098 1214.583173 2156.274709 2197.724146 1303.208033 1318.932564 1015.639488 2261.572507 1387.120982 1564.839320 1018.094476 1840.099776 1865.413882 1795.485986 916.715262 1233.408118 1962.015721 1670.089100 536.294338 1541.467170 949.547101 1886.126829 1143.918198 793.500747 0.000000 2302.134610 1241.230448 1721.528518 1141.598380 1555.995154 942.133672 1894.878176 1801.298995 1130.074369 2145.737403 927.532334 2031.510780 1227.833545
1383.610828 2403.709190 2617.654587 823.982040 2650.654828 968.918769 1955.783044 1300.798054 2062.132739 1095.307730 1465.850401 1783.940472 3036.844688 2312.128913 1215.116910 450.522588 1402.919097 529.462755 787.808302 2195.089607 1142.742476 279.837004 1244.377806 722.048895 2108.342630 985.963240 1862.631713 1599.188869 2556.055708 2675.262648 1555.397285 1538.565977 2809.714536 2063.360428 2149.598815 986.650461 2751.365198 762.912177 2777.909498 1893.162007 3105.282763 1599.503705 2567.635762 2383.593447 1500.047612 2501.892254 1439.116107 2711.279364 719.351039 2508.944288 1707.281929 2811.297227 625.783570 1695.492777 2306.088944 1228.077067 2054.132623 1711.928088 996.865232 1580.950174 2010.140406 1797.356009 1092.624577 2217.878320 818.886740 878.446381 1530.188764 2481.649602 2306.555283 330.776938 2694.659785 991.901613 2310.115623 762.614800 1055.276366 3069.765620 1225.451795 2683.175563 384.041425 1285.139665 1986.061783 2515.884172 2157.893593 821.994510 2515.086418 1782.612422 2171.175410 0.000000 1613.915586 933.979767 1505.417761 1055.980634 1488.587025 120.547567 2805.218168 2912.089055 999.451419 1320.747026 1219.206393 2646.340649
1193.402935 1736.722936 2363.014691 1196.958874 2605.603639 1025.491751 2171.255347 696.432536 2027.750321 1197.961275 1504.956380 1999.412774 2607.331355 2495.800878 1653.454284 1408.914643 1719.519948 1633.910534 1136.210719 2012.648522 1650.562851 1540.669220 1459.850108 1816.277061 1737.872733 1350.509067 1930.444504 1468.104840 2392.591159 1949.705500 468.653112 1694.040325 2155.179978 2181.069340 2217.411605 1617.579204 2423.021207 1836.750484 2067.914765 1167.604859 3001.962989 595.397120 2556.869001 1515.540810 1715.519914 2503.337720 1193.208046 2501.523557 1084.969195 2083.865576 1821.772432 2523.210837 1475.138341 1265.979444 2069.772047 869.111725 2103.767076 1615.973617 1528.074774 1880.712012 1950.080910 1865.012956 699.412961 1457.250930 915.044262 1285.034809 1245.448160 1536.014243 1804.907482 1683.380267 2846.689780 1412.071806 1709.301015 1293.824341 1027.588665 2486.692525 1525.213633 2270.211875 1769.153136 942.850580 1389.881503 2086.370839 1903.253698 1450.161123 1872.634683 1850.425212 1967.091589 1662.038004 0.000000 1178.718521 1442.927942 872.290038 1530.730434 1571.834876 1983.458698 2186.531907 1159.152631 1495.109785 2035.963953 2830.012613
1116.043431 1833.425699 2169.465440 878.171568 2680.236340 701.351372 1981.851679 661.624881 1657.710131 331.602744 1163.574086 1810.009107 2344.947144 2470.841252 1125.935544 826.966221 1399.690572 770.596851 780.506955 1995.378695 936.073618 798.360249 1485.627622 897.382938 1878.262450 1138.281921 1904.534010 1249.835187 2403.335987 2267.342426 1313.042013 1342.851294 2747.182947 2089.429062 2137.549868 596.416391 2777.433833 936.813233 2510.342101 1485.241785 2835.682191 1131.184240 2363.319750 2142.822118 1192.425968 2309.788469 954.600690 2185.961690 369.997357 2159.590607 1713.627056 2737.554368 484.252074 1901.885967 1876.222796 1049.428043 2114.080605 1634.028063 1000.360330 1686.668558 1772.836381 1644.636287 743.270896 1852.350749 1123.102708 1083.005160 1180.835083 2175.258438 1879.540183 1063.983714 2653.140528 613.968700 1881.995171 866.559745 696.350369 2620.660531 1538.868582 2604.281795 590.434615 1194.864068 1400.195033 2140.941889 1709.704447 328.940416 2247.908740 1824.514719 1793.242497 824.897697 1279.985118 0.000000 1156.064080 706.626952 1279.113267 945.445265 2430.275885 2504.168833 665.520952 1424.691972 1048.666108 2562.088511
904.989432 1894.363825 1494.541359 1899.042799 2095.053372 975.447294 1066.548852 1243.201413 1275.626347 887.530225 764.976798 894.706279 2218.866138 1684.248050 514.243306 1473.964567 557.185116 1175.167693 1235.845924 903.199808 443.073066 1591.759238 355.143613 974.468405 1060.179348 1870.814226 1144.540953 1275.856215 1765.796175 1535.399739 1682.737597 251.112383 2336.572467 1174.126235 1189.957639 1106.151283 1862.131005 1152.590445 2036.634250 1488.342943 2235.912289 1400.257057 1756.923783 1710.917197 610.813419 1612.658062 854.477865 2087.217796 1062.454503 1884.613667 1171.002448 2000.133406 1471.143973 1545.540031 1138.801833 1329.892331 1247.957090 1042.432740 590.940026 1008.129060 655.844725 1134.721146 1203.749054 1264.809637 1703.737727 1684.107471 1311.914604 1585.176579 1294.357215 1215.627924 1978.216448 878.693737 1419.502196 721.909249 1295.757326 2196.893706 943.572320 1909.543674 1275.870138 1961.302306 973.426645 2067.804130 1442.377137 998.510988 1538.812639 1064.521662 1182.691915 1494.468269 1655.388376 1369.283101 0.000000 998.383994 815.910775 1463.781119 2178.058543 1772.226146 1506.742141 474.564476 1345.365196 2018.459785
809.416146 1382.322432 1936.967834 920.416379 2533.056757 454.541523 1900.276753 244.817420 1576.135205 771.914417 1078.909522 1728.434181 2678.093513 2185.843894 1227.407426 1162.329087 1293.473091 1347.890905 497.937870 1917.182293 1206.069161 1294.083664 1213.415322 1150.106616 1867.877908 1063.366432 1702.314983 1289.864978 2256.587495 2246.062218 947.928758 1267.993467 2610.545172 1964.489845 1968.736696 1173.710444 2592.360609 1111.414656 2203.714816 1463.961577 2589.639108 888.270482 2130.822144 1691.718851 1363.977342 2077.290862 767.161189 2470.814641 541.548731 2045.963822 1466.817206 2505.056762 985.369804 1767.492134 1643.725189 928.289348 1912.413363 1305.668792 960.947158 1454.665154 1566.094121 1671.070989 273.366103 1624.703711 1013.135892 1007.226457 1067.208298 1705.353645 1732.360600 1403.249504 2420.642922 883.964243 1780.592826 867.777484 848.517659 2557.984335 1099.166776 2272.691740 1167.728669 1306.071274 1432.654020 1954.171051 1477.206840 906.234470 2041.974085 1656.327402 1670.710220 1248.585876 928.786548 577.294054 1016.881084 0.000000 1241.629608 1369.133443 2243.505048 2482.888626 589.742249 1343.804428 1331.871018 2520.055629
764.765501 1565.235959 1646.407064 1363.716880 2006.791199 1167.650912 1090.574998 957.926809 1088.691968 1249.783693 1369.513505 980.787092 2044.555801 1604.123648 1138.972111 1369.865951 1229.860395 1506.097669 1211.047260 716.265428 1312.544488 1341.259979 1224.615036 1843.939828 989.617636 1776.475822 777.074585 459.945441 1710.647767 1464.838027 866.826823 1120.583805 2266.010755 1260.207047 1003.023259 1702.081106 1948.211818 1739.547091 1619.086881 1465.235484 2048.977910 1225.429824 1833.060454 895.006423 1255.733435 1578.287657 1171.767399 2016.656084 1254.658121 1463.331188 1100.440736 1944.828117 1027.151804 1393.777702 1189.751674 756.212859 1177.395378 758.596969 1343.434950 1228.273726 585.283013 1222.972776 986.475493 1241.702178 1475.696836 1573.753909 496.003829 1251.481323 1223.795503 1629.638692 1976.465604 1182.850921 1249.770083 1387.429182 1554.874805 2027.161592 1107.115370 1838.981962 1453.884973 1375.229926 902.864933 1760.984047 1186.646071 1434.605132 1149.906112 697.055293 864.957277 1604.499525 1186.201024 1105.664716 869.471422 713.109390 0.000000 1539.447416 1709.526075 1701.664434 1302.851638 655.405376 1846.133345 1938.335383
1263.063261 2594.295857 2634.690747 1039.772638 2793.443297 848.371201 2140.913348 1456.790845 2328.411482 1305.800058 1515.774190 1969.070775 3246.133564 2758.612546 1395.622047 355.547318 1545.707566 1066.780984 893.296292 2108.338715 1564.685640 422.625473 1853.048485 601.501328 2261.707587 1309.453971 1765.358268 1683.694656 2829.514924 2579.690334 1654.016037 1877.607948 3164.286051 2248.490731 2052.325370 866.102894 2936.495501 987.891085 2657.361931 2035.950476 3357.221906 1758.330886 2828.545058 2739.895555 1716.644250 2687.022557 1404.461467 2864.644320 935.378410 2439.793500 1860.646885 3072.775535 949.274301 2058.496531 2310.175529 1361.939887 2306.243042 1692.827258 1270.046834 1832.889317 2019.741235 2211.256459 1267.924121 2206.736325 1142.377471 1078.992421 1461.037976 2489.300791 2186.007715 654.267669 2964.749288 1242.580722 2189.568055 1268.050096 1242.347338 2966.959565 1834.122474 2836.540519 747.045179 1383.758417 2132.435227 2878.887926 2174.929754 1184.998264 2555.481624 1685.338977 2360.535384 608.670679 1532.499437 1296.983521 1720.334036 1211.973425 1844.889132 0.000000 2828.453062 2816.516741 978.032796 1826.182322 1124.101734 3092.824281
1971.160827 1291.360340 1792.879539 3028.898899 844.416657 2599.135261 1739.141518 2363.466378 1414.999969 2455.865968 2633.404776 1567.298946 986.229639 1678.682028 2574.765588 3156.387636 2617.707397 2873.352300 2428.277457 2026.242124 2296.474656 3142.576109 2248.688659 2827.869995 1731.316170 3246.551513 1879.434641 2100.519056 1332.401231 1488.148089 2632.576592 2311.634664 944.262971 1702.360057 2005.634351 3007.993144 1328.095300 3094.655178 1413.630958 1707.143061 1840.877775 2126.489938 1999.671513 1194.530513 2504.358465 1796.707660 2696.080173 1627.098322 2400.259552 772.869392 1525.963546 1265.883371 2828.467934 1657.408489 1566.836466 2557.528990 1431.717633 1712.934557 2528.148622 2150.368709 1658.318802 1925.551653 2456.551184 1533.741619 3039.883567 2825.377223 1877.862376 1057.304960 1543.865211 3223.722682 1594.772767 2515.049732 1151.747610 2782.431530 2187.170308 926.858880 1884.133977 1260.701569 2696.048143 2498.946785 1403.475105 824.355968 1761.386327 2768.316989 951.265099 1799.415349 1603.278301 3178.925462 2462.355516 2760.479135 2060.522281 2183.185081 1801.316130 3006.230271 0.000000 1123.384042 2582.301810 2269.721918 2763.784877 1807.324289
2153.925350 1533.869665 963.611941 2691.097110 554.833109 2253.994516 1279.950172 2025.844324 1432.895488 2487.507983 2074.614662 1108.107600 661.485196 555.297986 2132.070467 2887.913327 2052.883525 2953.618267 2091.033387 1247.375539 2294.829232 2701.165743 1711.696289 2727.971533 1143.382151 2844.647303 904.395093 1704.311459 503.133633 910.117860 1962.791349 1947.474727 743.742424 933.910727 1191.362194 2777.051470 589.466505 2770.417606 539.569635 1245.209720 1187.620116 2089.535356 876.287471 1204.118069 1967.366095 967.440061 1721.040625 1065.278949 2341.001724 1245.618790 1128.060866 510.457430 2578.465321 1302.406807 1135.301908 2363.249961 1509.785040 1481.902930 2267.637206 1387.912879 1581.285473 1350.293284 2193.551197 1021.676413 2409.182498 2725.269269 1775.168014 797.409182 1443.757257 2621.434512 937.828858 2419.017688 1426.331833 2440.770735 2366.581187 937.198583 1662.244010 137.317528 2558.209864 2436.988816 1143.579327 723.127838 1150.939947 2799.959004 1134.029622 824.375801 1499.572209 2841.681393 1494.138236 2672.856757 1851.756167 2284.752170 1699.063240 2775.198644 978.870793 0.000000 2653.290867 1941.822443 2760.398191 683.940247
1074.786653 1995.253621 2354.677450 587.672179 2562.109966 660.094593 1910.225494 964.836199 1586.083945 1166.867332 1768.208301 1738.382921 2599.874567 2240.396834 1617.663370 574.085827 1811.372789 965.578959 575.852424 1816.096604 1469.914889 705.840404 1632.593742 1147.497528 1649.578547 888.217459 1876.905760 938.636700 2442.936432 2208.236185 994.025896 1505.300056 2688.076706 2017.802877 2102.854435 1412.099094 2705.807647 1199.028381 2469.085323 1426.135544 2764.056005 1024.211231 2518.772529 1994.837598 1443.404244 2418.048637 1216.184859 2676.367712 620.975633 2251.516892 1672.370277 2219.696930 486.633094 1880.443611 2114.689911 383.907092 1807.372509 1306.248766 1556.665548 1775.925523 1685.114189 2132.395706 994.249172 1752.337441 457.581757 417.484208 1272.761368 2046.339664 1838.732253 815.829667 2622.927706 1428.017817 2095.007691 1437.702236 634.312558 2872.399201 1789.846858 2536.337606 913.366263 780.102299 1944.158619 2567.102240 2198.089909 961.128664 1705.224879 1796.886469 1704.718256 827.209187 614.464167 1089.513182 1407.042356 957.605229 1099.831175 929.748082 2441.874569 2431.002137 0.000000 1510.018885 1352.056584 2574.608569
822.553374 2011.356500 1427.573654 1820.837456 1944.742294 1149.506153 1237.446770 1321.676563 981.849963 1101.596271 714.108129 1108.772325 2006.403763 1527.287057 728.309353 1406.453959 574.455018 1389.233739 1449.911970 1117.265854 657.139112 1377.847987 569.209659 1188.534451 1177.521190 2084.880273 1106.187762 1407.267962 1747.193316 1645.877013 1447.221693 465.178429 2276.463472 1388.192281 1379.711230 1320.217329 2076.197051 1366.656492 1979.239736 1696.260121 2132.436596 1317.820999 1621.427964 1437.577620 600.328059 1567.896683 605.093541 1954.835413 1236.513361 1914.749004 950.837978 1995.662582 1063.739811 1496.722147 1134.331010 1543.958377 1297.688673 1256.498786 688.029573 608.104006 869.910771 1040.912058 823.427363 1478.875683 1828.046873 1518.696211 1239.855967 1447.339213 1144.046137 1429.693970 1909.817929 1092.759783 1633.568242 935.975295 1421.494449 1749.018594 469.007844 1926.731612 1489.936184 1936.999750 1187.492691 2234.790664 967.812661 1212.577034 1479.467531 1026.168471 1170.128295 1641.087533 1639.494927 1302.732923 214.066046 1076.859143 947.322522 1576.035423 2165.949602 1882.703420 1524.012043 0.000000 1362.635099 1861.498793
1465.119475 2338.860216 2558.463857 1429.650723 2748.827449 1050.427416 2130.527831 1718.881639 1806.386283 837.037261 795.689896 1958.685259 3082.287257 2676.799705 1016.686663 1308.674952 1277.377259 663.428183 1538.413326 1997.203477 1082.400322 1347.613872 1746.870757 1007.033987 2431.127238 1591.856105 2238.544622 1865.873129 2479.552575 2887.912576 2061.095196 1453.720917 3311.132623 2238.105215 2283.961308 948.568668 2897.281174 855.922670 2811.745276 2613.533271 2984.358343 1870.785053 2835.077382 2648.256635 1453.669103 2676.637041 1543.496574 2930.951581 1137.434624 2641.849715 2062.703100 2747.514304 1368.429162 2329.644773 2082.181249 1952.940038 2195.888945 2072.948948 1127.147671 1645.910231 2191.760873 2116.848514 1463.284595 2408.792540 1351.154573 1009.645194 1663.094191 2488.679798 2388.063930 1379.960538 3042.138946 1125.867041 2701.598526 1345.963367 1444.403553 3286.206047 1636.191402 2291.225645 1018.193422 2278.417549 2232.227472 2677.749059 2505.000114 865.747586 2757.208287 2158.525331 1994.664615 1067.776867 2380.469397 1539.175574 1535.916148 1474.064220 1808.210611 1188.324435 2967.083055 2567.390200 1839.535054 1537.187453 0.000000 2902.575571
2268.837506 1722.952233 939.256488 2786.932058 1106.159222 2260.121641 1355.903340 2634.475837 1399.106652 2579.407702 2195.709481 1327.273154 1573.440188 659.633920 2206.120783 2959.228512 2249.062592 2313.981743 2713.121846 1497.982993 2033.064655 2908.314221 1941.115973 2564.459994 1664.307079 3242.409665 1155.002547 1754.382797 604.832968 948.989394 2625.132628 1942.989860 1701.810457 1035.610062 1362.968864 2744.583143 1112.556942 2547.431165 1079.995591 1897.015183 503.679869 2519.867180 826.329693 1626.122406 2196.785779 888.198274 2105.775548 381.338702 2225.097453 1204.461285 1263.246377 924.155940 2730.518782 1964.748087 1092.779342 2646.852868 1585.738208 1925.466311 2264.738621 1772.647802 1644.754874 1584.726929 2598.370991 1684.017693 3045.487534 2626.313210 1908.918525 1590.056564 1344.801198 2959.254154 256.622922 2473.688732 1583.339503 2501.537922 2654.097777 1294.266189 1488.466481 799.658807 2659.909200 2675.820994 1542.026231 1536.913778 1255.275881 2588.502577 1248.941778 1209.110724 1005.731894 2628.477217 2156.479516 2727.260412 2102.363621 2417.695018 1915.577273 2749.024784 1711.197197 1075.823362 2910.978813 1933.264227 3003.725381 0.000000
DEMAND_SECTION
1  0
2  6
3  3
4  4
5  7
6  2
7  4
8  5
9  9
10  7
11  9
12  7
13  10
14  9
15  1
16  10
17  5
18  7
19  4
20  3
21  2
22  10
23  7
24  10
25  2
26  2
27  6
28  2
29  1
30  2
31  7
32  3
33  9
34  5
35  1
36  5
37  4
38  3
39  8
40  9
41  9
42  9
43  10
44  7
45  7
46  8
47  4
48  5
49  3
50  1
51  9
52  6
53  5
54  1
55  5
56  1
57  5
58  1
59  1
60  1
61  5
62  2
63  3
64  3
65  1
66  2
67  9
68  2
69  10
70  2
71  6
72  10
73  9
74  7
75  1
76  5
77  1
78  9
79  10
80  7
81  7
82  3
83  1
84  5
85  9
86  6
87  7
88  9
89  10
90  1
91  3
92  10
93  5
94  3
95  6
96  6
97  4
98  4
99  7
100  7
DEPOT_SECTION
1
-1
EOF
